date,previous_date,portfolio_value,historical_var_return_100,historical_var_dollar_100,bootstrap_ci_lower_return_100,bootstrap_ci_upper_return_100,bootstrap_ci_lower_dollar_100,bootstrap_ci_upper_dollar_100,bootstrap_std_return_100,bootstrap_std_dollar_100,ci_width_return_100,ci_width_dollar_100
2022-09-01,2022-08-31,10000000.0,0.07139069197561183,713906.9197561183,0.055619762822040696,0.07978074264298464,556197.628220407,797807.4264298464,0.006373024803058841,63730.24803058842,0.024160979820943944,241609.7982094395
2022-09-02,2022-09-01,9910863.084908051,0.07133636304582361,707004.9271224521,0.055142740342565826,0.09174620339684153,546512.1496618056,909284.0604262224,0.006868548338868922,68073.24217860252,0.036603463054275705,362771.9107644168
2022-09-06,2022-09-02,9765568.814044613,0.07105203561012607,693863.5431286346,0.05474735462340376,0.07896884470316869,534639.0589617529,771175.6871143962,0.006402264034342294,62521.74999305256,0.02422149007976493,236536.62815264333
2022-09-07,2022-09-06,9545855.815239774,0.07153401911717677,682853.4323771751,0.05542819587812382,0.07887130434554909,529109.5659514376,752894.0992425059,0.006148582792960226,58693.48480966259,0.02344310846742527,223784.53329106828
2022-09-08,2022-09-07,9866089.355528995,0.07197083927021466,710070.7312323531,0.05535168368838921,0.0786993793499279,546104.6572486247,776455.1088910621,0.00636421752444457,62789.93877419367,0.023347695661538694,230350.45164243737
2022-09-09,2022-09-08,10073299.088432483,0.07177139546905346,722974.7325539435,0.05532465181555355,0.07923896185806345,557301.7647014601,798197.7622531669,0.006370352163182602,64170.46263838121,0.0239143100425099,240895.99755170674
2022-09-12,2022-09-09,10561095.858705463,0.0717930418892424,758213.1973803458,0.05574652167253929,0.08002888020159439,588744.359173089,845192.6752738941,0.006441856460051609,68033.06358262608,0.024282358529055102,256448.31610080507
2022-09-13,2022-09-12,10936069.526943505,0.07272898688739454,795369.2572247091,0.05548531520786183,0.08144401407252036,606791.2648375528,890677.4004504479,0.00635584899424897,69508.00650386068,0.025958698864658528,283886.13561289513
2022-09-14,2022-09-13,10219278.640886892,0.07214715673296919,737291.8978019509,0.05825052517712726,0.08078335593953821,595278.3477630607,825547.6238920861,0.006176183714180572,63116.14231251899,0.02253283076241095,230269.27612902538
2022-09-15,2022-09-14,10285957.397098104,0.07233502550569652,744034.9906695992,0.058066524278784136,0.08123096567155759,597269.7949291363,835538.2522227799,0.006164677439623502,63409.60951081916,0.023164441392773454,238268.45729364362
2022-09-16,2022-09-15,10403226.93156138,0.07252157830624281,754458.4365548427,0.058658157932870554,0.08226635974665425,610234.1283630198,855835.6092779106,0.006536143484444775,67996.98392592533,0.023608201813783695,245601.48091489077
2022-09-19,2022-09-16,10069695.93734168,0.07177299377622563,722732.223839309,0.061743365936443494,0.0811175957993984,621736.9211280057,816829.5248681266,0.0062846323671233145,63284.33701490767,0.019374229862954902,195092.6037401209
2022-09-20,2022-09-19,10272395.238878025,0.07163721127886008,735885.7480674614,0.05505285949658211,0.08059072535770914,565524.731779311,827859.7834622579,0.006556803592418994,67354.0780050232,0.02553786586112703,262335.05168294697
2022-09-21,2022-09-20,9802091.920171957,0.07121846416800784,698089.9321882857,0.05470825991026104,0.07971212713586928,536255.3924330372,781345.5973382242,0.006465052661023562,63371.04045210527,0.02500386722560824,245090.204905187
2022-09-22,2022-09-21,9612777.29183756,0.07117579908707586,684197.1051926353,0.054475619150267884,0.07919403646748871,523661.99472648645,761274.6354036311,0.006831483802710682,65669.53236825335,0.024718417317220825,237612.6406771447
2022-09-23,2022-09-22,9088915.013723046,0.07064230393409185,642061.896830554,0.05449791656168911,0.07765870363566746,495326.93205416197,705833.3574204864,0.006161293454642015,55999.47258384934,0.023160787073978346,210506.42536632443
2022-09-26,2022-09-23,8902873.753148405,0.07034058290770412,626233.3293501583,0.05457590548026784,0.07754911627181474,485882.3964545847,690409.9918361934,0.006073020212738061,54067.332254325425,0.0229732107915469,204527.59538160864
2022-09-27,2022-09-26,8615478.021966236,0.07010802350712307,604014.1356891111,0.054447628249932226,0.07734800559327071,469092.34453547903,666390.0422317452,0.0059663181885913075,51402.68322586581,0.022900377343338482,197297.69769626617
2022-09-28,2022-09-27,8845779.858522119,0.06998743503626426,619093.4431934116,0.05418304143347017,0.07784084930181079,479291.25658565987,688563.0169242134,0.006585106119091004,58250.39907448596,0.023657807868340618,209271.76033855352
2022-09-29,2022-09-28,9183085.897106625,0.06791648075003054,623682.8765567191,0.054044178537840284,0.07661954974120024,496292.33375155367,703603.9066710755,0.0059849404333689685,54960.22208869379,0.02257537120335995,207311.57291952183
2022-09-30,2022-09-29,8628969.85637097,0.0667566794850353,576041.374987788,0.05388589393471027,0.07524243657182368,464979.75444621826,649264.7170981712,0.005999542350648184,51769.870095764214,0.02135654263711341,184284.96265195298
2022-10-03,2022-09-30,8418017.28615826,0.06606146150659976,556106.5249114353,0.05253577051063632,0.07455064522263488,442247.0243001799,627568.6201783922,0.005670744143608934,47736.42222628072,0.02201487471199856,185321.59587821225
2022-10-04,2022-10-03,8693006.964426368,0.06629649763387334,576315.9156483372,0.05267810062455457,0.07458148879297478,457931.09560200595,648337.401494617,0.005759874772320609,50070.6315100068,0.02190338816842021,190406.30589261104
2022-10-05,2022-10-04,9201864.703786252,0.06139459042000295,564944.7145892387,0.04986356541005013,0.06990518526402247,458837.7825516774,643258.0568926472,0.005214711602025303,47985.0706311013,0.020041619853972334,184420.2743409698
2022-10-06,2022-10-05,8976931.371761924,0.060908900298926316,546775.0179129508,0.04912381921837797,0.06975199602958065,440981.15384221845,626158.8814009557,0.005214944553677979,46814.199365910834,0.020628176811202686,185177.72755873727
2022-10-07,2022-10-06,8833166.651424365,0.06070846040449879,536247.9479043352,0.05190620810960989,0.06944155078493516,458496.18647569907,613388.7906166808,0.005345734561336086,47219.76425456057,0.01753534267532527,154892.60414098168
2022-10-10,2022-10-07,8608165.781962337,0.060080839633564774,517185.8278852189,0.0513549452353013,0.06938798017379269,442071.8823090704,597303.2366115233,0.0052763997672640285,45420.12392851625,0.018033034938491392,155231.35430245294
2022-10-11,2022-10-10,8305283.356284683,0.06010180153738435,499162.4919911634,0.04854943541359995,0.06837717646147398,403216.8178975898,567891.8256152206,0.005364264100739759,44551.73335458934,0.019827741047874034,164675.00771763077
2022-10-12,2022-10-11,8220955.169655784,0.057527757415165005,472933.1147209046,0.0458446936366625,0.0659924682682479,376887.1711536062,542521.1231681978,0.005228500405677242,42983.26743959969,0.020147774631585395,165633.9520145916
2022-10-13,2022-10-12,8266355.698303169,0.0579563974199896,479088.1960658541,0.046118023041820354,0.06644118350753687,381227.9825662285,549226.455889534,0.005167132721032008,42713.357012391694,0.02032316046571652,167998.4733233055
2022-10-14,2022-10-13,8229014.32980892,0.05749183830068607,473101.16122340295,0.04619108936757736,0.06627211837626092,380107.13631527853,545354.2117850442,0.005349405617686913,44020.33548390594,0.020081029008683554,165247.07546976564
2022-10-17,2022-10-14,7865238.579174562,0.05660954507096809,445247.5778416994,0.045406013866681624,0.06591734135760124,357129.13199075946,518455.61628242425,0.0054485065652392795,42853.804035805864,0.02051132749091962,161326.4842916648
2022-10-18,2022-10-17,8309529.572625647,0.05619469939076205,466951.5164123457,0.0451202904135571,0.06645148994980092,374928.3875169102,552180.6208829067,0.004882338780047208,40569.9384763793,0.021331199536243822,177252.2333659965
2022-10-19,2022-10-18,8475385.571800193,0.05635769893160373,477653.22838477336,0.04538146763412132,0.06674627420040077,384625.4360133493,565700.4093294962,0.00493323824690887,41811.096260104314,0.021364806566279454,181074.97331614693
2022-10-20,2022-10-19,8047921.131607957,0.05465818199079563,439884.73785899766,0.0455107587369211,0.06585491113082904,366266.9969543788,529995.1309099632,0.004684208195627987,37698.138122445656,0.020344152393907945,163728.13395558437
2022-10-21,2022-10-20,8038114.597897899,0.05451153505877885,438169.9657097934,0.045387629947026206,0.06583290427798844,364830.9708411792,529172.4288989139,0.004833821909469954,38854.814454149135,0.02044527433096223,164341.4580577347
2022-10-24,2022-10-21,8176419.805981873,0.05416904096664301,442908.81943070336,0.04555469263099899,0.06596634535094702,372474.2910835166,539368.5326557234,0.0046521758145392405,38038.1424709085,0.020411652719948027,166894.24157220678
2022-10-25,2022-10-24,8124296.558224041,0.05345715361209446,434301.7691031929,0.04519903315528872,0.06553155277297346,367210.3494985665,532397.7686485454,0.005005717378255458,40667.93246760309,0.020332519617684737,165187.4191499789
2022-10-26,2022-10-25,8585772.031449905,0.05449622779791296,467892.18844684394,0.04536954443761469,0.06596190347720034,389532.5657120958,566333.8660157449,0.004772678055827147,40977.12576683543,0.020592359039585645,176801.30030364904
2022-10-27,2022-10-26,8481233.015316255,0.05451660565519515,462368.035765818,0.04543631310264324,0.0660396147936674,385355.9587803844,560097.3613068198,0.00477132147891108,40466.68925362824,0.020603301691024166,174741.40252643544
2022-10-28,2022-10-27,8434569.515798034,0.0542962351513333,457965.3698300375,0.04546611136549523,0.06605665160426209,383487.0769252846,557159.4199370004,0.004825149948268586,40698.062662820674,0.020590540238766865,173672.3430117158
2022-10-31,2022-10-28,8727216.804063976,0.05404406174463442,471654.2438176446,0.04549905712335292,0.0659022186877334,397080.13589599234,575142.9503566859,0.004864104102126405,42450.091056794074,0.020403161564380476,178062.81446069357
2022-11-01,2022-10-31,8774433.100745654,0.05381434054222106,472190.3309484633,0.04602182692100351,0.06607614462448219,403815.44149244064,579780.7105627136,0.004635205478249289,40671.30037710815,0.02005431770347868,175965.26907027292
2022-11-02,2022-11-01,8922225.658638278,0.05455962997365466,486793.3304767517,0.04477658949628077,0.06766859145042137,399506.8357100295,603754.4429228604,0.005074599206760775,45276.71924986644,0.022892001954140595,204247.60721283086
2022-11-03,2022-11-02,8435588.836819543,0.05434196035456699,458406.43413787545,0.04614934700216561,0.06577481591299263,389296.9163979796,554849.302859501,0.004326632799393725,36497.69534358299,0.019625468910827018,165552.38646152138
2022-11-04,2022-11-03,8445473.101478592,0.05445502863337809,459898.4795634411,0.04472771572867671,0.05978900107327293,377746.72007712006,504946.4003286012,0.0035756996840224497,30198.4755003771,0.01506128534459622,127199.68025148113
2022-11-07,2022-11-04,7906678.758059866,0.05221219391596071,412825.0445470291,0.04520033734312867,0.058143336314661585,357384.5471280556,459720.6821618656,0.003195790499356711,25268.088856473238,0.012942998971532914,102336.13503380999
2022-11-08,2022-11-07,8011890.26207373,0.05239841525176446,419810.3529037073,0.04513916476780297,0.05772580967573431,361650.0346413022,462492.85241133726,0.003453865661189907,27671.992657398263,0.012586644907931342,100842.81777003506
2022-11-09,2022-11-08,8043952.324439615,0.050046272272671354,402569.8281772926,0.04485473009809118,0.05507255423849544,360809.31043465214,443001.0006795722,0.0030964199804268218,24907.4546989956,0.010217824140404258,82191.69024492003
2022-11-10,2022-11-09,7640113.384689374,0.05002868917896759,382224.85781469475,0.044804806192546634,0.054477781543225044,342313.7994900889,416216.4279365774,0.0027316615105101084,20870.203668889073,0.00967297535067841,73902.62844648852
2022-11-11,2022-11-10,8522095.78712951,0.052024210065815125,443355.30143062375,0.04582467026665682,0.05684029073322054,390522.229426075,484398.40219679533,0.0027079355966715033,23077.286540212255,0.011015620466563722,93876.17277072032
2022-11-14,2022-11-11,9044516.296930967,0.05353503155580083,484198.4653631542,0.04653534500188022,0.05821047440755157,420889.68625281064,526485.5844311832,0.0027631897192064276,24991.714446874637,0.01167512940567135,105595.89817837253
2022-11-15,2022-11-14,8768759.117851237,0.05328013881350001,467200.70302125777,0.04645634057309029,0.05782374525569142,407364.45998228784,507042.4934391514,0.0024748235525486233,21701.13159148373,0.011367404682601133,99678.03345686354
2022-11-16,2022-11-15,9078945.653473025,0.05327179986012361,483651.7757927542,0.046437422986086434,0.05783336950553364,421602.83957801777,525066.018697964,0.002540492839270075,23064.996420770392,0.011395946519447205,103463.17911994626
2022-11-17,2022-11-16,8642136.21533389,0.051368449213166065,443933.1352706421,0.04700753095834162,0.056895812364409167,406245.48568851314,491701.3605353022,0.0023708399016788,20489.121375056995,0.009888281406067546,85455.87484678905
2022-11-18,2022-11-17,8795362.682145962,0.05112884023429092,449696.6933780854,0.04497068532766285,0.05528971301109401,395533.4875214548,486293.07852433634,0.0027396730426713324,24096.41804079272,0.01031902768343116,90759.59100288153
2022-11-21,2022-11-18,8744073.175252141,0.05092308898675556,445275.21641006705,0.04458259360784202,0.05486169760807081,389833.46084949904,479714.69840352656,0.0026280286274441554,22979.674625029143,0.010279104000228786,89881.23755402752
2022-11-22,2022-11-21,8502188.19172071,0.05120774130130752,435377.8534166657,0.043766821758776546,0.054714714434303445,372113.755146615,465194.7989767054,0.002732343796009602,23230.901158154174,0.010947892675526899,93081.04383009044
2022-11-23,2022-11-22,8795456.055794125,0.05102391413339321,448778.5945548728,0.04320352987378416,0.053945731832469535,379994.7484600573,474477.3137301401,0.0029377684395636297,25839.013212280785,0.010742201958685374,94482.56527008279
2022-11-25,2022-11-23,8953961.63792393,0.05055597203373243,452676.2341579952,0.043941480764912784,0.05419530220444087,393450.3330826013,485262.6568942577,0.002723312754875443,24384.43793522365,0.010253821439528084,91812.32381165639
2022-11-28,2022-11-25,8936060.066386767,0.05027725966345103,449280.6123259229,0.0436583868777887,0.05376658768112422,390133.96754147165,480461.45708317676,0.0026473948261121014,23657.27918557929,0.010108200803335514,90327.48954170512
2022-11-29,2022-11-28,8727896.347131198,0.050336069609829844,439327.99807657563,0.04365243331711327,0.05398867898822908,380993.91329182114,471207.59412780346,0.0026376709223525385,23021.3184081349,0.01033624567111581,90213.68083598232
2022-11-30,2022-11-29,8735395.091992255,0.05032351867567332,439595.81805125735,0.043489802700924785,0.05374535808815773,379900.6090653699,469486.9372606593,0.0028279301229828997,24703.086916801876,0.010255555387232947,89586.32819528942
2022-12-01,2022-11-30,9101754.3875616,0.051001591420219025,464203.9584816026,0.044115019850159164,0.05518440686993416,401524.07547855325,502274.91735340777,0.0026192114227852918,23839.41905928749,0.011069387019774994,100750.84187485452
2022-12-02,2022-12-01,9254402.47009653,0.051576590321390184,477310.5248694301,0.04440602457087408,0.056799266716386555,410951.2234758643,525643.2741997994,0.0027600768010468185,25542.861565263807,0.012393242145512476,114692.05072393513
2022-12-05,2022-12-02,9349180.623296767,0.05166331235899629,483009.6388420565,0.044591106594480304,0.056762646277089594,416890.309744476,530684.2327008144,0.002686772724114777,25119.123491496142,0.01217153968260929,113793.92295633839
2022-12-06,2022-12-05,8885305.624578955,0.05164594217721678,458889.9805139037,0.04476175063786037,0.05599805627944399,397721.8347085814,497559.84442523256,0.0025525819395917256,22680.470665053017,0.011236305641583622,99838.00971665117
2022-12-07,2022-12-06,8599795.142574808,0.0513732907741631,441799.776457731,0.04438591347852025,0.055544737197748904,381709.76313132414,477673.3611487953,0.002567353013212073,22078.709972295983,0.011158823719228654,95963.59801747114
2022-12-08,2022-12-07,8435382.894525763,0.05134306715716846,433098.4304500663,0.04424910709546287,0.054372000082627076,373258.16109110607,458648.6394381458,0.002804581790872608,23657.721265025226,0.010122892987164206,85390.47834703972
2022-12-09,2022-12-08,8639528.81302812,0.051366483907349075,443782.21774148755,0.04458344443784812,0.054866200529200784,385179.9528048271,474018.1203334088,0.0026127082638026963,22572.568325160068,0.010282756091352666,88838.16752858175
2022-12-12,2022-12-09,8513009.572852641,0.051506165843624545,438472.4828877115,0.04464853474548485,0.05540818571228668,380093.4037021563,471690.41538309347,0.0027126704924768227,23092.98987045008,0.010759650966801829,91597.01168093714
2022-12-13,2022-12-12,8448102.889969693,0.051365023770115224,433937.0057556724,0.044539971636178184,0.055323339661425455,376278.2630987651,467377.2656764634,0.0025996695739428904,21962.276040593213,0.010783368025247271,91099.00257769827
2022-12-14,2022-12-13,8370319.7116756085,0.0519212048932184,434597.08477165404,0.04489178385854879,0.056424279835239954,375758.58332349185,472289.26172200957,0.0028248372477798194,23644.790897366896,0.011532495976691162,96530.67839851772
2022-12-15,2022-12-14,8383152.4693261115,0.05190746925346313,435148.22904863866,0.04496568845027122,0.05699799455932971,376954.2221668398,477822.87883668113,0.0026848937159128523,22507.873384432987,0.012032306109058491,100868.65666984132
2022-12-16,2022-12-15,8112937.788582365,0.05141674339573399,417140.840461093,0.045636241049009235,0.056587237943466866,370243.9845353607,459088.7410630542,0.002882166687362595,23382.839030897252,0.01095099689445763,88844.75652769348
2022-12-19,2022-12-16,7920930.421644214,0.051398925651321446,407127.31383138115,0.042895812449521516,0.055933724224355934,339774.7457925596,443047.1378045588,0.00302262724805735,23942.020122428192,0.013037911774834418,103272.39201199921
2022-12-20,2022-12-19,7737814.672503866,0.051257564821013984,396621.53714886,0.04222703603529301,0.054966465526669596,326744.9790102397,425320.323447942,0.003114928232238591,24102.7373792123,0.012739429491376589,98575.34443770227
2022-12-21,2022-12-20,7748437.531121597,0.051400262587111396,398271.7237394792,0.042155689389660106,0.05499977294903672,326640.7258171468,426162.30492148246,0.0030888905014679444,23934.07509109923,0.012844083559376614,99521.57910433563
2022-12-22,2022-12-21,7858472.582786587,0.051646357942345,405861.48789070046,0.04248838661727902,0.05545340329562645,333893.8213187237,435779.04942088784,0.003271652661878302,25710.192743771393,0.01296501667834743,101885.22810216411
2022-12-23,2022-12-22,7636027.047471923,0.05157641674972242,393838.9133125643,0.042095722208103835,0.05480595633059069,321444.07336394535,418499.76490295556,0.0033165628490697953,25325.363620137497,0.012710234122486855,97055.69153901021
2022-12-27,2022-12-23,7704091.375627687,0.051479880587508006,396605.70405256364,0.04385657466397269,0.05424835832238442,337875.05863328377,417934.3094934423,0.003208987012958682,24722.329171036235,0.01039178365841173,80059.25086015853
2022-12-28,2022-12-27,7589372.111756637,0.05088899781582266,386215.5408186489,0.04116496692526821,0.05331698861655676,312416.2519640149,404642.4664893419,0.0034965306291735903,26536.472044952934,0.012152021691288553,92226.21452532703
2022-12-29,2022-12-28,7442589.488450528,0.05085212116074912,378471.4624164041,0.04116103332369517,0.053469315704787544,306344.67394869553,397950.1670190945,0.0033840206302074437,25185.876371081653,0.012308282381092377,91605.49307039898
2022-12-30,2022-12-29,7679143.353085926,0.0507425157059793,389659.0522024291,0.04397299622803741,0.05389383388377129,337674.94169980596,413858.47624087933,0.002970471485551561,22810.676363804545,0.009920837655733879,76183.53454107337
2023-01-03,2022-12-30,7734616.3404145995,0.050190445812501094,388203.8423140645,0.04056255191530638,0.05252748134622971,313735.7768530442,406279.9155413714,0.003232526744241683,25002.354176838926,0.011964929430923331,92544.13868832716
2023-01-04,2023-01-03,7628441.59779021,0.0506729297381496,386555.48509640095,0.04065660199836873,0.052350166968109436,310146.51390915655,399350.191350789,0.003272561130474805,24964.541459025353,0.011693564969740708,89203.67744163243
2023-01-05,2023-01-04,8097237.69264383,0.05081738556489134,411480.4498376526,0.04094458302486761,0.052414453946678506,331538.0209785427,424412.29213638935,0.0036664057526312114,29687.758856731612,0.011469870921810899,92874.27115784667
2023-01-06,2023-01-05,8006826.994138036,0.050585670194668086,405030.7096312323,0.04075323940808148,0.05228463575117791,326304.1373911968,418634.0329112059,0.0035918866439997505,28759.61494106108,0.011531396343096426,92329.8955200091
2023-01-09,2023-01-06,8163808.782071837,0.05062802811393887,413317.540535554,0.04077316427824319,0.05236843758890984,332864.3166075795,427525.91069172305,0.003690402141486277,30127.73741204238,0.011595273310666648,94661.59408414358
2023-01-10,2023-01-09,8182564.219233433,0.050470406634793366,412977.34346002183,0.04087348376588661,0.05233081673040574,334449.90577816236,428200.2685414803,0.0036116498472524997,29552.556812528197,0.011457332964519125,93750.36276331794
2023-01-11,2023-01-10,8458721.028625637,0.05040418907393291,426354.9740504989,0.041302846967771464,0.0524784069436256,349369.2601883951,443900.2043628195,0.0035217516798205953,29789.51499169613,0.011175559975854135,94530.9441744244
2023-01-12,2023-01-11,8749695.678655498,0.050492300866900756,441792.2667004948,0.041258887581897045,0.05279138498843029,361002.7103814576,461908.55310350726,0.003159999944090779,27649.0378553627,0.011532497406533247,100905.84272204968
2023-01-13,2023-01-12,8983952.662185391,0.04933999401837053,443268.1706135512,0.04092607775303734,0.05258556293630387,367677.9451822061,472426.2081341246,0.003002857760024946,26977.531967340175,0.011659485183266531,104748.26295191847
2023-01-17,2023-01-13,9030271.070497906,0.04920002781410407,444289.5878373963,0.040710872931628256,0.05236134619702531,367630.2180891989,472837.14977532317,0.0036803233702833896,33234.317660747445,0.011650473265397053,105206.93168612424
2023-01-18,2023-01-17,9103856.110745644,0.04908075045321692,446824.0899335009,0.04148764674776274,0.05234376278968919,377697.56636507646,476530.0847323324,0.0032151174233663597,29269.966401478625,0.010856116041926454,98832.51836725592
2023-01-19,2023-01-18,8937983.511601796,0.04877659817626138,435964.43025145045,0.040726151262406966,0.05221530602159611,364009.66847439413,466699.54427426803,0.0035326109263551383,31574.418212666573,0.011489154759189144,102689.8757998739
2023-01-20,2023-01-19,8659961.071111618,0.04837400802932233,418917.02638757223,0.04054307247655872,0.05226193943365158,351101.4293502554,452586.36099621584,0.003493282615090547,30251.691457075125,0.011718866957092858,101484.93164596043
2023-01-23,2023-01-20,8955409.588080833,0.049066491133951555,439410.5251544729,0.03218135525156604,0.05158113722528436,288197.21737731,461930.2108714247,0.003987205783919446,35707.060906963554,0.01939978197371832,173732.99349411472
2023-01-24,2023-01-23,9497439.866007164,0.05034060873074372,478106.9042384337,0.033214746817468416,0.052650776663387244,315455.0605635591,500047.58525909367,0.00417687121853588,39669.583226100585,0.01943602984591883,184592.52469553455
2023-01-25,2023-01-24,9320744.96806209,0.04973255350417578,463544.44782292505,0.032960904517786854,0.05239145006790728,307220.1849269368,488327.34458992304,0.004276710851927706,39862.131152961694,0.01943054555012043,181107.15966298623
2023-01-26,2023-01-25,9306644.197444541,0.049564067064437285,461275.1371469974,0.032925237951569555,0.052444888224182425,306423.4747314556,488085.9146772149,0.00414967268037869,38619.52717214047,0.01951965027261287,181662.4399457593
2023-01-27,2023-01-26,9321334.853814503,0.04952131572190688,461604.7662453627,0.032898026913816165,0.052325731949085845,306653.5248934822,487745.66896836896,0.004172224961863212,38890.70595497044,0.01942770503526968,181092.14407488675
2023-01-30,2023-01-27,9697526.210146612,0.05092851330773296,493880.5926455409,0.03400817468624849,0.053114904065282964,329795.16537913925,515083.1743225044,0.004001837742873495,38807.92640026967,0.019106729379034473,185288.00894336513
2023-01-31,2023-01-30,9529689.652963664,0.051420040909475336,490017.0318099954,0.03271313219748439,0.053787143149277815,311745.9974183995,512574.78153214825,0.004464966942352231,42549.749271358865,0.021074010951793426,200828.78411374876
2023-02-01,2023-01-31,9807043.991302852,0.05152215008212816,505279.9923819387,0.03275403174880738,0.05370211713158389,321220.2302530843,526659.0251355417,0.004637821652347105,45483.320968384935,0.02094808538277651,205438.7948824574
2023-02-02,2023-02-01,10333189.129155876,0.051607156956885045,533266.5132535256,0.03328541844831923,0.05435298940887739,343944.52406957676,561639.7192969363,0.004400612893703258,45472.36531483769,0.021067570960558155,217695.19522735954
2023-02-03,2023-02-02,10734308.710603993,0.05183250394012585,556386.0985369087,0.043247420140017895,0.054593634285674736,464231.15872014465,586024.9240562471,0.003985444796887623,42780.99479886217,0.011346214145656841,121793.76533610246
2023-02-06,2023-02-03,10532291.013944175,0.05124080592356489,539683.07977602,0.04295699338384815,0.05457870658121592,452435.5554027632,574838.8208780362,0.004022121888775314,42362.15822613641,0.011621713197367774,122403.26547527302
2023-02-07,2023-02-06,10406926.583571132,0.05061394381995232,526735.5974392376,0.032496096131604216,0.05329731924685595,338184.48669427494,554661.2885031825,0.005135475727368726,53444.51886643789,0.020801223115251732,216476.80180890753
2023-02-08,2023-02-07,10331904.8677316,0.050292595014832284,519618.3072445996,0.03254040349035636,0.053886278134790716,336204.3532199632,556747.8993647831,0.005031051046311963,51980.340795196724,0.021345874644434354,220543.54614481988
2023-02-09,2023-02-08,10158150.143698283,0.0506962420940079,514980.0389122093,0.03279854940156914,0.05343231234154708,333172.5893166448,542773.4512904179,0.0049128565075947025,49905.53403859217,0.020633762939977936,209600.8619737731
2023-02-10,2023-02-09,9765623.456244012,0.049749798010878275,485837.7943984346,0.03287779323225399,0.0530117796168623,321072.1487784402,517693.0784836687,0.004483981505594184,43788.874968394906,0.02013398638460831,196620.92970522848
2023-02-13,2023-02-10,9488840.046829449,0.04909994849040504,465901.5575330185,0.03228647844985138,0.05239842801208773,306361.2296860457,497200.30211200804,0.004489085167220948,42596.21110835421,0.02011194956223635,190839.0724259623
2023-02-14,2023-02-13,9633362.520505086,0.049222659064814885,474179.7189945876,0.03167863117696168,0.05219515226165897,305171.73828104656,502814.82354952174,0.005386301236065395,51888.192451662595,0.020516521084697287,197643.08526847517
2023-02-15,2023-02-14,9675624.151893891,0.049091410391345826,474990.03603304044,0.03173773856273049,0.05165359193755083,307082.42976404924,499780.74168303836,0.005364825144832734,51908.03174203124,0.01991585337482034,192698.31191898911
2023-02-16,2023-02-15,10114137.057224695,0.05031753985362247,508918.49446190346,0.032058717058872546,0.05198926391010122,324246.2582122243,525826.5406909891,0.006137880849968992,62079.36815750119,0.01993054685122867,201580.28247876483
2023-02-17,2023-02-16,9979148.65134021,0.049877060972053064,497730.6057320768,0.03203097462432535,0.05126624169278751,319641.85722344887,511593.4466478618,0.006110760334933147,60980.18575501137,0.01923526706846216,191951.58942441293
2023-02-21,2023-02-17,10195812.33913862,0.049771726771752046,507463.1859596655,0.031626773847329696,0.05149192654692723,322460.6510397507,525002.0200531802,0.005952023727205681,60685.71696068952,0.019865152699597537,202541.36901342944
2023-02-22,2023-02-21,9516134.548646096,0.050986464621923244,485194.0575020057,0.03386220306727133,0.05305766903866534,322237.2805017305,504903.9174094735,0.005352762175512243,50937.6050690781,0.01919546597139401,182666.636907743
2023-02-23,2023-02-22,9629867.78743211,0.051158406054672166,492648.6865222593,0.03398756541308542,0.05307181277426624,327295.761344713,511074.5402555344,0.005303693436792388,51073.86658138211,0.01908424736118082,183778.77891082142
2023-02-24,2023-02-23,9357416.160577,0.04887090061234738,457305.3551719318,0.031367505915031214,0.05283045465591816,293518.8067663077,494356.55016791896,0.006354265015441299,59459.502144079466,0.021462948740886945,200837.74340161128
2023-02-27,2023-02-24,9127348.317507455,0.04817270323960204,439689.0418637676,0.03136841278321092,0.05246754789043251,286310.42963971954,478889.584961481,0.0061714280490264275,56328.77341989968,0.02109913510722159,192579.15532176144
2023-02-28,2023-02-27,9222330.819047598,0.04853626314941247,447617.4754842309,0.031760857517666184,0.05315266914810198,292909.1351245525,490191.49879918137,0.006518412793429868,60114.95919612242,0.021391811630435797,197282.3636746289
2023-03-01,2023-02-28,9261891.056346277,0.04889676440409056,452876.50491851737,0.031288403742458705,0.05285553264383941,289789.78678962967,489542.1850723949,0.006286119434407402,58221.353368662436,0.021567128901380704,199752.39828276524
2023-03-02,2023-03-01,9055570.843991568,0.0487255077878624,441237.28768245084,0.03087216861029172,0.052738564579558306,279565.1099581494,477577.8077606146,0.006454116125269743,58445.70580772851,0.021866395969266587,198012.69780246523
2023-03-03,2023-03-02,9133433.085401302,0.048800479782414564,445715.91662816255,0.03261466962752024,0.05283257967776698,297883.90264542634,482542.8312160174,0.006111031000313076,55814.69272417246,0.020217910050246736,184658.9285705911
2023-03-06,2023-03-03,9336603.840656947,0.04913923517572885,458793.571868655,0.031443116818778837,0.052965917107131825,293571.92525243555,494521.7850863645,0.006395343377821519,59710.78754368837,0.02152280028835299,200949.85983392893
2023-03-07,2023-03-06,9146913.879506528,0.04872641052192992,445696.28070157376,0.030301789423647484,0.052650909365213265,277167.8582530453,481593.33364130947,0.006753161115621447,61770.583139021604,0.02234911994156578,204425.47538826417
2023-03-08,2023-03-07,9172776.090603491,0.04810951656496788,441297.82327763,0.029558457305702696,0.05237082593494094,271133.1104488738,480385.8599811835,0.006762593376101245,62031.75483077504,0.022812368629238244,209252.7495323097
2023-03-09,2023-03-08,9227178.123908361,0.04809287894887826,443761.5605528624,0.029692872774897017,0.05228110104007502,273981.42610452394,482407.03181082295,0.006553295692255965,60468.42665108714,0.022588228265178006,208425.60570629901
2023-03-10,2023-03-09,8921946.548276799,0.04794278389895515,427742.95532206335,0.031067346118231007,0.05213449887285166,277181.20146367175,465141.21226477955,0.006429294820071253,57361.82472778862,0.021067152754620653,187960.0108011078
2023-03-13,2023-03-10,8682710.087863334,0.04745053963218116,411999.2791388983,0.030441252293043248,0.051783322334723415,264312.5683719994,449619.57521878165,0.007523884470165313,65327.70758902263,0.021342070041680167,185307.00684678223
2023-03-14,2023-03-13,8590762.59804976,0.04748173223998133,407904.2894178451,0.029182334927686692,0.05185995796048123,250698.51142053198,445516.58718333504,0.007429329023013624,63823.601899511006,0.022677623032794535,194818.07576280306
2023-03-15,2023-03-14,8593621.396799335,0.0474214226789886,407521.75260082167,0.029235499185776077,0.05155123625912011,251238.81134899484,443011.8069478323,0.0071578651597287764,61511.9831920497,0.02231573707334403,191772.99559883744
2023-03-16,2023-03-15,8500149.597657967,0.04764038513193315,404950.4005114722,0.02923550559247199,0.051623623744877806,248506.17109917803,438808.52460466936,0.008015373027181229,68131.86981207304,0.022388118152405816,190302.35350549134
2023-03-17,2023-03-16,8637348.301665371,0.04794375596786786,414106.91918452247,0.02919642251303246,0.05167630216068438,252179.67040764552,446346.2207039338,0.008273166748912993,71458.22276811805,0.022479879647651923,194166.55029628827
2023-03-20,2023-03-17,8498148.12908112,0.048149139327548905,409178.51829327596,0.029551648116896322,0.05178858890771202,251134.2831558661,440107.0999338242,0.008228186052049684,69924.3439039574,0.022236940790815698,188972.8167779581
2023-03-21,2023-03-20,8413465.878672367,0.04782503292375359,402374.28265038336,0.029201416025757484,0.05172247579530489,245685.11734162702,435165.2852642551,0.008369289686473689,70414.73320587093,0.022521059769547404,189480.16792262805
2023-03-22,2023-03-21,8745575.46290097,0.04833439253384896,422712.07735825336,0.030096624963903463,0.051868119395080875,263212.3048004469,453616.5522884372,0.008228129105836998,71959.72401358935,0.021771494431177412,190404.2474879903
2023-03-23,2023-03-22,8704241.628810266,0.04912472466026531,427593.4733917236,0.02947884034779665,0.05225448789611618,256590.9493243433,454835.6888375366,0.008183924951033088,71234.86024584122,0.022775647548319528,198244.73951319332
2023-03-24,2023-03-23,8651463.753245631,0.04931474157379916,426644.6992263989,0.029489744335404664,0.052268286811228075,255129.45421023414,452197.1887915864,0.00828386822710402,71667.58570345357,0.02277854247582341,197067.73458135224
2023-03-27,2023-03-24,8669140.413506266,0.04914251075134628,426023.32597566216,0.029447155069960883,0.0522637619449451,255281.5220797838,453081.8908387944,0.008210164453141983,71175.06846226573,0.022816606874984217,197800.3687590106
2023-03-28,2023-03-27,8645976.658335745,0.048883059511084834,422641.79152087664,0.0295479428354444,0.052025571655579445,255470.82405709117,449811.8781707136,0.008091640782481414,69960.13733297189,0.022477628820135046,194341.05411362243
2023-03-29,2023-03-28,8634960.079217428,0.048506223218812,418849.3010880511,0.03165927348172132,0.051918900219338884,273376.56265169056,448317.6307508643,0.008056545311130042,69567.94713801426,0.020259626737617567,174941.06809917372
2023-03-30,2023-03-29,8792889.848534692,0.03825742258513063,336393.302679897,0.027917031605681816,0.050853500676618014,245471.3838068218,447149.22986188665,0.008161102998253109,71759.6797061858,0.0229364690709362,201677.84605506485
2023-03-31,2023-03-30,8704221.447224688,0.038714975272642206,336983.71809690574,0.028075213959372264,0.05062379696261889,244372.87948059,440640.7392619754,0.008112635447329243,70614.17545415845,0.02254858300324663,196267.8597813854
2023-04-03,2023-03-31,9081031.579310115,0.03366979955116898,305756.512993207,0.028310870469163918,0.04958364729889933,257091.90876823573,450270.6669386795,0.007137376747521012,64814.74363767203,0.021272776829735413,193178.7581704438
2023-04-04,2023-04-03,9125995.074716726,0.03381993738924538,308640.5820414814,0.02797255274805888,0.049764816073724266,255277.37860603916,454153.4663829914,0.006654254144420944,60726.6905478989,0.021792263325665386,198876.08777695225
2023-04-05,2023-04-04,9082707.910788782,0.033874305015220374,307670.4181342142,0.02787764079670221,0.04974268006804042,253204.46859833525,451798.23375782615,0.007052654746648905,64057.20305945006,0.021865039271338208,198593.7651594909
2023-04-06,2023-04-05,8742398.676998861,0.03358063469867488,293575.2963624773,0.0287757523394807,0.04922388572295942,251569.09918232294,430334.8334211436,0.005410225400003841,47298.34737925921,0.020448133383478725,178765.73423882065
2023-04-10,2023-04-06,8798635.50961293,0.033595955669205015,295598.56853044906,0.02822169640964544,0.04942953243241567,248312.42017142207,434912.4392834165,0.005148188938140002,45297.0380013151,0.02120783602277023,186600.01911199442
2023-04-11,2023-04-10,8938787.490595832,0.03352044653308082,299632.14814908925,0.02758420997249723,0.04940540390033337,246569.39104012706,441624.4063521345,0.005434755408894446,48580.123663473714,0.02182119392783614,195055.01531200742
2023-04-12,2023-04-11,9005413.186673947,0.03352151926872399,301875.13165991177,0.027761129578120273,0.04950376501690533,250000.44237976844,445801.85827324766,0.00531347487082807,47850.036668815745,0.021742635438785057,195801.41589347922
2023-04-13,2023-04-12,8750289.335287446,0.033422602178747686,292457.43940225086,0.027845271800867422,0.049351038762186994,243654.18487731047,431835.86816612224,0.005506308317822539,48181.790950247116,0.02150576696131957,188181.68328881176
2023-04-14,2023-04-13,8870893.622698091,0.03251683637012021,288453.39638601674,0.02811327384235194,0.03926779040426533,249389.86164128486,348340.3914746426,0.0037134558828219306,32941.67210909577,0.011154516561913394,98950.52983335775
2023-04-17,2023-04-14,8864838.726274652,0.03223304316183568,285740.7292867233,0.0267206039371784,0.03893362981839603,236873.84457174604,345140.3493685587,0.0037597598905484393,33329.665079227954,0.012213025881217629,108266.50479681263
2023-04-18,2023-04-17,8954283.056763886,0.032341570666540545,289595.57824853586,0.026778850133777416,0.03920488477248661,239785.40403250244,351051.6354606573,0.0038980169514863023,34903.94714367221,0.012426034638709196,111266.23142815486
2023-04-19,2023-04-18,9066478.861035042,0.03239609528274847,293718.51306111604,0.025483366690027983,0.03920534962172554,231044.40540314323,355454.4735848628,0.003894080367556449,35305.59733562211,0.013721982931697557,124410.06818171954
2023-04-20,2023-04-19,9095718.163550103,0.032445639764563744,295116.3949345459,0.025384989942613186,0.038884054843835204,230894.71410256345,353678.4039155502,0.0039449132973301574,35881.81953215624,0.013499064901222019,122783.68981298676
2023-04-21,2023-04-20,8961786.313209537,0.032380378128058766,290186.0295245865,0.02517848976132288,0.03851236311582536,225644.24493030988,345139.5686607595,0.0037442131121382563,33554.837822100315,0.013333873354502476,119495.3237304496
2023-04-24,2023-04-21,9050020.580259863,0.03232254128931868,292519.66387463326,0.025191651069132653,0.03848974566316783,227984.9606263759,348332.9903806367,0.004054622527558057,36694.41731958568,0.013298094594035179,120348.02975426082
2023-04-25,2023-04-24,9028184.560375435,0.03243278017730246,292809.12524677254,0.0251766612397833,0.03838069345319936,227299.54428681426,346507.98405067704,0.004069510289120744,36740.28996052888,0.01320403221341606,119208.43976386279
2023-04-26,2023-04-25,8744783.833514635,0.03238514896935164,283201.1271531494,0.026490244302368248,0.03823335144236072,231651.460121203,334342.3935942395,0.003908943335894577,34182.86448985566,0.011743107139992475,102690.93347303648
2023-04-27,2023-04-26,8652141.23501855,0.03227662352663247,279261.90534194664,0.026501873210021013,0.03781885867032632,229297.95000565622,327214.10656286916,0.0033164786665725006,28694.641826111267,0.011316985460305306,97916.15655721293
2023-04-28,2023-04-27,8755062.82249572,0.03250310965730507,284566.76697617315,0.02675642874987649,0.03808373258161743,234254.21461079927,333425.4712671877,0.0036922552513491457,32325.926682251495,0.01132730383174094,99171.2566563884
2023-05-01,2023-04-28,8783741.336599689,0.03246503225855444,285164.445843507,0.026065480981504754,0.03790993662406182,228952.44275559633,332991.0773926463,0.003709370730687573,32582.15301991343,0.011844455642557067,104038.63463704995
2023-05-02,2023-05-01,8716905.07020684,0.031112312050782114,271203.07066131994,0.025547881634378548,0.037365107872048796,222698.45895175857,325708.09825868765,0.003124519316074511,27236.13826824911,0.011817226237670248,103009.63930692908
2023-05-03,2023-05-02,8717583.748849822,0.031035463858728796,270554.25537287013,0.02460329257341293,0.037254256729508856,214481.2635061821,324767.10304064554,0.0032508708910185063,28339.739249151873,0.012650964156095925,110285.83953446345
2023-05-04,2023-05-03,8669819.743638579,0.031119689780564175,269802.100875443,0.02451306036032948,0.037201686058450714,212523.81468898876,322531.91228620004,0.0032496384454097195,28173.779553700166,0.012688625698121233,110008.09759721128
2023-05-05,2023-05-04,8665108.225581845,0.03153047508295312,273214.9789978005,0.02522283176168206,0.03719236513184352,218558.56697061824,322275.8690327807,0.003187538867935095,27620.369263906236,0.011969533370161461,103717.30206216246
2023-05-08,2023-05-05,9216171.363043366,0.03190799875313201,294069.58436063863,0.026265788123795857,0.037977120791255085,242070.0043342919,350003.6530872039,0.0034300679630386135,31612.09413424896,0.011711332667459228,107933.648752912
2023-05-09,2023-05-08,9246411.750285458,0.032228198970611646,297995.1976524012,0.026832260983621355,0.038528141022337314,248102.13324568252,356247.05586559494,0.0030304089944472325,28020.40933442763,0.01169588003871596,108144.92261991242
2023-05-10,2023-05-09,9207040.276752625,0.03212943356407944,295816.9888937271,0.026956702221923787,0.03869944909720776,248191.4430856793,356307.38652612985,0.0031275477887368662,28795.458458368936,0.011742746875283972,108115.94344045056
2023-05-11,2023-05-10,9243552.78765154,0.03202733463568359,296046.3583527218,0.02757646408551956,0.03900199666246168,254904.50147127692,360517.01497327373,0.00289511157070681,26761.116629969165,0.011425532576942121,105612.51350199681
2023-05-12,2023-05-11,9221310.437837642,0.031795045693011344,293191.98672049027,0.02710011011648911,0.0387579641833321,249898.5282837305,357399.2196730978,0.0032840184565698137,30282.953671618685,0.011657854066842988,107500.69138936728
2023-05-15,2023-05-12,9050084.960177796,0.031582303404322394,285822.5290472301,0.025996226971074638,0.03814329306660119,235268.06273229097,345200.04291370144,0.003517069135292477,31829.774485215974,0.012147066095526553,109931.98018141047
2023-05-16,2023-05-15,9220171.617909126,0.031903117073205915,294152.21456120524,0.024055280235103612,0.03825363099491755,221793.8120845527,352705.0427813076,0.0033878660898044376,31236.706766491647,0.014198350759813936,130911.23069675491
2023-05-17,2023-05-16,8886986.50008572,0.03198044904659008,284209.8189437253,0.02631075221046411,0.038069668134912575,233823.2997014951,338324.6267777116,0.0033900320634815745,30127.16918301849,0.011758915924448464,104501.32707621652
2023-05-18,2023-05-17,9233240.116199313,0.032159646297696395,296937.7363186711,0.026528932143667,0.03797817575119756,244948.00050883557,350661.61588602525,0.0031661994131887443,29234.279437741036,0.011449243607530558,105713.61537718968
2023-05-19,2023-05-18,9489207.71637591,0.03211751556128308,304769.77649495075,0.023945737658659528,0.038061373126925896,227226.0785648652,361172.2755718879,0.0038494715880234794,36528.43549704223,0.014115635468266368,133946.1970070227
2023-05-22,2023-05-19,9165559.51534394,0.03227249966925406,295795.51642746566,0.026295582363270655,0.03810436401948699,241013.72514118563,349247.81621493824,0.0032584311358912947,29865.344502661417,0.011808781656216336,108234.09107375261
2023-05-23,2023-05-22,9426972.84490137,0.032492573667648746,306306.60962588206,0.026838107560817472,0.03832559998885467,253002.11118436846,361294.3903594852,0.003066439264357597,28907.239675638397,0.011487492428037194,108292.27917511671
2023-05-24,2023-05-23,9293635.744223353,0.0325518553040094,302525.08599412825,0.02640667111682761,0.03844031196074317,245413.98257729947,357250.2572574592,0.0033462954433017057,31099.25094260046,0.01203364084391556,111836.27468015975
2023-05-25,2023-05-24,9322392.94317105,0.03244727050107838,302486.2055444153,0.026465739220487998,0.0384444896759272,246724.0205448826,358394.63925867603,0.0031037245830346557,28934.140150428786,0.011978750455439204,111670.61871379343
2023-05-26,2023-05-25,9121854.962127665,0.03251234348921484,296572.8817874935,0.02622317348535431,0.03818137981324539,239203.98518011384,348285.0089103335,0.003366660099126138,30710.185131010978,0.011958206327891078,109081.02373021966
2023-05-30,2023-05-26,9199609.44767889,0.03263061422404629,300188.90689910145,0.02645602342913888,0.03831959540292448,243385.08308672011,352525.31189997663,0.0030978269895149462,28498.798440016355,0.011863571973785604,109140.22881325652
2023-05-31,2023-05-30,9406662.587357553,0.033381647773192316,314009.8972124357,0.027454543770520257,0.03877943577624179,258255.62973912325,364785.0676752086,0.0029837878982048624,28067.485990653906,0.01132489200572153,106529.43793608536
2023-06-01,2023-05-31,9311329.433846248,0.033140150730356706,308578.8609376716,0.027510187877824725,0.03874849248383342,256156.4221174296,360799.97858188825,0.0030655633619608665,28544.470363546876,0.011238304606008696,104643.55646445864
2023-06-02,2023-06-01,9592521.571167002,0.03358756374392617,322189.4297365585,0.02841003931925761,0.0394125060009906,272523.9150076813,378065.31398825126,0.003032291502124527,29087.321644195916,0.011002466681732992,105541.39898056997
2023-06-05,2023-06-02,9829189.258062426,0.033406015679712624,328354.0504736963,0.027829031151265404,0.039218649966478496,273536.8140543025,385487.53296622075,0.0030175695475636193,29660.26218236862,0.011389618815213092,111950.71891191823
2023-06-06,2023-06-05,9909084.796317533,0.03336881562368219,330654.4235677522,0.02809967543157492,0.0391929608231074,278442.06660047633,388366.3722149222,0.0029697413672372846,29427.419031086218,0.011093285391532481,109924.30561444588
2023-06-07,2023-06-06,10243103.368625918,0.03338818264768854,341998.60615083587,0.02814526544685257,0.039029177769048316,288294.86330952623,399779.90228083864,0.002923202669767668,29942.66711387348,0.010883912322195745,111485.0389713124
2023-06-08,2023-06-07,10387990.705444543,0.03354995993210279,348516.6719427206,0.027845421363708833,0.039094162897696336,289257.97831539426,406109.8008184044,0.0029334988473929207,30473.158761149938,0.011248741533987503,116851.82250301016
2023-06-09,2023-06-08,10633805.416898545,0.034381041183766836,365601.3019785517,0.029909529655210015,0.041205485347854044,318052.11846445996,438171.11329794396,0.002899314978321648,30830.75132177183,0.011295955692644029,120118.994833484
2023-06-12,2023-06-09,10496117.858700464,0.03386615803608721,355463.1861681472,0.028761307684267854,0.0400130556913432,301882.0752244227,419981.74842308357,0.0031075686340806268,32617.406637311073,0.011251748007075343,118099.6731986609
2023-06-13,2023-06-12,10681674.665800823,0.033945019532375366,362589.65516908804,0.028967089714782818,0.04032772793493709,309417.0283483752,430767.6698119256,0.0029857064232125595,31892.344660348386,0.011360638220154269,121350.64146355039
2023-06-14,2023-06-13,10951539.094323145,0.034295298032719426,375586.29715679045,0.029243657390865242,0.04082522960711028,320263.05717705266,447099.098076987,0.003057743669592334,33486.99933795956,0.011581572216245041,126836.04089993436
2023-06-15,2023-06-14,10774937.303321332,0.03429390898697087,369514.7192204191,0.028125877032500572,0.040958667003983006,303054.5616261191,441327.06899553305,0.0033932419442802395,36561.96920461976,0.012832789971482433,138272.50736941397
2023-06-16,2023-06-15,10860135.962543642,0.034859406593414646,378577.8951780734,0.027805096285428783,0.04138626045182672,301967.1261113738,449460.41548808105,0.003523286337469151,38263.368659887405,0.01358116416639794,147493.28937670728
2023-06-20,2023-06-16,10742867.224573368,0.034668380808275175,372437.81191424775,0.028946726791474958,0.041272700652123885,310970.84250681615,443387.14310532954,0.003312538703009701,35586.163462693694,0.012325973860648928,132416.3005985134
2023-06-21,2023-06-20,10676245.025399854,0.03444530039328388,367746.4669722007,0.02940446161859982,0.040892495389391,313929.2370801373,436578.30047717213,0.003310942666010063,35348.43516737407,0.011488033770791179,122649.06339703483
2023-06-22,2023-06-21,10592645.299861204,0.03449428281598422,365385.70274281834,0.029212333133943714,0.04094490502316966,309435.8832692486,433714.85574694147,0.0033135941303412218,35099.72729040662,0.011732571889225944,124278.97247769288
2023-06-23,2023-06-22,10678105.172308471,0.03466449958593905,370151.1723241006,0.02927848971714518,0.041246516257017314,312638.79248602834,440434.63858376205,0.0033315431507508955,35574.568149802,0.011968026539872133,127795.84609773371
2023-06-26,2023-06-23,10434475.246518558,0.03449555298510204,359942.9937380166,0.029082209038783727,0.04052849282960064,303457.5903292671,422893.5552091727,0.0031950944024660747,33339.13345282226,0.01144628379081691,119435.96487990563
2023-06-27,2023-06-26,10451154.082952134,0.034591747981069045,361523.688148801,0.029093782819629436,0.04056051046093802,304063.60710389283,423904.14451045514,0.003463506625861507,36197.641414204256,0.011466727641308582,119840.5374065623
2023-06-28,2023-06-27,10898186.023092628,0.03475698983592661,378788.1408346679,0.02939637906362893,0.04099327826414451,320367.20744077355,446752.3722190465,0.003288395752960999,35837.548633316714,0.011596899200515584,126385.16477827297
2023-06-29,2023-06-28,10978946.109312633,0.03523722918534977,386867.64026745345,0.02959306556576768,0.04174768220532502,324900.6720559187,458345.5531209734,0.0033539617751240907,36822.96558178193,0.012154616639557341,133444.88106505468
2023-06-30,2023-06-29,11053156.912484307,0.034759648089662774,384203.84455777804,0.02942859844680358,0.04115702884673335,325278.9163470119,454915.09789458674,0.0031586508966113796,34913.06399200483,0.011728430399929768,129636.18154757482
2023-07-03,2023-06-30,11130068.509076092,0.03480656519819186,387399.45522149914,0.02954464590879803,0.04133152329206004,328833.93304131675,460022.68582510244,0.0031372661580447566,34917.987270244084,0.011786877383262007,131188.7527837857
2023-07-05,2023-07-03,11197579.915639233,0.03516337101761768,393744.6570730464,0.02965894391086402,0.041296011867501356,332108.3946553615,462415.3930835326,0.0031761454986169784,35565.14304446144,0.011637067956637336,130306.9984281711
2023-07-06,2023-07-05,11048662.397571282,0.035041959674095964,387166.7821883933,0.031566118797977605,0.04139063390755422,348763.3898004832,457311.14046603325,0.0032358744618337406,35752.08448972366,0.009824515109576618,108547.75066555006
2023-07-07,2023-07-06,10613184.842655184,0.03487633468843101,370148.9866826252,0.029966555660845034,0.038754678878029004,318040.5943262634,411310.5704502664,0.002927480338537887,31069.889956141367,0.00878812321718397,93269.976124003
2023-07-10,2023-07-07,10959515.020711433,0.03564634102315636,390666.60987668426,0.025356839715853563,0.03944797557089916,277898.6657436694,432330.68080592697,0.0031897924211125774,34958.57795213478,0.014091135855045595,154432.0150622576
2023-07-11,2023-07-10,11563785.533251699,0.03680357371060174,425588.63324661896,0.025833906137942148,0.03988858496070032,298737.75006531767,461263.0417104277,0.0033689344648199565,38957.63562675807,0.014054678822758175,162525.29164511
2023-07-12,2023-07-11,11916943.187721511,0.03709363059411811,442042.68841643404,0.026410231940973056,0.04012783718166116,314729.2336151239,478201.1559399949,0.003218261654536715,38351.841300336666,0.013717605240688102,163471.922324871
2023-07-13,2023-07-12,12090130.13439992,0.038753771339661,468538.1386952794,0.029929596995802582,0.04050481103983939,361852.72254939814,489708.4365409368,0.003047245568082478,36841.59546959057,0.010575214044036808,127855.71399153868
2023-07-14,2023-07-13,12129279.401514648,0.03833125270503011,464930.4738693743,0.027209645226296472,0.040850552791787585,330033.38936583913,495487.76851791586,0.0031371995747072946,38051.9701799377,0.013640907565491113,165454.37915207673
2023-07-17,2023-07-14,11927558.533011481,0.03840425445610388,458068.9929418461,0.02737701146011217,0.040624145424994276,326540.90664941404,484546.8724101898,0.0032384164606795735,38626.40188902349,0.013247133964882106,158005.96576077578
2023-07-18,2023-07-17,11964700.134134695,0.037145407731878216,444433.6648720912,0.026765580157412604,0.039948893278512324,320242.1404995875,477976.528767949,0.003425507349009968,40985.16823817895,0.013183313121099719,157734.3882683615
2023-07-19,2023-07-18,12089968.825372932,0.03804873358255669,460008.00285803055,0.026599395778030673,0.0403178207356855,321585.8657301472,487441.1958014121,0.0036386421111433364,43991.06969041209,0.01371842495765483,165855.33007126488
2023-07-20,2023-07-19,12640060.834105484,0.04134845631165647,522647.00317569065,0.02840645034099342,0.042192987435070675,359059.26039115334,533321.9279519416,0.004332596682829841,54764.28564061281,0.013786537094077254,174262.66756078828
2023-07-21,2023-07-20,12171186.168271776,0.037052112382269214,450968.1577323265,0.026953865235225107,0.040981375188343536,328060.51173243334,498791.946849123,0.004322326870723704,52607.845023701775,0.014027509953118428,170731.43511668965
2023-07-24,2023-07-21,12107812.629820365,0.03680048158948098,445573.33577258966,0.027457271129362686,0.0410521593856138,332447.4941604996,497051.85389053344,0.003895320778984483,47163.81412499003,0.013594888256251117,164604.35973003384
2023-07-25,2023-07-24,12115024.109614115,0.03700504979357287,448317.07042660617,0.02705451892512946,0.04084567072505954,327766.14905195474,494846.2856074558,0.004042318171674614,48972.782108569205,0.013791151799930082,167080.13655550109
2023-07-26,2023-07-25,12031558.607876787,0.03664061401782,440843.6949839931,0.026883669524406406,0.04063824412767974,323452.44547768676,488941.4159433835,0.004099350111980107,49321.57112649493,0.013754574603273333,165488.9704656967
2023-07-27,2023-07-26,12137062.23374296,0.036498126545333645,442980.0332957404,0.026524981647572235,0.04039046099951982,321935.3530054741,490221.5388007399,0.0041547476569975175,50426.43087847662,0.013865479351947582,168286.18579526583
2023-07-28,2023-07-27,11911742.648877913,0.03625410119698613,431849.5234248755,0.025845903106285553,0.04028672266184411,307869.74632990774,479885.07251460484,0.004416346827677949,52606.386859488106,0.014440819555558558,172015.3261846971
2023-07-31,2023-07-28,12604637.735065283,0.03664950816783484,461953.77362387435,0.024601197723524863,0.040895062691920336,310089.18515374366,515467.4503844395,0.004166011888633319,52511.07065619812,0.016293864968395473,205378.26523069583
2023-08-01,2023-07-31,12997900.083953055,0.036577523128362766,475430.9909409412,0.024534183365807528,0.04098304341366089,318892.8640301493,532693.5034270745,0.004279271886875263,55621.54841767393,0.01644886004785336,213800.63939692522
2023-08-02,2023-08-01,13032174.818616522,0.036739632576607235,478797.3145100841,0.02463408663501758,0.04129805423668822,321035.7235244939,538203.4624812276,0.004374371551835893,57007.574785108205,0.01666396760167064,217167.73895673366
2023-08-03,2023-08-02,12779103.593061578,0.03741673511001587,478152.3340850371,0.025130602741070884,0.04134394425468647,321146.57578422205,528338.5465764015,0.004959148214718558,63373.46876923483,0.016213341513615583,207191.9707921794
2023-08-04,2023-08-03,13049105.620754171,0.03551615803139674,463454.0973950926,0.024296966955596185,0.042162497443806075,317053.68806754856,550182.8823790032,0.0055639349145369405,72604.37436679436,0.01786553048820989,233129.19431145466
2023-08-07,2023-08-04,12879095.013185788,0.03345636245210371,430887.6708162252,0.019822262401859154,0.041321788163896714,255292.80084984438,532187.2358775617,0.005786746525201427,74528.05831529188,0.02149952576203756,276894.4350277174
2023-08-08,2023-08-07,12964167.882905662,0.03314776258128543,429733.15904648264,0.019860546649363525,0.04134275808343262,257475.46100862828,535974.4565359757,0.005675016462133767,73571.8661533555,0.021482211434069098,278498.99552734743
2023-08-09,2023-08-08,12863137.018924344,0.03294498142843592,423775.81019988906,0.02197996735760294,0.04117985236371823,282731.33179233107,529702.0833735832,0.005793207096871963,74518.81666606897,0.019199885006115292,246970.7515812521
2023-08-10,2023-08-09,12283997.841809679,0.0361723323599971,444340.8526434268,0.021359168296487905,0.04165332392967216,262375.97725690715,511669.34125629225,0.005962414555814794,73242.28753560354,0.020294155633184253,249293.3639993851
2023-08-11,2023-08-10,12228798.52172705,0.03606704529936003,441056.63023987645,0.023525767860446967,0.04134444817735999,287691.8752343276,505592.92675292044,0.0057407031680568096,70201.9024152069,0.01781868031691302,217901.0515185928
2023-08-14,2023-08-11,12249228.090047859,0.036263651083574294,444201.7335006127,0.02148149996950394,0.04126549870794991,263131.79284280987,505470.50592325366,0.005791003134637385,70935.31826635546,0.01978399873844597,242338.7130804438
2023-08-15,2023-08-14,12431854.060813805,0.036111924745522696,448938.17829142883,0.021177616913749895,0.041263162166113594,263277.04282756074,512977.61013681785,0.005690878203657509,70748.16730573638,0.0200855452523637,249700.5673092571
2023-08-16,2023-08-15,12217414.346070373,0.03591600933502825,438800.76770337153,0.020804454987889683,0.04133734951020085,254176.64683121876,505035.526934453,0.005909488362423195,72198.66789700506,0.020532894522311166,250858.88010323423
2023-08-17,2023-08-16,11924847.96542808,0.035866677848008045,427704.68036248314,0.02368426133143794,0.041353695865447654,282431.2155508647,493136.53600401507,0.0059186015475811695,70578.4236228528,0.017669434534009713,210705.32045315037
2023-08-18,2023-08-17,11568734.748839715,0.03590793510013106,415409.37655196746,0.0238626227271032,0.04138374868466324,276060.3527414911,478757.6114455135,0.005345846465887855,61844.679771878815,0.01752112595756004,202697.2587040224
2023-08-21,2023-08-18,11719792.798853936,0.03616623804615718,423860.81621499016,0.02396176708242009,0.041506323322069966,280826.94530036225,486445.50917689875,0.005370476322071261,62940.869725826335,0.017544556239649876,205618.5638765365
2023-08-22,2023-08-21,11742089.315554405,0.03632038387432038,426477.1914274918,0.026527006718696768,0.04143186773223626,311482.48216524924,486496.6914221547,0.005089591769373984,59762.4411356999,0.014904861013539494,175014.20925690548
2023-08-23,2023-08-22,11117663.437841173,0.039702789922594045,441402.2559027128,0.026948401991750685,0.04443482750018536,299603.26353193284,494011.4570655903,0.004802227822822264,53389.55268597471,0.017486425508434676,194408.19353365747
2023-08-24,2023-08-23,11451419.536237264,0.03970580863726291,454687.8727308508,0.027181154283505503,0.044377432589001745,311262.8011796141,508184.5985177468,0.004690436697134556,53712.15842705084,0.017196278305496242,196921.7973381327
2023-08-25,2023-08-24,11138321.11025065,0.039654120416064496,441680.3265386725,0.026999443444123906,0.04419335584209659,300728.4708787038,492239.78830884333,0.0047922275556277925,53377.369347973916,0.017193912397972685,191511.31743013952
2023-08-28,2023-08-25,11408746.974643184,0.03960523731596957,451846.13140859315,0.028036608869871336,0.04432555514845539,319862.57662339887,505699.04319932003,0.004490032248505885,51225.641831191846,0.016288946278584054,185836.46657592116
2023-08-29,2023-08-28,11645941.222551715,0.04010587300054668,467070.63964349043,0.029498183353840458,0.044005428862730255,343534.1095108794,512484.6380085373,0.0044811694258899675,52187.43574221037,0.014507245508889797,168950.5284976579
2023-08-30,2023-08-29,11956185.264793677,0.037361442080905194,446700.3232791611,0.029547676360050894,0.04174431753626366,353277.492704933,499102.7942159439,0.004426642558715551,52925.75853302345,0.012196641176212768,145825.3015110109
2023-08-31,2023-08-30,12202374.648830807,0.0375947415181091,458745.12082992145,0.028332256100496268,0.041793813058071456,345720.80358487763,509983.7649377851,0.004381428494330327,53463.83198488132,0.013461556957575189,164262.96135290747
2023-09-01,2023-08-31,12241449.888638454,0.03762857456275216,460628.3098908262,0.028209311367877375,0.04198310629232249,345322.87150286994,513934.0918468475,0.00457903569826416,56054.036038587314,0.013773794924445117,168611.22034397756
2023-09-05,2023-09-01,12442952.896818778,0.03759727672420353,467821.1433279255,0.028218820504430447,0.04216342356030191,351125.45434041193,524637.4933294557,0.00454772640033278,56587.14538696,0.01394460305587146,173512.0389890438
2023-09-06,2023-09-05,12441653.308649518,0.03741029793449351,465445.95707425545,0.02604195991601046,0.04195854035265501,324005.03675274964,522033.6124047145,0.004919501557571368,61206.73283066427,0.015916580436644553,198028.57565196487
2023-09-07,2023-09-06,12384646.845040662,0.037450793973188,463814.8574243106,0.02839867948878489,0.041931468613274014,351707.6163341008,519306.43046930555,0.0048602673255427106,60192.694399336746,0.013532789124489124,167598.81413520477
2023-09-08,2023-09-07,12078002.017341048,0.03712934590536878,448448.3147475977,0.025753794775614368,0.04191008179301609,311054.38525405765,506190.0524429767,0.0048144945039263354,58149.47433089966,0.016156287017401724,195135.66718891903
2023-09-11,2023-09-08,11787753.718587432,0.03721060469658274,438629.44388303015,0.02805928590463939,0.0419180603645918,330755.9517633209,494119.77193868946,0.00477127563882938,56242.62215401665,0.01385877445995241,163363.82017536857
2023-09-12,2023-09-11,12068072.21872551,0.0376386312263343,454225.7198533794,0.02795227366735056,0.042427132161470475,337330.0572951659,512013.69495803746,0.004591133176092606,55406.12673487219,0.014474858494119915,174683.63766287157
2023-09-13,2023-09-12,11927215.82966896,0.03785426221348151,451495.95549307624,0.028430039829135497,0.042292354867122316,339091.2210881839,504430.04444511834,0.0045167773164884895,53872.5779083112,0.013862315037986819,165338.82335693442
2023-09-14,2023-09-13,11855068.833336528,0.03763427007524331,446156.8622343865,0.02738847691553844,0.04227753172098393,324692.2790739567,501203.04865583306,0.004667338989177002,55331.62498520869,0.014889054805445494,176510.76958187635
2023-09-15,2023-09-14,12146562.47055244,0.03858446478254221,468668.61187397956,0.028841479872164524,0.042327967166126114,350324.8370104272,514139.2974348434,0.004632691306891286,56271.27436594024,0.01348648729396159,163814.46042441617
2023-09-18,2023-09-15,11932441.410316532,0.038130334445870134,454987.9817311197,0.02847447267683967,0.04226589279254684,339769.9769060483,504335.289401785,0.004745266267622543,56622.611714757404,0.013791420115707172,164565.3124957367
2023-09-19,2023-09-18,11610846.446009522,0.037708092832617196,437822.8756513905,0.02593534597200176,0.04175085092195588,301131.319605044,484762.7190450648,0.00507487376517068,58923.580020278954,0.01581550494995412,183631.39944002085
2023-09-20,2023-09-19,11378810.278526125,0.03654347574411527,415821.27741020895,0.02658519895414159,0.04152667502636247,302507.9351160483,472524.1566229874,0.005208787347526235,59269.80300868835,0.014941476072220877,170016.2215069391
2023-09-21,2023-09-20,11191996.939565541,0.035311723374380245,395208.6999368487,0.025651125127406714,0.04138323435806239,287087.3139223487,463161.0322847578,0.005308845401364592,59416.58148469911,0.015732109230655676,176073.7183624091
2023-09-22,2023-09-21,10915999.976117976,0.03564920576734888,389146.7293050052,0.02564674190998659,0.041233268468263265,279959.8340769175,450102.35761482787,0.005349523626452009,58395.399778592684,0.015586526558276675,170142.52353791037
2023-09-25,2023-09-22,10740294.96819388,0.035641368796755515,382798.8139473356,0.025569326751453948,0.041120161888143346,274622.111448746,441642.66781854373,0.005361811791979197,57587.440209796776,0.015550835136689398,167020.55636979773
2023-09-26,2023-09-25,10627765.829874277,0.03504833068428651,372485.4512405943,0.026864012080284626,0.0409995736616882,285504.42964017874,435733.8680011033,0.005351216122435518,56871.471854292526,0.014135561581403576,150229.43836092454
2023-09-27,2023-09-26,10436092.041711913,0.035061188958568246,365901.79506347165,0.026511946692070826,0.0408609427554533,276681.11588341085,426428.5595070323,0.0051766573254614055,54024.07231691745,0.014348996063382476,149747.44362362142
2023-09-28,2023-09-27,10608899.73791873,0.035180247432684164,373223.7177685191,0.024917317251291673,0.04105593331117449,264345.3204568661,435558.28014492797,0.0054556495014525825,57878.438566136756,0.01613861605988282,171212.95968806185
2023-09-29,2023-09-28,10696329.424638629,0.03517102746340992,376200.89595164487,0.02513906361101708,0.040885196152205254,268895.70581038424,437321.52663495514,0.005368073334505871,57418.68076149315,0.015746132541188174,168425.8208245709
2023-10-02,2023-09-29,10847493.751505448,0.035254339417234604,382421.22654190456,0.02533716232208541,0.040885462172029055,274844.7099697007,443504.7954384975,0.005435446943126672,58960.97675220596,0.015548299849943645,168660.08546879678
2023-10-03,2023-10-02,10630605.914804406,0.03442768190754956,365987.11891940096,0.024689218562042075,0.04076036939412981,262461.35287754325,433307.42397084885,0.0053977434825538614,57381.28379223401,0.016071150832087735,170846.0710933056
2023-10-04,2023-10-03,10232307.04478122,0.03716177498209311,380250.6919458458,0.02734874797367913,0.04068046297785551,279840.78655702306,416254.9879132725,0.004783377784882239,48944.99020610052,0.013331715004176382,136414.20135624945
2023-10-05,2023-10-04,10281545.63967865,0.03732235187338575,383731.46416636155,0.02652587605659026,0.04081094483263412,272727.0053082919,419599.5918951353,0.0048765487434210605,50138.4584696012,0.014285068776043863,146872.58658684342
2023-10-06,2023-10-05,9965554.132848011,0.03732760290186196,371990.2473679599,0.02615666939676695,0.04049361059709002,260665.70480848997,403541.2684397685,0.004753610920080049,47372.366950555166,0.014336941200323073,142875.56363127855
2023-10-09,2023-10-06,10209880.864729136,0.03745332278193645,382393.9635918168,0.026109003903274162,0.0407717500708135,266569.8193491772,416274.7108695176,0.004743987693876221,48435.549178217334,0.01466274616753934,149704.8915203404
2023-10-10,2023-10-09,10130603.950932281,0.03490155200985422,353573.80068469764,0.025028521783067702,0.04043072689328064,253554.04166154034,409587.6816041329,0.005091098951790649,51575.907155597546,0.015402205110212935,156033.63994259253
2023-10-11,2023-10-10,10325661.219140222,0.03464411930877401,357723.4392178747,0.02481938724501854,0.04048911511312832,256276.5843587114,418076.8857209334,0.004965295423742536,51269.95839851272,0.01566972786810978,161800.30136222197
2023-10-12,2023-10-11,10276118.844118219,0.03417833957514206,351220.6793687888,0.02489900040018425,0.04027111300728387,255865.08721204047,413830.7432477641,0.004880407919064044,50151.65178407781,0.01537211260709962,157965.65603572366
2023-10-13,2023-10-12,9782035.55948535,0.03323770301037749,325132.3927631259,0.02473749861921256,0.04634640862070639,241983.091145857,453362.21718218824,0.005776781052828384,56508.67767812847,0.021608910001493828,211379.12603633123
2023-10-16,2023-10-13,9655796.45134056,0.03350634515167389,323530.4486129247,0.024858915423099367,0.04565857393953382,240032.62732653797,440869.89621862123,0.005542457964433242,53516.845944678724,0.020799658516434453,200837.26889208326
2023-10-17,2023-10-16,9904304.69876145,0.033432463186973085,331125.30223390675,0.02456425486413516,0.045715070990064645,243291.86487242766,452775.9924111105,0.00553788616729868,54848.911987982356,0.021150816125929485,209484.12753868283
2023-10-18,2023-10-17,10032181.767834248,0.033184694112420386,332914.8832457803,0.024551943156441956,0.04545203608050488,246309.55649895984,455983.0876777855,0.0056162662896770705,56343.404274600405,0.020900092924062925,209673.53117882565
2023-10-19,2023-10-18,9628772.236901138,0.03646473434082446,351110.6216469061,0.02492199045941323,0.04473620083375409,239968.16982391317,430754.68857248494,0.005305653809569414,51086.93210019073,0.01981421037434086,190786.51874857178
2023-10-20,2023-10-19,9387899.313953336,0.03637753816953303,341508.6656250704,0.02502515279831101,0.04468114543645183,234933.61478684135,419462.0945895154,0.005290382125085501,49665.57472264116,0.019655992638140822,184528.47980267406
2023-10-23,2023-10-20,9311264.575086577,0.03645487157170748,339440.9542549706,0.025198473734921303,0.04431011493110374,234629.65583422227,412583.20347600104,0.005204406309286742,48459.60410201872,0.019111641196182437,177953.54764177877
2023-10-24,2023-10-23,9302552.16990444,0.036367075650633074,338306.61850687565,0.026176825887819267,0.045083877908511975,243511.28846394387,419395.12626553496,0.00528644240584095,49177.40627353058,0.01890705202069271,175883.8378015911
2023-10-25,2023-10-24,9428860.759169333,0.03643201932305045,343512.4373724093,0.025012515859160558,0.045503833381531064,235839.5292725396,429049.3089628978,0.0054445037615106166,51335.46787005728,0.020491317522370506,193209.7796903582
2023-10-26,2023-10-25,9093823.37598658,0.0361830161998874,329041.9585322371,0.025737104852254576,0.04446018716227828,234048.6857356503,404313.0893170647,0.004527775374703887,41174.78954369861,0.018723082310023703,170264.40358141437
2023-10-27,2023-10-26,8895726.345404686,0.0361425761975821,321514.4672716274,0.026059102906287608,0.04399916895704108,231814.6482610745,391404.56646706234,0.0046265783630060515,41156.77503287222,0.01794006605075347,159589.91820598784
2023-10-30,2023-10-27,8839684.085857548,0.03638560396753635,321637.24434614636,0.026129248468688627,0.04460695925815414,230974.30186408455,394311.42787280114,0.004617137255298447,40814.03471788168,0.01847771078946551,163337.1260087166
2023-10-31,2023-10-30,8959643.334081326,0.036360470948494,325776.85115773196,0.025604645448042373,0.044288786640185394,229408.4909100686,396811.7319952871,0.004703237127293801,42139.32717616171,0.01868414119214302,167403.24108521853
2023-11-01,2023-10-31,9110067.326713067,0.036464224594019795,332191.5410679068,0.025615918131684578,0.04454659115988909,233362.7388152165,405822.4446421507,0.004819061044190164,43901.97056411257,0.018930673028204514,172459.70582693422
2023-11-02,2023-11-01,9051420.501711912,0.03663997527329899,331643.82337095606,0.02543437969020136,0.04451404172996073,230217.2657762137,402915.3099286261,0.004896579445551285,44320.99958172405,0.019079662039759367,172698.04415241242
2023-11-03,2023-11-02,9792373.046496868,0.03643651470447184,356799.94450035685,0.025442852444943504,0.0452599867654546,249145.9025078617,443202.6744868426,0.005162998674545586,50558.009059719254,0.019817134320511093,194056.7719789809
2023-11-06,2023-11-03,10516321.918319223,0.03655308955126489,384404.05683025235,0.02563462707369685,0.04641354703322176,269581.9905630576,488099.8019724101,0.00510178717462562,53652.03628711531,0.020778919959524907,218517.81140935252
2023-11-07,2023-11-06,10423587.59947213,0.0367143171167161,382694.90062088927,0.02621403162059929,0.046151111129484446,273244.254932649,481060.1496711543,0.005117199128608431,53339.573380992435,0.019937079508885156,207815.89473850525
2023-11-08,2023-11-07,10497371.78086335,0.03711694077398461,389630.3266728023,0.02671381595698693,0.04584778131879444,280424.85778605164,481281.20583110664,0.00513088519653383,53860.80947294373,0.01913396536180751,200856.348045055
2023-11-09,2023-11-08,10442303.344748223,0.03726276451469395,389109.09052635403,0.026733134264869673,0.045713949918826324,279155.49734965194,477358.9321390129,0.005068207557638804,52923.760731009905,0.01898081565395665,198203.43478936097
2023-11-10,2023-11-09,10012602.669041447,0.038543401707485214,385919.76681030315,0.02766166455385125,0.046130153554263024,276965.25634202024,461882.8986007058,0.004602164394128087,46079.643496014396,0.018468489000411776,184917.64225868555
2023-11-13,2023-11-10,10025633.175060613,0.03844021208372006,385387.4655229097,0.02763608141774798,0.0458784684242926,277069.2146904503,459960.6950555587,0.004671781559364167,46837.568188197794,0.01824238700654462,182891.4803651084
2023-11-14,2023-11-13,9959703.718780348,0.03821703550634825,380630.35065333726,0.02650647688787941,0.04534502114608882,263996.6564319779,451622.97573687433,0.004640031250813977,46213.336503989,0.01883854425820941,187626.3193048964
2023-11-15,2023-11-14,10606116.132805742,0.038667835222121714,410115.55097001925,0.02714074369546055,0.04513303376469993,287857.87956476986,478686.1975342502,0.004737897362810335,50250.689655280476,0.017992290069239383,190828.31796948035
2023-11-16,2023-11-15,10857988.798941262,0.038630258641087364,419446.9156251305,0.026695290245706542,0.045675619061680266,289857.1624723676,495945.3601564323,0.004803344263567869,52154.658211278685,0.018980328815973724,206088.19768406474
2023-11-17,2023-11-16,10599501.950203752,0.03862041467878517,409357.16070546105,0.027474619441421058,0.045297781039947534,291217.2823504484,480133.9184728264,0.004595599502458065,48711.06588865966,0.017823161598526475,188916.636122378
2023-11-20,2023-11-17,10871650.57943939,0.03844706286090389,417983.0332294884,0.026515198593275377,0.04499045833138029,288263.97415053274,489120.54238759424,0.004642364678474808,50470.16664670961,0.01847525973810491,200856.5682370615
2023-11-21,2023-11-20,11037643.53120614,0.03865907941426294,426705.1378192238,0.02651424585396746,0.04497392894849508,292654.7942348532,496406.19593128125,0.004625986097265138,51059.98552192809,0.018459683094527616,203751.40169642807
2023-11-22,2023-11-21,10925692.774367278,0.038311691316188605,418581.76898707147,0.02622140379555883,0.04556203697635574,286487.00198290386,497796.81817802467,0.0047866710240923125,52297.6970211986,0.019340633180796908,211309.8161951208
2023-11-24,2023-11-22,10978358.812972963,0.03841798534777262,421766.42801938567,0.026076050437934394,0.04625757054234376,286272.23813282454,507832.2072302581,0.004787358419662009,52557.33849735674,0.020181520104409365,221559.96909743355
2023-11-27,2023-11-24,11042011.868617294,0.038319133718691105,423120.3293169203,0.026029116392640647,0.045563920583367626,287413.812137159,503117.35186228115,0.004640492753243492,51240.37605754719,0.01953480419072698,215703.53972512216
2023-11-28,2023-11-27,11176654.585176716,0.03719988520675028,415770.267564073,0.026278957616703714,0.04486176407609047,293710.8321403962,501404.44116015267,0.0054075039308904,60437.8036035473,0.018582806459386758,207693.6090197565
2023-11-29,2023-11-28,11416536.022072397,0.03725298949478561,425300.0964971045,0.02508895128120433,0.04553023629533661,286428.91605788865,519797.58275917853,0.00557648215378276,63664.10938510474,0.020441285014132282,233368.66670128988
2023-11-30,2023-11-29,11662094.533957766,0.03705820028225177,432176.23494996055,0.025158724176250112,0.04610638646392028,293403.41969719756,537697.0375614291,0.005631210086876581,65671.7043737312,0.02094766228767017,244293.61786423152
2023-12-01,2023-11-30,11496105.340677548,0.03680379176705365,423100.2670904099,0.02611131714594062,0.04626474227705076,300178.4524935732,531864.3507762736,0.005410224517060003,62196.51096483811,0.020153425131110143,231685.89828270045
2023-12-04,2023-12-01,11986094.853667714,0.03680174997820893,441109.266019776,0.02477869428294571,0.04664996783149968,296999.7800254212,559150.9393489028,0.005506074792138096,65996.33472995595,0.021871273548553973,262151.1593234816
2023-12-05,2023-12-04,12248748.225739494,0.03664483756136039,448853.389062225,0.02518496512314906,0.04649691650277783,308484.29686748306,569529.0235157574,0.005581211295775649,68362.8519566092,0.021311951379628772,261044.72664827434
2023-12-06,2023-12-05,11899938.086093849,0.03667291125833814,436405.3734110379,0.02677217465020888,0.04658668438182261,318587.2207675769,554378.6597800844,0.005420512464766653,64503.762725623135,0.019814509731613732,235791.4390125075
2023-12-07,2023-12-06,11806607.567334734,0.036208524795612734,427499.84285390866,0.027724744016379074,0.04596637475076064,327335.17250619957,542706.9479752748,0.005198416771773218,61375.66679577748,0.018241630734381564,215371.7754690752
2023-12-08,2023-12-07,11815061.930007966,0.03629152196786327,428786.5795845491,0.02668407927070598,0.04573720536881964,315274.049128633,540387.9139380968,0.0051200099824706205,60493.235025149384,0.019053126098113656,225113.86480946385
2023-12-11,2023-12-08,11874108.177611016,0.03662030849104201,434833.50452012004,0.027081872394752914,0.046259324527279086,321573.0824675536,549288.2236601264,0.005243498930710902,62261.87353244893,0.01917745213252617,227715.14119257283
2023-12-12,2023-12-11,11999270.192938428,0.03635955901852418,436288.17275936285,0.025479521442762096,0.04600932928704353,305735.66217847075,552078.3735111105,0.0057818455465905175,69377.9269273774,0.020529807844281434,246342.7113326398
2023-12-13,2023-12-12,11902750.178330448,0.036243641236058964,431399.0071858456,0.025414871645467553,0.04590352788480811,302506.8680103344,546378.2247168964,0.005832847527722315,69426.9269507711,0.020488656239340555,243871.35670656204
2023-12-14,2023-12-13,12535299.43083155,0.03659898220376893,458779.20078791864,0.02585825060631849,0.04595612698847738,324140.91410768375,576073.812481883,0.005672475867967694,71106.18351914114,0.020097876382158892,251932.89837419923
2023-12-15,2023-12-14,13121180.891440727,0.036590353984454475,480108.6535118761,0.026642535461857294,0.04539622191044882,349581.52720165387,595652.0394749839,0.0057211872629062376,75068.7329903994,0.018753686448591527,246070.51227333007
2023-12-18,2023-12-15,12966328.313058011,0.03660459014646056,474627.1336039358,0.027033714716590978,0.04511162965808395,350528.0205368666,584932.2008838014,0.005624690463928874,72931.58321462836,0.01807791494149297,234404.18034693482
2023-12-19,2023-12-18,12952673.197881239,0.03678662310586711,476485.10714392364,0.027409166869242982,0.045370723560022606,355021.981083498,587672.1550243837,0.005770359903488896,74741.58606404919,0.017961556690779625,232650.1739408857
2023-12-20,2023-12-19,13315150.980210913,0.03710932703027638,494116.2921821519,0.027597540151114014,0.04556622409714935,367465.4137945158,606721.1534516683,0.005842400794935632,77792.4486714722,0.01796868394603534,239255.7396571525
2023-12-21,2023-12-20,12867083.54274537,0.0366605867070778,471714.83188603044,0.027620893598335777,0.04502552521791923,355400.34545506723,579347.1945349552,0.005225083048767112,67231.58010626912,0.01740463161958345,223946.84907988796
2023-12-22,2023-12-21,13109755.934769366,0.03700862988054636,485174.10521417554,0.02897292215703508,0.045557053586343044,379827.9381958015,597241.8536241667,0.00527491306793122,69152.8228977038,0.016584131429307963,217413.91542836517
2023-12-26,2023-12-22,12934461.188895332,0.03705684887893665,479310.3736073656,0.0275117601228397,0.04575557339702659,355849.7935470684,591823.6882794922,0.005221076490829885,67531.81123489299,0.018243813274186893,235973.89473242383
2023-12-27,2023-12-26,12966822.58677736,0.036826965932356875,477528.73365416547,0.02857163073017942,0.045383546780399735,370483.2666931526,588480.3994601542,0.005031329923292136,65240.36249087326,0.016811916050220314,217997.13276700163
2023-12-28,2023-12-27,13034205.86861806,0.03682900024717288,480036.7711570367,0.027685196930607076,0.04537689954003557,360854.5563067655,591451.8502844238,0.005208389107010514,67887.21586464281,0.017691702609428494,230597.29397765832
2023-12-29,2023-12-28,13061563.94291408,0.0367800443867596,480404.9015808786,0.027547851492930844,0.04856149721532593,359818.02376481734,634289.1010416237,0.005316858699236781,69446.4898755202,0.02101364572239509,274471.0772768064
2024-01-02,2023-12-29,12802987.612332262,0.03665621477213033,469309.0636425755,0.02756353227151835,0.04504960661331612,352895.56222436996,576769.5554107279,0.005175145177782909,66257.31960317562,0.017486074341797768,223873.9931863579
2024-01-03,2024-01-02,12452592.106481496,0.03536189711197575,440347.2808468001,0.02770172761694706,0.04313097933242213,344958.3146586954,537092.4927797364,0.004525159341447662,56349.963495882155,0.015429251715475073,192134.17812104098
2024-01-04,2024-01-03,11923466.179234907,0.036433906058250795,434418.4466629751,0.027772097625752248,0.04298808379071295,331139.666767067,512566.96318868216,0.0046040551155468856,54896.29545755675,0.015215986164960702,181427.29642161517
2024-01-05,2024-01-04,11924613.458285606,0.03657179982515971,436104.57638882665,0.027619141110446957,0.0429787746375512,329347.581791925,512505.27446356707,0.004666253643549966,55643.27099765017,0.01535963352710424,183157.69267164206
2024-01-08,2024-01-05,11973019.463716934,0.03645715985398647,436502.2845236196,0.02771484251695732,0.042860390616140644,331830.3488893796,513168.29106956255,0.004801298984936945,57486.0461977744,0.015145548099183323,181337.94218018296
2024-01-09,2024-01-08,12300577.258019716,0.03642161364649428,448006.87252044806,0.02776587866877248,0.04296801187926608,341536.3357020375,528531.3497444213,0.004673984253946382,57492.70441843512,0.015202133210493598,186995.01404238382
2024-01-10,2024-01-09,12224816.928274546,0.036373973600293055,444665.16821747395,0.02775640654651779,0.04277268337772365,339316.9886179411,522888.2238237233,0.004782887003709734,58469.91800897508,0.01501627683120586,183571.23520578223
2024-01-11,2024-01-10,12163859.372729942,0.03643025134495048,443132.4542731835,0.027073325220324115,0.042867862505285216,329316.1207322054,521438.651123812,0.005005776917247194,60889.56647265248,0.0157945372849611,192122.53039160662
2024-01-12,2024-01-11,11982951.56429107,0.03638873540707472,436044.4538687798,0.027258948506828706,0.0428127637585468,326642.65965083276,513023.27445210237,0.004906739210034958,58797.21829245673,0.015553815251718093,186380.6148012696
2024-01-16,2024-01-12,11699413.927469797,0.036082627690047955,422145.5969366544,0.02706227695556318,0.0426000165465826,316612.7799229608,498395.22689553234,0.004791167597837946,56053.85292298727,0.015537739591019423,181782.44697257155
2024-01-17,2024-01-16,11694708.334680362,0.0350103086184246,409435.3479996219,0.02648230153215551,0.04181839874467026,309702.7924496176,489053.9763422821,0.004825332259677019,56430.85339484686,0.015336097212514752,179351.1838926645
2024-01-18,2024-01-17,11726826.297708109,0.03521186151938211,412923.38365674636,0.025992468117834937,0.041813076679292495,304809.15866656636,490334.6871908129,0.004599682689866364,53939.67992863765,0.015820608561457557,185525.52852424653
2024-01-19,2024-01-18,11918028.938962432,0.03552537457301632,423392.4422286886,0.024454624957687913,0.041724666456041316,291450.9279371975,497275.7822916554,0.0050062893455195545,59665.10129672134,0.017270041498353404,205824.85435445793
2024-01-22,2024-01-19,12173466.089200221,0.0359606684422859,437765.9778271399,0.02435939412614014,0.042138733350943744,296538.25834803004,512974.4414895641,0.0051238038561772625,62374.45249088723,0.017779339224803604,216436.18314153404
2024-01-23,2024-01-22,12540246.532125201,0.035994397110911035,451378.61354603944,0.024465568271515786,0.042589328322011226,306804.2576733482,534080.6767956429,0.004903010057612909,61484.95487195527,0.01812376005049544,227276.41912229476
2024-01-24,2024-01-23,12409597.945915528,0.035990950876692136,446633.2300709454,0.025847032539897657,0.04209274960079335,320751.2819151258,522354.09898394183,0.004956773899701723,61511.5712041062,0.016245717060895695,201602.81706881605
2024-01-25,2024-01-24,12094610.36155404,0.03558111326286682,430339.70114469697,0.0241628271775682,0.04154430596763052,292239.9799462559,502462.1934196754,0.005081150465062949,61454.53506336547,0.01738147879006232,210222.21347341948
2024-01-26,2024-01-25,12203625.849995358,0.03532319535441096,431071.05993152555,0.024122868605939388,0.041287928195129525,294386.4628954834,503862.42781483487,0.004919844365770452,60039.9398800703,0.017165059589190138,209475.96491935145
2024-01-29,2024-01-26,12276496.57296253,0.0353544270442456,434028.50244773494,0.02415648244953333,0.041474127220518076,296556.9740065254,509156.98068930215,0.004919884004397336,60398.93911935706,0.017317644770984745,212600.00668277673
2024-01-30,2024-01-29,12525183.196899556,0.035811377682486864,448544.0660065082,0.02418052447942934,0.0416625123322174,302865.4989019667,521830.5994041099,0.005008494603247157,62732.3124463534,0.01748198785278806,218965.10050214315
2024-01-31,2024-01-30,12372946.904252024,0.03565203461017187,441120.7312602121,0.024119661581006705,0.04141796220800766,298431.2920903234,512462.2472819957,0.005195407158853936,64282.496922470615,0.017298300627000957,214030.9551916723
2024-02-01,2024-01-31,12025552.900262011,0.03562235995517376,428378.5740731171,0.026229671708189243,0.04144398755216343,315426.3046833356,498386.8647063416,0.004729899357301903,56879.65493414933,0.015214315843974185,182960.560023006
2024-02-02,2024-02-01,12238412.320608845,0.035626295268917606,436009.29095676984,0.025501520752290136,0.04122765539733108,312098.12576908973,504561.04576451244,0.004726799934958376,57848.52656104767,0.015726134645040944,192462.9199954227
2024-02-05,2024-02-02,12383012.894649114,0.03579758605288515,443281.96969018807,0.025751852385949986,0.041188628316771475,318885.52015631925,510039.3155594908,0.004811030924937716,59575.05798005939,0.01543677593082149,191153.79540317156
2024-02-06,2024-02-05,12202134.730593769,0.0358848978255754,437872.3580612624,0.025119135343851098,0.04116997445603913,306507.0737816909,502361.5751676934,0.004760771075278005,58091.57008205599,0.01605083911218803,195854.50138600246
2024-02-07,2024-02-06,12507343.754101144,0.035875379017359085,448705.6976787774,0.02548570914916023,0.041704592042794475,318758.5251455876,521613.66880378174,0.004858107894522913,60762.02543131061,0.016218882893634243,202855.1436581941
2024-02-08,2024-02-07,12588528.645357389,0.03579257596125062,450575.8677793337,0.025264618536444055,0.04149472860280256,318044.37416005327,522357.5796477106,0.004906426317470871,61764.68824381743,0.016230110066358504,204313.20548765734
2024-02-09,2024-02-08,12866025.853146039,0.035832559830852144,461022.6411681459,0.025593350694490553,0.042172018147187816,329284.71170394856,542586.2757610624,0.0049970790128222335,64292.54776918434,0.016578667452697263,213301.56405711384
2024-02-12,2024-02-09,13071471.67917801,0.03584791801100024,468585.04503828497,0.025684004223486715,0.04223874183483742,335727.73381519504,552122.5176581887,0.004876626073221443,63744.679606055164,0.016554737611350703,216394.78384299367
2024-02-13,2024-02-12,13397631.455031833,0.035839062437909755,480158.55023698957,0.025796455095804083,0.04241012192499908,345611.398219861,568195.1835141028,0.004942057832772371,66211.86947293756,0.016613666829194997,222583.78529424185
2024-02-14,2024-02-13,12825788.231703458,0.03625836924514078,465042.16556508525,0.026933456357805363,0.042107498662300034,345442.8075930387,540061.860809397,0.004870629115689839,62469.65759300696,0.015174042304494671,194619.05321635824
2024-02-15,2024-02-14,13093567.741071012,0.036596440695074846,479177.9753230504,0.026631542369240074,0.04230088485153558,348701.9040608477,553869.5013108257,0.004904492851439035,64217.30938591553,0.01566934248229551,205167.597249978
2024-02-16,2024-02-15,13464101.07396367,0.036551220934856826,492129.3330436892,0.02747167276075094,0.04258604286277452,369881.37872160523,573382.7854445453,0.004865209331604787,65505.670186718075,0.015114370102023583,203501.4067229401
2024-02-20,2024-02-16,12901265.896439549,0.03640193501514787,469631.0427753359,0.027950720133688052,0.04261731157780748,360599.6724416759,549817.268456706,0.0038232271196040994,49324.46965249118,0.014666591444119428,189217.59601503005
2024-02-21,2024-02-20,12564675.61307606,0.03599333234733021,452244.54517784156,0.027484383299434423,0.04275575880069576,345332.3605828386,537212.2399216641,0.0037485299125464334,47099.062377058304,0.015271375501261335,191879.87933882553
2024-02-22,2024-02-21,12306287.605777651,0.03592913414656002,442154.2582341342,0.02730219560457868,0.042467651436947564,335988.67137914366,522619.13252499327,0.0038473900269880065,47347.088203715044,0.015165455832368883,186630.4611458496
2024-02-23,2024-02-22,12567448.150377257,0.036251917226953416,455594.0901015051,0.027590330646100794,0.0431488435084886,346740.04984663636,542270.8535416727,0.003956300080651446,49720.59613092041,0.015558512862387804,195530.80369503633
2024-02-26,2024-02-23,13136517.844713122,0.0370349217249216,486509.91011698626,0.0280130956039436,0.043420189603879056,367994.5302868598,570390.0955521844,0.0039139645369040505,51415.86498261439,0.015407093999935458,202395.5652653246
2024-02-27,2024-02-26,13109544.01434388,0.03719234828269648,487574.7268088165,0.02820556413214656,0.04344754645057977,369762.0844397744,569577.5225091258,0.003877579306745526,50833.296590889506,0.015241982318433211,199815.43806935137
2024-02-28,2024-02-27,13713239.045141581,0.03771310236527218,517168.78786887176,0.028351535673660538,0.043625100477818674,388791.3859897661,598241.4312206476,0.004536224118919628,62206.32570508161,0.015273564804158136,209450.04523088154
2024-02-29,2024-02-28,13573808.969638452,0.03726394694246473,505813.6972517591,0.0278136049483797,0.043465582236420636,377536.5603262968,589993.5100312842,0.004516012216996085,61299.48713805829,0.015651977288040936,212456.9497049874
2024-03-01,2024-02-29,13654549.871981686,0.037531521559832776,512476.0329100925,0.027655325900454063,0.043487314831891395,377621.0267336568,593799.70917063,0.004372861941105451,59709.46145811502,0.015831988931437332,216178.68243697315
2024-03-04,2024-03-01,13949691.475882027,0.03797414390666926,529727.5915587817,0.027815708113656815,0.04362135653667094,388020.54636870103,608504.4654460093,0.004584353115256822,63950.3115743313,0.015805648423014122,220483.91907730827
2024-03-05,2024-03-04,13966653.56641935,0.03811435105107318,532329.9370392303,0.027544969857246197,0.04360354214370816,384711.0514936211,608995.5673899379,0.004361018674135179,60908.83701833148,0.016058572286461962,224284.51589631685
2024-03-06,2024-03-05,13618818.105511291,0.037622914551735005,512379.6298792729,0.027562578676730655,0.04359217610345432,375369.74551723886,593673.9171763603,0.004467511676274539,60842.22890343079,0.016029597426723663,218304.1716591214
2024-03-07,2024-03-06,13532830.790164705,0.03767066054425363,509790.67489911825,0.027815441936046074,0.04353030910955309,376421.6690741629,589088.3074231473,0.004348399641937002,58846.15656234624,0.015714867173507018,212666.63834898436
2024-03-08,2024-03-07,13667606.417761233,0.037562242252262776,513385.9432725289,0.02750083458658321,0.041845137356776495,375870.5832893748,571922.8678895787,0.004205213584768369,57475.204179236884,0.014344302770193284,196052.28460020392
2024-03-11,2024-03-08,13887085.739555087,0.038075196540286974,528753.5189053764,0.027695982409843514,0.04230222183268947,384616.4823667064,587454.5815642377,0.004422879559285667,61420.90765552567,0.014606239422845953,202838.0991975313
2024-03-12,2024-03-11,13687052.133893287,0.03736142286201592,511367.7425088445,0.027055165094970336,0.04193116428567798,370305.4551459489,573914.0316129188,0.004427856072892142,60604.29691105074,0.014875999190707645,203608.5764669699
2024-03-13,2024-03-12,13854217.796312006,0.03693207521673962,511665.01372248767,0.026448308112028827,0.04189395798315524,366420.620928013,580408.0182481768,0.004303697054103405,59624.356316894955,0.015445649871126413,213987.3973201638
2024-03-14,2024-03-13,14200764.690935215,0.03373237299652548,479025.4913905155,0.026513740923141203,0.04206079208737647,376515.39592594764,597295.411147183,0.004473306803217002,63524.37730284429,0.015547051164235264,220780.0152212354
2024-03-15,2024-03-14,14283738.68044195,0.03289400576983727,469849.38256930525,0.025482658444838137,0.04118907427711617,363987.6341090252,588333.9734636408,0.004419498518388731,63126.961935265004,0.015706415832278033,224346.3393546156
2024-03-18,2024-03-15,14153390.570827838,0.03330738283078211,471412.3980961446,0.02593210370927614,0.04136172511633136,367027.1921205985,585408.6502546573,0.0043214430419440935,61163.0712022211,0.015429621407055224,218381.45813405875
2024-03-19,2024-03-18,14218573.854088372,0.03343203076622999,475355.79854179575,0.02528485337323431,0.043743784661874556,359514.55507712753,621974.2328722015,0.004674263961639851,66461.36735207992,0.018458931288640245,262459.67779507395
2024-03-20,2024-03-19,14223504.890754119,0.0331761671617231,471881.3758812447,0.02460732651372829,0.04105949087127195,350002.42901639786,584009.8692194106,0.004517179955041335,64250.13118294689,0.016452164357543656,234007.44020301272
2024-03-21,2024-03-20,14851103.83073358,0.030400727555959444,451484.3614633972,0.024346427670882062,0.04125557433020599,361571.32524771465,612690.8179744362,0.004694160745957406,69713.46863636724,0.01690914665932393,251119.49272672157
2024-03-22,2024-03-21,15231880.782076433,0.030362619087609805,462479.7941740709,0.024648362419785082,0.041101020559431906,375440.9178515794,626045.8451829392,0.004493553528038098,68445.27162695525,0.016452658139646824,250604.92733135982
2024-03-25,2024-03-22,14880441.631177833,0.030242559286117503,450022.63823450665,0.02466362936820464,0.04106259233980398,367005.69722657255,611029.5085373031,0.004410812484966207,65634.8377286101,0.01639896297159934,244023.81131073053
2024-03-26,2024-03-25,14973417.776738383,0.030650503388966962,458942.79231033794,0.024708917492026583,0.0411581818780749,369976.9444190728,616278.6521913983,0.004432389791002304,66368.02409002763,0.016449264386048316,246301.7077723255
2024-03-27,2024-03-26,15190355.257874973,0.030737419135218012,466912.31637416576,0.02481265238860335,0.04107012355211201,376913.0046730449,623869.7672413994,0.004307318292532345,65429.695072309754,0.01625747116350866,246956.7625683545
2024-03-28,2024-03-27,15163501.454061506,0.03038553128754114,460751.04786106147,0.024302090877453778,0.041519365486827345,368504.79035700526,629578.9589312176,0.0042765694177780865,64847.76658487298,0.017217274609373567,261074.1685742123
2024-04-01,2024-03-28,15362307.342852665,0.030303566582410096,465532.70342358324,0.023937732052344063,0.041508424472512295,367738.7968789648,637665.1740643209,0.0047436958090230795,72874.11295921466,0.017570692420168232,269926.37718535605
2024-04-02,2024-04-01,15155075.81244423,0.030218294820671242,457960.5489300635,0.02396247392211288,0.04144210823359962,363153.10894333856,628058.2921077214,0.004475992024996893,67833.99847472369,0.017479634311486737,264905.1831643829
2024-04-03,2024-04-02,14656521.532509921,0.03234807247093421,474110.22070543864,0.02537458203188149,0.041225301945451445,371903.1079287104,604219.5256477322,0.004082492325772575,59835.13667899225,0.015850719913569955,232316.4177190218
2024-04-04,2024-04-03,14389673.217482533,0.03212475178596054,462264.68039271055,0.02556017004071664,0.041225700738480454,367802.49426919967,593224.361788462,0.004079246591949878,58699.02543168806,0.015665530697763816,225421.86751926236
2024-04-05,2024-04-04,14253434.0347362,0.03180274967063579,453298.3945536356,0.025846399275204754,0.041110995125033606,368399.9471045845,585972.857117028,0.003971780783595834,56611.51539941608,0.015264595849828852,217572.9100124435
2024-04-08,2024-04-05,14422626.719704669,0.02996250266851843,432137.99157619633,0.024874466450096337,0.035787799975220046,358755.14446155675,516154.08016205474,0.003056250436540817,44079.159208162644,0.01091333352512371,157398.935700498
2024-04-09,2024-04-08,14401383.194413323,0.029752678364845252,428479.7221922673,0.02466616142908955,0.03588142110789874,355226.8426755764,516742.0949349604,0.003154274462001286,45425.915227632446,0.011215259678809191,161515.25225938403
2024-04-10,2024-04-09,14485472.505123166,0.029835439534619188,432180.43905699096,0.024616964998321673,0.03651214226637514,356588.36964276794,528895.6329027226,0.003231270158729548,46806.47504090183,0.011895177268053468,172307.26325995463
2024-04-11,2024-04-10,14091220.652653325,0.02956552902707947,416614.3932330036,0.02609824173376377,0.03617515904292944,367756.082916751,509752.14821874606,0.0030495132048099015,42971.363452156314,0.010076917309165673,141996.06530199508
2024-04-12,2024-04-11,14240411.964615729,0.029547623802036765,420770.3355164888,0.025941850862718076,0.036115211496733524,369422.6434097274,514295.4899027116,0.0030796304729053,43855.20663295583,0.010173360634015447,144872.84649298422
2024-04-15,2024-04-12,13724875.802092675,0.031214404152692894,428413.8202320358,0.02563209378239269,0.03616571873928818,351797.30371093156,496369.99799014593,0.0033007715108478346,45302.67903747233,0.010533624956895488,144572.69427921437
2024-04-16,2024-04-15,13266518.73439464,0.03268373094692652,433599.32891731453,0.025177092249852567,0.035841796228510706,334012.36601025116,475495.8611398924,0.002943307192367334,39047.44000861972,0.010664703978658138,141483.49512964126
2024-04-17,2024-04-16,13326556.554588499,0.03266062810429065,435253.7075402119,0.025118101251341608,0.03581533284666874,334737.79686988407,477295.05870254204,0.0028382679329087964,37824.33812498407,0.010697231595327133,142557.26183265797
2024-04-18,2024-04-17,13044405.272230737,0.03265605516761918,425978.8181987494,0.02497965383200177,0.03587995725624135,325844.72814466263,468032.7036007282,0.0030152496683932373,39332.13867148072,0.010900303424239581,142187.97545606556
2024-04-19,2024-04-18,13077057.783675501,0.03287527779877989,429911.90742902894,0.025332626927391147,0.036073963430608244,331276.226141788,471741.3042682609,0.003112863428753567,40707.09493050064,0.010741336503217097,140465.0781264729
2024-04-22,2024-04-19,12982287.991104282,0.03280889672372121,425934.54593774653,0.025250635461066914,0.036093265782891924,327811.02151396096,468573.1709329729,0.0031761007424411145,41233.05452713068,0.01084263032182501,140762.14941901196
2024-04-23,2024-04-22,13100711.192560272,0.03269799767240377,428367.0240811698,0.02530391224373913,0.0360513596506161,331499.24634711613,472298.4508818421,0.0030546702729575726,40018.35303451641,0.01074744740687697,140799.20453472598
2024-04-24,2024-04-23,13612562.519381545,0.032808507559179745,446607.86031693633,0.025499267588460318,0.03640103332302532,347110.37424635555,495511.3418797731,0.003221696098053448,43855.53955320014,0.010901765734565003,148400.96763341757
2024-04-25,2024-04-24,13554420.675061146,0.03276317878964848,444085.9079671362,0.025770561075321264,0.03656824888404222,349305.02584726055,495661.42872464354,0.0031049986847374255,42086.458368442625,0.010797687808720955,146356.402877383
2024-04-26,2024-04-25,13546191.763535554,0.033072456540540654,448005.83838935936,0.02558016028865123,0.037128801125966136,346513.7566120465,502953.86000251205,0.0032328198915017948,43792.398187255516,0.011548640837314907,156440.10339046555
2024-04-29,2024-04-26,13912943.241496807,0.03347181225092746,465691.42403719126,0.025790098414317463,0.03662797036048077,358816.17543101567,509602.87267659634,0.003118597892560029,43388.87547223924,0.01083787194616331,150786.69724558067
2024-04-30,2024-04-29,13895470.629382297,0.0334443222421261,464724.59743506036,0.025825915702533193,0.03661505734815408,358863.25312145305,508783.4539744235,0.0031642330371767866,43968.507232611184,0.010789141645620889,149920.20085297048
2024-05-01,2024-04-30,13595716.368479546,0.03354572553778633,456078.1697866039,0.025757225423031143,0.03676909855078034,350187.931290522,499902.2350210818,0.0035823191975524653,48704.19575128257,0.011011873127749195,149714.30373055983
2024-05-02,2024-05-01,13633249.907330262,0.034133498183154094,465350.5109423432,0.026057300585185926,0.037791632414517135,355245.6907882628,515222.76911307505,0.0037174883054468177,50681.44709573416,0.011734331829331208,159977.07832481223
2024-05-03,2024-05-02,14952187.00881164,0.036397937622332635,544228.7700641784,0.027312060041565726,0.04025908413621077,408375.0293373825,601961.3548081055,0.0036423012191011783,54460.368970423435,0.012947024094645047,193586.32547072298
2024-05-06,2024-05-03,15401588.390578667,0.036544248884619886,562839.4793637791,0.02748901311853136,0.040229767101458876,423374.4653148373,619602.3139455126,0.003642122344741522,56094.469221838175,0.012740753982927514,196227.84863067535
2024-05-07,2024-05-06,15843369.037271615,0.036422749704751,577059.0649245458,0.02768996483965119,0.03971422136338222,438702.33158366935,629207.0650879608,0.003638569809222438,57647.20425538607,0.012024256523731031,190504.73350429145
2024-05-08,2024-05-07,15506639.104473185,0.03611776608310453,560065.163910484,0.027451892822493825,0.039388121536279415,425686.5947330895,610777.3856662128,0.003615335256300687,56061.69906113282,0.01193622871378559,185090.79093312327
2024-05-09,2024-05-08,15262551.085422656,0.036113574558988726,551185.2765837854,0.027559572345211236,0.03942514252640024,420629.38081118796,601728.2518592529,0.003614968805964901,55173.64607324864,0.011865570181189004,181098.87104806496
2024-05-10,2024-05-09,15818256.121126097,0.03643422166110969,576325.8498093134,0.027562500583128244,0.0395442330538192,435990.69356260996,625520.8065588124,0.003510231815019978,55525.74589451134,0.011981732470690953,189530.11299620243
2024-05-13,2024-05-10,15496866.843039464,0.036255252005954315,561842.8126971135,0.027554830213060513,0.039151260330084946,427013.5346943595,606721.8680724998,0.003458564473090065,53596.91310754368,0.011596430117024433,179708.33337814023
2024-05-14,2024-05-13,16105860.450322498,0.03643939492677185,586887.809584777,0.027424880144601153,0.03912451406482368,441701.29247576644,630133.96371473,0.0035705903607732153,57507.43007588007,0.011699633920222528,188432.67123896355
2024-05-15,2024-05-14,17140600.65392534,0.03683093576025164,631304.3615768515,0.02706102184786258,0.03933800915405713,463842.16878136125,674277.1054301526,0.0036179675810621963,62014.13748583537,0.012276987306194549,210434.93664879136
2024-05-16,2024-05-15,16955065.98289188,0.034540088377941806,585629.4775029203,0.02571844614182515,0.039141120450018205,436057.95131209656,663640.2798743774,0.004184907578375528,70955.38412366135,0.013422674308193053,227582.32856228086
2024-05-17,2024-05-16,16092570.811764164,0.03743779096310699,602470.3021098237,0.027619581416836122,0.042551348247840154,444470.06974172086,684760.5848144046,0.004076917339395435,65608.08097793019,0.014931766831004032,240290.51507268375
2024-05-20,2024-05-17,15788161.553298136,0.03705575073075342,585042.1790158805,0.02761227869507563,0.0419791578178187,435947.1168925463,662773.7254991201,0.004215930763636322,66561.79599380984,0.014366879122743068,226826.60860657378
2024-05-21,2024-05-20,15838813.572271809,0.03712999410274348,588095.0545329057,0.027578977565135582,0.04249263599081129,436818.28416804917,673032.9396528674,0.004105480517891805,65025.94054748221,0.014913658425675706,236214.6554848182
2024-05-22,2024-05-21,15504155.38778095,0.037021254145096105,573983.2769160996,0.02741530587079094,0.04226136657163035,425051.16222428606,655226.7942265284,0.004217571911914439,65389.89028146185,0.014846060700839409,230175.63200224232
2024-05-23,2024-05-22,15186150.161832927,0.03733837680528949,567026.1969642257,0.02740041512015604,0.04194175007912783,416106.818511247,636933.7147517032,0.00415682152327329,63126.11584836726,0.01454133495897179,220826.8962404562
2024-05-24,2024-05-23,14772321.07520755,0.036832834806518375,544106.4618719696,0.0272435536957854,0.04060574647992256,402450.5224237992,599841.1244998948,0.003954435275871841,58416.18756630578,0.013362192784137156,197390.6020760956
2024-05-28,2024-05-24,14865429.193567581,0.03673383696629438,546064.2524305044,0.026160376726113283,0.04095608785201597,388885.2278990903,608829.8240096767,0.004531510733858528,67362.85195406541,0.014795711125902684,219944.59611058637
2024-05-29,2024-05-28,14651385.591017855,0.03433862774734415,503108.475792764,0.025012476272610554,0.03878267118534135,366467.43445620226,568219.8697860936,0.0047707107566848286,69897.52283940598,0.013770194912730797,201752.43532989133
2024-05-30,2024-05-29,14785901.015791973,0.03408265283425786,503942.7311629385,0.024815199718716416,0.038454684250870494,366915.08672804973,568587.1549269056,0.0047371793828271105,70043.46544853217,0.013639484532154078,201672.0681988559
2024-05-31,2024-05-30,14861625.361046994,0.03420452377925183,508334.818060264,0.025559642213750514,0.038197367174788756,379857.82694316196,567674.9607300645,0.0047000389876341595,69850.21861653346,0.012637724961038242,187817.1337869026
2024-06-03,2024-05-31,14881630.103594411,0.03432580773066696,510823.9736548872,0.023789323289371975,0.037882567815022236,354023.90960725764,563754.3615974917,0.00475442924388292,70753.65736117768,0.01409324452565026,209730.45199023403
2024-06-04,2024-06-03,14925974.317314632,0.03453151636873033,515416.5264575987,0.02664195773636447,0.03799830247978388,397657.176935958,567161.6869148071,0.004673695462028675,69759.45843318995,0.011356344743419407,169504.5099788491
2024-06-05,2024-06-04,14666888.751380736,0.034474740330699624,505637.18116311013,0.024104873755922518,0.03877510115895091,353543.5017441927,568710.0950218672,0.004960280162356432,72751.87731696256,0.01467022740302839,215166.59327767452
2024-06-06,2024-06-05,15122500.087884266,0.03478866465796107,526091.5843473925,0.024237170959103275,0.038511623806871516,366526.6199591053,582392.0344039802,0.004711324918764573,71247.01149806859,0.014274452847768241,215865.41444487497
2024-06-07,2024-06-06,15654955.421599966,0.03550552432777973,555837.4005719248,0.02460978135247221,0.03883827308020448,385265.03000827454,608011.4337225271,0.004768528764976806,74651.10524232904,0.014228491727732273,222746.40371425258
2024-06-10,2024-06-07,14962913.306378143,0.03456428431969156,517182.3897725502,0.02455018464276908,0.038964718344313844,367342.2844653298,583025.7025934102,0.004753151755960082,71120.99765648974,0.014414533701544763,215683.41812808038
2024-06-11,2024-06-10,14956984.051198823,0.03426206030460345,512457.0895371661,0.024858955279487675,0.039196117861118984,371814.9976447619,586255.709717666,0.004974633096255204,74405.50788125492,0.01433716258163131,214440.7120729041
2024-06-12,2024-06-11,15073492.640534328,0.034436550578636614,519079.09171246714,0.024529780794347304,0.03868522065469185,369749.4702775144,583121.3888359441,0.004422782540885048,66666.78008071448,0.014155439860344544,213371.9185584297
2024-06-13,2024-06-12,15203911.263707351,0.0343151905093137,521725.1115008181,0.02497694839520562,0.038936675652687665,379747.307038904,591989.7615272178,0.00493097247106646,74970.06789387822,0.013959727257482044,212242.45448831382
2024-06-14,2024-06-13,14967612.127779074,0.03452477865759495,516753.4957443063,0.02485009016914228,0.03859819841358139,371946.5109920575,577722.8626855438,0.0045599624728678715,68251.7496111146,0.013748108244439113,205776.35169348633
2024-06-17,2024-06-14,14534288.83148771,0.03411409877462646,495824.164816322,0.025887485806536915,0.038567090020349616,376256.1958332461,560545.2257457485,0.004612082779298665,67033.34322905738,0.0126796042138127,184289.0299125024
2024-06-18,2024-06-17,14884987.605050875,0.033711190559421456,501790.65362849645,0.025419467339338756,0.038374051652600494,378368.4562730529,571197.2832045404,0.005011981450425729,74603.28176633189,0.012954584313261738,192828.82693148748
2024-06-20,2024-06-18,14922675.779183988,0.033477178787795596,499569.0850520493,0.024767576491578146,0.038383139391729756,369598.51381995995,572779.1445300084,0.00495562090744283,73951.1240863149,0.01361556290015161,203180.63071004848
2024-06-21,2024-06-20,14968766.56369705,0.033476693357841855,501104.8081980023,0.025386200647339194,0.03830030357510744,380000.1114291953,573308.3035345149,0.004986803814998269,74646.30220566297,0.012914102927768248,193308.19210531953
2024-06-24,2024-06-21,14908881.73355671,0.0335320002504786,499924.62602397945,0.02388653300872919,0.03863759913603384,356121.49565184204,576043.3959877014,0.005208444175569954,77652.07822940472,0.01475106612730465,219921.90033585933
2024-06-25,2024-06-24,15013943.21048184,0.03407182436080121,511552.43603058107,0.02343591246710889,0.0395819285478592,351865.4588669962,594280.8273789079,0.00537863734696542,80754.55567711552,0.01614601608075031,242415.3685119117
2024-06-26,2024-06-25,15083565.415879944,0.03457078396954679,521450.68148291274,0.02327139191618426,0.04101452792137163,351015.562286345,618645.3149034434,0.0058975019510303,88955.35646864513,0.017743136005187368,267629.75261709845
2024-06-27,2024-06-26,15005746.17477113,0.03450930746648852,517837.90850926086,0.023106558407922122,0.04143233104976272,346731.1504418031,621723.0431618281,0.005703711980462823,85588.45423282628,0.018325772641840595,274991.892720025
2024-06-28,2024-06-27,15300262.632848624,0.03481017359332756,532604.7982729636,0.023615727117663302,0.042471086887800304,361326.8271659338,649818.7836858782,0.005916767745160213,90528.10043851881,0.018855359770137,288491.95651994436
2024-07-01,2024-06-28,15253317.704538045,0.03466531735380156,528761.0989261713,0.023660145748234225,0.04206738981480367,360895.72003349167,641667.2618458483,0.005771670512583298,88037.124014347,0.018407244066569448,280771.5418123566
2024-07-02,2024-07-01,14795422.276446614,0.03458419175362337,511687.72108446056,0.023888152587321226,0.04292337849605141,353435.3049336083,635069.5103808286,0.0055895854574311435,82700.27719297879,0.019035225908730188,281634.20544722036
2024-07-03,2024-07-02,14883446.439410888,0.03485653838319278,518785.42208951956,0.02636098842442006,0.043130011366043705,392342.35930478637,641923.2140976943,0.0052941915849366574,78795.81689438458,0.016769022941623645,249580.8547929079
2024-07-05,2024-07-03,14950755.799626416,0.034711923386644715,518969.48988906626,0.026296018681245873,0.043160305194856266,393145.35380572133,645279.1832056434,0.005465175462436505,81708.50374099855,0.016864286513610393,252133.8293999221
2024-07-08,2024-07-05,14904264.12225232,0.03470510610213773,517254.06773705146,0.02409212916723058,0.0431880363567682,359075.4563758234,643685.9007827091,0.005427341178817083,80890.52641066608,0.019095907189537617,284610.4444068857
2024-07-09,2024-07-08,14807847.351022063,0.03463667917805955,512894.65801503015,0.024811577586723234,0.04231172677113802,367406.053442238,626545.5911851655,0.0052584509686053865,77866.33924594267,0.01750014918441479,259139.53774292744
2024-07-10,2024-07-09,14873035.965568041,0.029865303993624887,444187.7404198058,0.023867057709443463,0.040022997472217436,354975.6077048406,595263.4808541287,0.004781405958560397,71114.02278765012,0.016155939762773974,240287.87314928812
2024-07-11,2024-07-10,15055257.52106661,0.030040279323195345,452264.1412154785,0.0241033946145417,0.04034716090164331,362882.81305381533,607436.8976181501,0.0049888295491362245,75108.11359095249,0.01624376628710161,244554.08456433477
2024-07-12,2024-07-11,15414848.718352525,0.030256241894655707,466395.39159199747,0.02459806207294229,0.04001234726668231,379175.4056190503,616784.279982094,0.004834215340761613,74518.69814977926,0.01541428519374002,237608.87436304364
2024-07-15,2024-07-12,15855446.549730701,0.029138883447273344,462010.0090170752,0.023168493045262636,0.03861664566923983,367346.8031169692,612284.1613385216,0.003986851891810911,63213.31707230063,0.015448152623977193,244937.35822155245
2024-07-16,2024-07-15,15884529.624735367,0.02943336271289618,467535.1219685807,0.024104898820138037,0.03898638700188788,382894.9794097312,619280.4192928859,0.00377890625031252,60026.14828218686,0.014881488181749846,236385.4398831547
2024-07-17,2024-07-16,16395428.914674629,0.029640178868460907,485963.44565609185,0.02258878620403276,0.038994221194991324,370352.83847700205,639326.981685579,0.004107644150680269,67346.5876792574,0.016405434990958565,268974.143208577
2024-07-18,2024-07-17,15688776.62059909,0.030094256676280903,472142.0705571439,0.026089367888158084,0.0402572461852991,409310.2649699432,631586.9427616224,0.004669274011053011,73255.19693977942,0.014167878297141015,222276.67779167916
2024-07-19,2024-07-18,15198804.783000518,0.031014115321120177,471377.484283171,0.02585311194149611,0.040120998185758434,392936.40143185883,609791.2191244604,0.004255791014006224,64682.93681912842,0.014267886244262326,216854.81769260153
2024-07-22,2024-07-19,15100631.473826708,0.031058769890004043,469007.03813933634,0.02460083869024312,0.040140356852821996,371488.19900841906,606144.7360623594,0.0042150001408787175,63649.163789537175,0.015539518162578876,234656.53705394035
2024-07-23,2024-07-22,14955561.562947804,0.03117548546513388,466246.89212859416,0.02503445210919635,0.04024402677388113,374404.2897137545,601872.0199576989,0.004441897550080166,66431.07226653094,0.01520957466468478,227467.7302439444
2024-07-24,2024-07-23,15093616.604588307,0.03131132093404118,472601.07356163743,0.025191992749655244,0.04020120960961894,380238.28006886464,606781.6448882795,0.004329455352082058,65347.13919100947,0.015009216859963696,226543.36481941486
2024-07-25,2024-07-24,14399068.053732026,0.03490317967068002,502573.2593697578,0.02635108461739836,0.042798660576415314,379431.06069557014,616260.8262483821,0.004991191111720116,71868.50048684035,0.016447575959016955,236829.76555281196
2024-07-26,2024-07-25,14485733.176539052,0.03496123548268867,506439.12872437754,0.02623092459914817,0.04289200037904096,379974.174717175,621322.0728987992,0.005046583361316597,73103.4600251938,0.016661075779892787,241347.8981816242
2024-07-29,2024-07-26,15060044.332910093,0.03515468296368975,529431.0839425669,0.026459262180265137,0.04328065693841093,398477.6614508843,651808.6122499414,0.004868942866694428,73326.49542682445,0.016821394758145796,253330.95079905714
2024-07-30,2024-07-29,14895049.276368253,0.03500831077576175,521450.5140873849,0.024212176990029876,0.04287820410841674,360641.56935464457,638672.963077043,0.004894256550049717,72900.19248417862,0.01866602711838686,278031.3937223984
2024-07-31,2024-07-30,14817729.57507768,0.03503328882991698,519113.80000729935,0.023475710620855836,0.04274522593650136,347856.7315626207,633387.1985526738,0.005003678862311978,74143.16026227124,0.019269515315645525,285530.4669900531
2024-08-01,2024-07-31,15212841.666131051,0.0350419794056651,533088.0843662083,0.023406855358125256,0.04251724198899036,356084.7844651907,646808.0704590892,0.004882504723315227,74276.77128993155,0.019110386630865103,290723.2859938985
2024-08-02,2024-08-01,15094291.871093823,0.03549218135822528,535729.3445628475,0.02423846630206304,0.042033800131260124,365862.4848710117,634470.4476324621,0.005224436403633437,78859.16793841084,0.017795333829197083,268607.96276145044
2024-08-05,2024-08-02,14202948.668603607,0.03978950030163257,565128.2303334752,0.02870380286569751,0.044454100192226016,407678.63869521883,631379.3031391478,0.005256989529536934,74664.7524393997,0.015750297326528506,223700.66444392898
2024-08-06,2024-08-05,13903494.083264029,0.03975993350613313,552802.0002534932,0.02817059069173956,0.04465865648500017,391669.6410046537,620911.3662057206,0.005423120604720554,75400.32524055947,0.01648806579326061,229241.72520106687
2024-08-07,2024-08-06,14115026.541712452,0.0398647668019899,562692.2414892649,0.02822592580084311,0.04464043274529269,398409.69184330676,630100.8930333359,0.005298193622804673,74784.14360901961,0.01641450694444958,231691.20119002915
2024-08-08,2024-08-07,13580030.515195964,0.039300543651960534,533702.582057415,0.02867399956072427,0.04407754485300414,389393.78902735125,598574.404138715,0.004611549197626476,62624.97882609501,0.015403545292279872,209180.61511136376
2024-08-09,2024-08-08,13963453.964094156,0.03944323958848759,550763.8601885826,0.028940327266491112,0.04477037619119855,404106.9274914675,625149.086900978,0.004907244981004936,68522.08938279453,0.01583004892470744,221042.1594095105
2024-08-12,2024-08-09,14060603.036633594,0.03952034711399661,555679.9126398744,0.028833130826821284,0.04433339615654235,405411.206859257,623354.2846229596,0.004754326205317788,66848.69347963795,0.015500265329721069,217943.07776370255
2024-08-13,2024-08-12,13852028.823073657,0.0394894750012861,547009.3459258617,0.028791311905206535,0.04425324493036173,398818.08236502466,612997.2242899089,0.0048075796718743645,66594.7321840267,0.015461933025155195,214179.14192488423
2024-08-14,2024-08-13,14698781.338620756,0.039965930077990826,587450.4672109935,0.029311685943349368,0.04452096005641867,430846.062347616,654403.8568547667,0.004581642072157368,67344.55499046645,0.015209274113069299,223557.7945071507
2024-08-15,2024-08-14,14484239.602382386,0.03961227944762566,573753.7467159374,0.029544869613130433,0.04448994491837235,427934.9704977278,644403.0220944998,0.0045435424488138995,65809.75747221573,0.014945075305241914,216468.05159677198
2024-08-16,2024-08-15,15096281.401103936,0.04000803460590826,603972.5487158955,0.0295509952935032,0.04502915344439795,446110.1406334223,679772.77165012,0.004639100858287523,70033.17200481123,0.01547815815089475,233662.63101669773
2024-08-19,2024-08-16,15259312.658769106,0.04022456713990884,613799.2465515188,0.029593911116495064,0.04499941544763101,451582.7425224209,686660.1497772459,0.004815328711603337,73478.60636510313,0.015405504331135945,235077.40725482506
2024-08-20,2024-08-19,15360275.207058515,0.04009672200155216,615896.6848447594,0.029657025251031914,0.04508554734444654,455540.0696785339,692526.4150715651,0.0048297071917021315,74185.63163405446,0.015428522093414623,236986.3453930312
2024-08-21,2024-08-20,15210709.887121037,0.04000114857328261,608445.8660998273,0.02978369488524666,0.045107278443966226,453031.1422660176,686113.7262087587,0.004762696414778785,72443.99344563158,0.015323583558719565,233082.58394274104
2024-08-22,2024-08-21,15592644.824061785,0.03985287057049499,621411.656025033,0.03000627009099494,0.045074018979571265,467877.1120237522,702823.1687414745,0.004563115772072966,71151.04352500822,0.015067748888576326,234946.05671772233
2024-08-23,2024-08-22,15300949.775916917,0.03971245880575011,607638.3376649519,0.029256905843942835,0.04495300101237385,447658.44691689947,687823.6107670746,0.00457883134210192,70060.46839789573,0.015696095168431016,240165.16385017516
2024-08-26,2024-08-23,15978565.569785953,0.03963159256914772,633256.0005011685,0.028118733640342532,0.04485256681809311,449297.0292115592,716679.6798761064,0.005207254604515464,83204.45913682017,0.016733833177750578,267382.6506645472
2024-08-27,2024-08-26,15699957.510709936,0.03964262055140173,622387.4582702037,0.028220703546029957,0.044867666090815474,443063.84659501154,704420.4512305239,0.005147016810489582,80807.94523159621,0.016646962544785517,261356.60463551234
2024-08-28,2024-08-27,15644150.434816984,0.03962197164448377,619852.084930357,0.028080339469103675,0.045033642281370835,439293.0549153868,704513.0744775,0.005345943555091508,83632.74519189187,0.01695330281226716,265220.0195621133
2024-08-29,2024-08-28,15233110.10771658,0.039641736982847245,603866.9443208525,0.028032066795078425,0.045140338550223064,427015.5600362955,687627.7474351514,0.005311228241482456,80906.52460971616,0.01710827175514464,260612.18739885587
2024-08-30,2024-08-29,15075417.089963622,0.039711741007307656,598671.059053775,0.02773308594526995,0.04502702286243185,418087.83781675255,678801.1499704878,0.005424994383480675,81784.05304168124,0.017293936917161898,260713.31215373526
2024-09-03,2024-08-30,15193312.207655957,0.039828422063931675,605125.651155607,0.027599602852125104,0.04502389852066487,419329.3829396485,684062.1470302806,0.005471762946178851,83134.20276757867,0.017424295668539768,264732.76409063203
2024-09-04,2024-09-03,14822223.523579068,0.03955515293896953,586295.3183707619,0.02931274444335649,0.04475811145786456,434480.0502289802,663414.732521734,0.0054413894656421885,80653.49093859698,0.015445367014508073,228934.68229275377
2024-09-05,2024-09-04,14688560.30063105,0.03970246040679743,583171.9837686608,0.026108622942271426,0.044933572926471196,383498.0824539931,660009.4954532749,0.005511023797987185,80949.00537494752,0.01882494998419977,276511.41299928183
2024-09-06,2024-09-05,14672963.000279758,0.03775120384580371,553922.0172454967,0.024457048131787475,0.044507074039685034,358857.3623337788,653050.6506350102,0.005765843269421637,84602.00495763574,0.02005002590789756,294193.2883012314
2024-09-09,2024-09-06,14323257.627840701,0.031177629689691108,446565.22227086086,0.023957106477961836,0.04407394216742156,343143.80810145877,631282.4283385308,0.006436220822863793,92187.64899555098,0.020116835689459725,288138.62023707206
2024-09-10,2024-09-09,14438598.299397586,0.03131317475591998,452118.3517795656,0.023571853694101513,0.04426402541489092,340344.5266613028,639110.4820799355,0.006236933383804911,90052.57574886161,0.020692171720789406,298765.9554186327
2024-09-11,2024-09-10,14262799.329773609,0.03126183081044443,445881.2195307028,0.02379954625091373,0.04407154447475577,339448.15231644834,628583.5949966343,0.0062638227734159065,89339.64725449706,0.020271998223842038,289135.44268018595
2024-09-12,2024-09-11,14489752.70384316,0.031082716746071954,450380.87901418714,0.02392568140885366,0.044164767642735074,346677.20688522735,639936.5613659255,0.006031934794389153,87401.24349640586,0.020239086233881414,293259.3544806981
2024-09-13,2024-09-12,14820913.880025208,0.031094426444400598,460847.8164812397,0.02428898725587789,0.044428233224627973,359984.988352396,658467.0184638859,0.005891872241343204,87322.93108105873,0.020139245968750084,298482.0301114899
2024-09-16,2024-09-13,15261595.96196956,0.03180731212061128,485430.3462210266,0.024261633724521156,0.044234292859085866,370271.2512809366,675085.9052788038,0.005625621485820903,85855.96215157349,0.01997265913456471,304814.6539978672
2024-09-17,2024-09-16,15638392.023314614,0.03210882560537208,502130.4022250507,0.02453050198562687,0.04471705397097877,383617.6065799306,699302.8201258834,0.005657378428812106,88472.3016940074,0.020186551985351898,315685.21354595287
2024-09-18,2024-09-17,15903762.031204669,0.032024510382855226,509310.19229477266,0.024580529023011645,0.044875832192026614,390922.884183097,713694.556134265,0.005664474633170468,90086.45659773849,0.02029530316901497,322771.67195116804
2024-09-19,2024-09-18,16040998.596066829,0.032201964879762575,516551.6734268648,0.024699066278994278,0.04501729830989312,396197.6875055088,722122.4189877172,0.00546008498382069,87585.21555987326,0.020318232030898845,325924.7314822085
2024-09-20,2024-09-19,16584410.875167845,0.032530637856470174,539501.4642429907,0.025238970490236164,0.045497284783034476,418573.45667631296,754545.6645463655,0.00589360738706277,97742.00644397335,0.020258314292798313,335972.20787005255
2024-09-23,2024-09-20,16653578.610529777,0.03238856042530657,539385.4371247367,0.025041925504991593,0.045664898933869325,417037.6749564081,760483.9841370902,0.005705911289970383,95023.84221223113,0.02062297342887773,343446.30918068206
2024-09-24,2024-09-23,16802876.748212036,0.03236837723686702,543881.8532507087,0.024845636155498205,0.04564542647681893,417478.1620517571,766974.4752095628,0.005799905563488555,97455.09833456746,0.020799790321320722,349496.3131578057
2024-09-25,2024-09-24,16784990.95658808,0.03225795003808252,541449.3996672851,0.024679306225112004,0.04543486506064405,414241.93180337286,762623.79915671,0.0059662689367995445,100143.77014875272,0.020755558835532047,348381.8673533372
2024-09-26,2024-09-25,16659293.673722614,0.03185279433853481,530645.0552143404,0.0243334307008565,0.0453058156405427,405377.76813474635,754762.887883336,0.005964197781429846,99359.32236900469,0.0209723849396862,349385.1197485897
2024-09-27,2024-09-26,16910913.03708899,0.031888729833071075,539267.5370702903,0.024567409774585863,0.0452104193783331,415457.33024455153,764549.470477314,0.005887052211906442,99555.42800035223,0.02064300960374724,349092.14023276244
2024-09-30,2024-09-27,16826406.999419987,0.03198573879600995,538205.0591588013,0.024499358385247312,0.04505114664517962,412236.1754148241,758048.9292423466,0.005840779898622948,98279.33976826073,0.020551788259932306,345812.75382752245
2024-10-01,2024-09-30,16834338.441578493,0.03207636099370784,539984.3169423249,0.02461069119184427,0.045373054952778935,414304.7048046812,763825.3632034198,0.006019152635707998,101328.45260102766,0.020762363760934665,349520.65839873865
2024-10-02,2024-10-01,16624954.370540937,0.032213900197647166,535554.6208830439,0.025072785433155206,0.04563741531809297,416833.9137685688,758719.9472527216,0.005961323431781268,99106.7300414001,0.020564629884937763,341886.03348415287
2024-10-03,2024-10-02,16524952.545698699,0.03244311554303397,536120.9447832562,0.025282361864190653,0.04588744896005806,417789.83004893304,758287.9165081305,0.005909072785285114,97647.14736591614,0.020605087095867405,340498.08645919745
2024-10-04,2024-10-03,16508953.865964074,0.03232692830466103,533683.7680099772,0.025116160790050922,0.045929050561379775,414641.53977308644,758240.57682535,0.0058110579804803815,95934.48811219298,0.020812889771328853,343599.0370522636
2024-10-07,2024-10-04,16874303.296317454,0.03207676494183749,541273.0603932486,0.02544141878539548,0.046052907760654856,429306.21687339176,777110.7332306219,0.005965908453848806,100670.54868830908,0.020611488975259374,347804.51635723014
2024-10-08,2024-10-07,16664498.058303207,0.03213232439053348,535469.0574148139,0.025193059809257214,0.04610647973622506,419829.6962740834,768341.3420395186,0.006129859898906289,102151.03838299455,0.020913419926967845,348511.64576543524
2024-10-09,2024-10-08,16976549.342038408,0.03201083436899616,543433.5091450822,0.02616515570337756,0.04638535882920348,444194.0568405068,787463.3329121298,0.005945173950252404,100928.53891346134,0.020220203125825918,343269.276071623
2024-10-10,2024-10-09,16868298.350670557,0.03139701781832654,529614.2638808517,0.02175296137872171,0.046329529608192234,366935.4425468918,781500.3278772119,0.006231273307827006,105110.97726099576,0.024576568229470522,414564.88533032004
2024-10-11,2024-10-10,16939986.860068027,0.03145504431394983,532848.0373611677,0.021736300056526568,0.046408937854688116,368212.637344056,786166.7974481303,0.005979488846826318,101292.46249516115,0.024672637798161548,417954.16010407434
2024-10-14,2024-10-11,17127806.403318603,0.03139397765687908,537709.9715371347,0.021713402882990538,0.04628526607840321,371902.96093712194,792765.0767169798,0.005937047702759269,101688.60366012821,0.024571863195412675,420862.1157798579
2024-10-15,2024-10-14,16963706.159963716,0.03144493066879817,533422.5640859235,0.021207370804969265,0.0462772886697072,359755.6067608918,785034.3268727311,0.0058375506065346,99026.49318317091,0.025069917864737935,425278.7201118393
2024-10-16,2024-10-15,17199889.007822674,0.031335039572267125,538959.2026987259,0.025358268481838975,0.046082611768767545,436159.40331819834,792615.8076133847,0.005981233449780089,102876.55146609384,0.02072434328692857,356456.40429518634
2024-10-17,2024-10-16,17384969.762084424,0.03131580743496829,544424.3653321824,0.020768947817246003,0.045906697776100555,361067.52979313105,798086.5527146565,0.006606355969996985,114851.2987759635,0.025137749958854552,437019.0229215254
2024-10-18,2024-10-17,17315971.735432774,0.03123163173151068,540806.0523142843,0.020539221121108023,0.0457620971376397,355656.5724009104,792415.1805894981,0.006462709230781405,111908.0903745313,0.025222876016531677,436758.60818858776
2024-10-21,2024-10-18,17451693.602077466,0.031177318159694163,544097.0038574683,0.02054557799064398,0.045781975623285134,358555.1319703051,798973.0110753516,0.0065385789477988435,114109.27638997948,0.025236397632641155,440417.8791050465
2024-10-22,2024-10-21,17110194.419347093,0.031178061965528792,533462.7018486486,0.020249457542234343,0.04545333278995839,346472.15543394396,777715.3610434722,0.006536454924346033,111840.0145688593,0.025203875247724047,431243.20560952823
2024-10-23,2024-10-22,17191484.838732194,0.03134503215739022,538867.645103347,0.02017404976182976,0.045643913877491026,346821.8706163251,784686.653405285,0.006466710872096097,111172.3619141047,0.025469864115661267,437864.78278895986
2024-10-24,2024-10-23,16907691.00433595,0.03129831886416203,529182.3043104305,0.02031778239174408,0.045549825704858604,343526.78657294676,770142.3783191083,0.006481492069401839,109587.06515650028,0.025232043313114523,426615.5917461615
2024-10-25,2024-10-24,17017753.492238887,0.03133780957651792,533299.118359905,0.020254470875266984,0.04553362268597044,344685.59247102553,774879.9664784613,0.0066635968378255485,113399.44835777773,0.02527915181070346,430194.37400743575
2024-10-28,2024-10-25,17052738.98225808,0.031311747435013526,533951.0560876747,0.019985807341806994,0.04559527696455077,340812.7559495319,777524.3569002488,0.006775439426324178,115539.80002720664,0.025609469622743776,436711.6009507169
2024-10-29,2024-10-28,17215134.558149315,0.03149719973884906,542228.5317091921,0.020055361594223924,0.04561708686461328,345255.74845690484,785304.2885251032,0.006531019143551138,112432.37335808194,0.025561725270389354,440048.5400681984
2024-10-30,2024-10-29,17203890.20881316,0.031432271064133266,540757.3404010035,0.020110075706832986,0.045688608000264766,345971.5345512754,786021.7958300577,0.006485329324242658,111572.89366226713,0.02557853229343178,440050.2612787823
2024-10-31,2024-10-30,17206639.419288173,0.03164147199347915,544443.3992873011,0.02004322069000406,0.0457312884916455,344876.4712141162,786881.791255187,0.006491781135115572,111701.73718087091,0.025688067801641436,442005.3200410708
2024-11-01,2024-10-31,17978774.300285697,0.03183057987463038,572274.8114131958,0.020262185366183395,0.045230344491213194,364289.257529163,813186.1551316925,0.006845649086704714,123076.37986882096,0.0249681591250298,448896.89760252956
2024-11-04,2024-11-01,17439670.853123903,0.031823502150106195,554991.4028915329,0.020869153409592212,0.04521847386049776,363951.1664466366,788595.3006076679,0.006271747489785849,109377.21189577128,0.024349320450905546,424644.1341610313
2024-11-05,2024-11-04,17561447.548693478,0.03170766613298133,556832.5156858362,0.020904157089387726,0.04530252136831602,367107.25827493146,795577.8528332473,0.006345794298775145,111441.33373273782,0.024398364278928296,428470.5945583158
2024-11-06,2024-11-05,18076378.035824183,0.031802151289030606,574867.7090529905,0.02022929694290769,0.045472604401206415,365672.41893894185,821979.9874296897,0.006629966414873836,119845.77928007742,0.025243307458298725,456307.5684907479
2024-11-07,2024-11-06,18230494.219671343,0.029697394083058756,541398.1711705045,0.019359381128230106,0.04548877391639019,352931.0857546134,829282.8299426879,0.006885358907868583,125523.49577026078,0.026129392788160084,476351.7441880745
2024-11-08,2024-11-07,18442369.465770993,0.029777031176642488,549159.0105534224,0.019699777360877028,0.04534535516256925,363310.5724827252,836275.7934647081,0.006992062806393314,128950.2056033811,0.02564557780169222,472965.22098198294
2024-11-11,2024-11-08,18653167.347684637,0.02981176910091954,556083.9179699861,0.01939438615031845,0.04531426887078001,361766.73046750727,845254.6404846361,0.0071464155919483095,133303.28597271457,0.025919882720461557,483487.9100171288
2024-11-12,2024-11-11,19078353.465510592,0.029630573122685758,565302.5474202568,0.018960659439168213,0.04570158415850433,361738.162719621,871910.9765097251,0.00710522738395638,135556.03948394497,0.026740924719336118,510172.8137901041
2024-11-13,2024-11-12,18891029.592538577,0.029659085285322642,560290.6578126554,0.019524738070372177,0.045711311954839566,368842.40467396536,863533.7468526367,0.006982113018403368,131899.30364910688,0.02618657388446739,494691.34217867133
2024-11-14,2024-11-13,18628911.61337234,0.029642671002028807,552210.69808107,0.019150547447058238,0.04564421907481134,356753.85573894123,850302.1228060642,0.006904190667941861,128617.55771495907,0.0264936716277531,493548.267067123
2024-11-15,2024-11-14,18773230.210045762,0.029776690022261288,559004.6566810838,0.01939896633623583,0.04536553793612188,364181.26086708327,851657.6872773804,0.007233829182556515,135802.3405442806,0.025966571599886048,487476.4264102971
2024-11-18,2024-11-15,18537999.660558436,0.030056802697903125,557192.9982112,0.019373008110908224,0.04515574649525515,359136.81778401247,837097.2132013028,0.0069417314973118345,128685.81614085459,0.02578273838434693,477960.39541729033
2024-11-19,2024-11-18,18966959.38250939,0.029794002264425756,565101.6307917561,0.0194799912134727,0.04541997139613692,369476.20211757655,861478.7526252674,0.006907874606314368,131021.37707743267,0.02593998018266422,492002.5505076908
2024-11-20,2024-11-19,19163280.988177076,0.029897209415072998,572928.6247834171,0.019265319595023218,0.0454527757636663,369186.7327264637,871024.3136517422,0.007048670515335391,135075.653678451,0.02618745616864308,501837.5809252785
2024-11-21,2024-11-20,19004955.475062978,0.027678804640995765,526034.449805091,0.017668667072533294,0.045410873821120204,335792.23101720656,863031.6350540925,0.007941515074618412,150928.14039766436,0.02774220674858691,527239.404036886
2024-11-22,2024-11-21,19257968.177698772,0.0278061768500345,535490.4689214287,0.017251981407713713,0.04518796563262375,332238.10895200155,870228.404168014,0.007832780784189407,150843.44308481005,0.027935984224910036,537990.2952160124
2024-11-25,2024-11-22,19829851.101055708,0.028284979522715466,560886.9323318574,0.017114965781435176,0.044990150241831776,339387.2230455231,892147.9803096496,0.00771487223724895,152984.7677283152,0.0278751844603966,552760.7572641266
2024-11-26,2024-11-25,20382709.29444621,0.02778184930371656,566269.3580197676,0.01957552264361578,0.04502267891301138,399002.1873316696,917684.1759411044,0.007527366876058015,153428.13078733423,0.025447156269395598,518681.9886094348
2024-11-27,2024-11-26,20060935.862999946,0.02754989465480634,552676.669702475,0.017626199757636744,0.04496181793513557,353598.0628463759,901976.1458806352,0.007677013487240013,154008.07518690746,0.027335618177498824,548378.0830342593
2024-11-29,2024-11-27,20103491.198197052,0.027343300554079242,549695.8020185886,0.01762768290050338,0.04503803243933343,354377.9680348784,905421.6887282529,0.007548032205064398,151741.79899822,0.02741034953883005,551043.7206933745
2024-12-02,2024-11-29,20195684.673507847,0.02779816285532127,561402.9315288869,0.01721111958657517,0.04523125998492804,347590.3440485069,913476.2640410599,0.0077952717361280816,157430.8499271508,0.028020140398352867,565885.9199925531
2024-12-03,2024-12-02,20265321.59297948,0.02735458955620905,554349.5544005343,0.01760823235455386,0.0454872848231873,356836.49134894024,921814.4553333453,0.007917464265704749,160449.95954542985,0.02787905246863344,564977.9639844052
2024-12-04,2024-12-03,20172935.56181203,0.02739924814686216,552723.267308748,0.0182431522727622,0.04558374134753348,368017.9352427565,919557.8768700995,0.007897012044270936,159305.91509993107,0.027340589074771278,551539.941627343
2024-12-05,2024-12-04,20523470.861581624,0.02762517851797049,566964.546359558,0.01804304622456261,0.04590436339027362,370305.9334439811,942116.8644597349,0.007326369603880905,150362.53308642705,0.02786131716571101,571810.9310157538
2024-12-06,2024-12-05,20331883.294422995,0.02724737139076239,553990.3751967809,0.018091759762387638,0.045922513134057166,367839.54807960335,933691.1776282575,0.007598937368602725,154500.70774006037,0.027830753371669528,565851.6295486542
2024-12-09,2024-12-06,20394658.098350234,0.02664754526322,543467.5748036841,0.017392552355086258,0.04224565173588075,354715.1587396404,861585.623295264,0.006015932563077775,122692.88776670303,0.02485309938079449,506870.4645556236
2024-12-10,2024-12-09,20210060.007356748,0.025946158256630984,524373.4153268869,0.016864835834272437,0.04196507858558545,340839.34422486636,848116.7564281236,0.005802858455905797,117276.11760805367,0.025100242751313014,507277.4122032572
2024-12-11,2024-12-10,19882743.47729669,0.02567534431732279,510496.28475259634,0.01641718613420467,0.04149508732918451,326418.70052542357,825036.1769342,0.00589564873709678,117221.67147194348,0.025077901194979844,498617.4764087764
2024-12-12,2024-12-11,20478770.258867476,0.026448158776385382,541625.7673516457,0.01683186077226463,0.042030110709946215,344695.8097844511,860724.9811837539,0.006100765758097846,124936.18036325126,0.025198249937681584,516029.17139930284
2024-12-13,2024-12-12,20192600.498642705,0.026455595285338664,534207.2665506192,0.01686364367103675,0.04199370488169333,340520.8196007096,847962.1061339353,0.006221042611984051,125619.02814882666,0.025130061210656578,507441.2865332257
2024-12-16,2024-12-13,20381040.38922955,0.025392373573594133,517522.99138182716,0.01619446198217235,0.027505337899839267,330059.98374049715,560587.4026560304,0.0043566212514570875,88792.47368652269,0.011310875917666916,230527.41891553323
2024-12-17,2024-12-16,20571816.429098587,0.02563848790345257,527430.266669491,0.01634432336481838,0.027529985638836744,336232.41991887067,566341.8108578699,0.004394096801336074,90394.552768775,0.011185662274018363,230109.39093899925
2024-12-18,2024-12-17,20724827.72771772,0.025457406100624438,527600.3558299916,0.01615361967988258,0.02745294627503318,334780.9850446371,568957.5821683526,0.004917614441023351,101916.71212154583,0.0112993265951506,234176.59712371544
2024-12-19,2024-12-18,19497668.761500977,0.025331316486054675,493901.6181378429,0.015991191579343277,0.04170568796562503,311790.95651573886,813163.6894242744,0.00639941146586151,124773.60502991914,0.025714496386281753,501372.7329085355
2024-12-20,2024-12-19,19197150.177391887,0.024787559304670997,475850.4985027767,0.016160559328032804,0.04113984330920644,310236.68437089707,789767.7502812068,0.0066524598003362,127708.26983611648,0.024979283981173637,479531.0659103097
2024-12-23,2024-12-20,19599733.579137903,0.024846245840009797,486979.79890595545,0.01709099129033283,0.041007292669165994,334978.8758938898,803732.0111173883,0.0063062411790921775,123600.64699599515,0.023916301378833164,468753.13522349845
2024-12-24,2024-12-23,19572787.202182118,0.02463314275376431,482139.2612404033,0.0164158360901241,0.040677887850301436,321303.6665379003,796179.6427281795,0.0061829572055249185,121017.70566393783,0.024262051760177338,474875.9761902792
2024-12-26,2024-12-24,19731274.965724308,0.02385983906813794,470785.04529136093,0.0157413663185855,0.027074694213250435,310597.22716820193,534218.2361345491,0.003926526625830167,77475.3765144927,0.011333327894664933,223621.0089663472
2024-12-27,2024-12-26,19831016.440159142,0.02381817049142879,472338.5305900377,0.015545776155302157,0.026965867807631837,308288.5425108311,534760.5678163051,0.0041580795690344926,82458.94429301286,0.01142009165232968,226472.025305474
2024-12-30,2024-12-27,19399267.49227902,0.023377941825503512,453514.9468918803,0.016519101987040166,0.026891200058812192,320458.47817883006,521669.583129287,0.00386700450144245,75017.05471732916,0.010372098071772026,201211.10495045694
2024-12-31,2024-12-30,19095394.929699335,0.02156030388251588,411702.51744097064,0.015496699823327797,0.024543460665879258,295915.6032334462,468667.0743565058,0.0031849893603347495,60818.629682482504,0.00904676084255146,172751.47112305963
2025-01-02,2024-12-31,18772625.764101733,0.021396842728675983,401674.9210787756,0.016708437881247342,0.02436507471530497,313661.2514473972,457396.42934479774,0.0031688296638040965,59487.25338877861,0.0076566368340576264,143735.1778974005
2025-01-03,2025-01-02,18656821.270839844,0.021240591761771427,396281.9241862427,0.015698995987946465,0.02413123403826215,292893.36227874894,450212.12049666373,0.0028919368342826685,53954.34864377013,0.008432238050315684,157318.7582179148
2025-01-06,2025-01-03,18175867.62042345,0.020500299521708672,372610.73028560705,0.015890632142913825,0.02341484055797589,288826.0262344475,425585.04233509174,0.0025282347336476434,45952.859832136106,0.0075242084150620656,136759.01610064425
2025-01-07,2025-01-06,18670339.613698263,0.021387841816725865,399318.27032232913,0.016328069270836312,0.02391536625832643,304850.5985225045,446508.01002893475,0.0022210930119830824,41468.560847336135,0.007587296987490118,141657.41150643025
2025-01-08,2025-01-07,18886019.08174717,0.022148994557153086,418306.3338479074,0.016671113323096235,0.024950803959184434,314850.964333965,471221.3596780901,0.0026946685765105076,50891.56215496193,0.008279690636088199,156370.3953441251
2025-01-10,2025-01-08,19025755.02227408,0.021701701238124635,412891.2513231414,0.016478941546046556,0.02427204601406787,313524.30488145625,461794.0013530194,0.0024276441412424163,46187.76271253715,0.007793104468021315,148269.69647156313
2025-01-13,2025-01-10,18832454.379897695,0.0214095874656022,403195.0792383829,0.016282789414525416,0.02396365090215243,306644.888826531,451294.36239057983,0.002268597362714791,42723.25633968253,0.007680861487627012,144649.47356404882
2025-01-14,2025-01-13,18732188.520343095,0.021676401494606524,406046.4392396162,0.01639046694485297,0.024315951257917256,307029.31674743776,455490.98301477986,0.002707019247866733,50708.394879237014,0.007925484313064286,148461.6662673421
2025-01-15,2025-01-14,18559333.42627941,0.02197550150422029,407850.6596265291,0.016311559190269647,0.024913590197521526,302731.6657147066,462379.62732148834,0.0026205204970709676,48635.11365553954,0.00860203100725188,159647.96160678176
2025-01-16,2025-01-15,19285629.473445404,0.0233022397774357,449398.3622490058,0.016803257964032266,0.026143618538416687,324061.4070410469,504196.1402270025,0.002950846198997728,56908.92642699493,0.009340360574384421,180134.7331859556
2025-01-17,2025-01-16,19884863.432116967,0.024582673371144274,488823.1027815423,0.015983450762994882,0.02625573348761952,317828.73559611896,522091.6747113743,0.0037391554165196973,74352.59480895461,0.010272282724624639,204262.9391152553
2025-01-21,2025-01-17,19946988.506261766,0.024427464089400622,487254.34542839625,0.015974559522031914,0.0262220564517812,318644.355178565,523051.05865422677,0.003589038132297355,71590.50237347053,0.010247496929749286,204406.70347566175
2025-01-22,2025-01-21,20451927.25163198,0.0241172184984314,493243.598241632,0.01589776237776902,0.02614376101078311,325139.8796138638,534690.2982765887,0.00393470518331041,80472.30416568379,0.010245998633014088,209550.41866272484
2025-01-23,2025-01-22,20393892.630743302,0.024364192949635186,496880.73504957295,0.015824559527803133,0.026196103183191898,322724.367938823,534240.5156618884,0.0037144803723232595,75752.71389216396,0.010371543655388765,211516.1477230654
2025-01-24,2025-01-23,20874862.063491903,0.02215822461843048,462549.8824816068,0.015423490767618413,0.02619705713595542,321963.2423115752,546859.9541824857,0.003982816341701789,83140.74175724629,0.010773566368337007,224896.71187091048
2025-01-27,2025-01-24,20670016.211232558,0.02210344074008399,456878.4784215542,0.015398228221037662,0.02627895100934342,318281.62695310713,543186.3433773147,0.004152326681900992,85828.65982922699,0.010880722788305758,224904.7164242076
2025-01-28,2025-01-27,20627800.01732055,0.02214033363673779,456706.37457538256,0.015310118349628874,0.026432211913073766,315814.0595576542,545238.3813583235,0.004177695051659687,86176.65805898567,0.011122093563444893,229424.3218006693
2025-01-29,2025-01-28,20974006.603719197,0.01765488888276096,370293.756014957,0.015129084712472235,0.026406642977570338,317317.5226676198,553853.1041936155,0.0037750513171159817,79177.95125456946,0.011277558265098103,236535.5815259957
2025-01-30,2025-01-29,20855547.877938155,0.017638667421897923,367864.0729204201,0.015275433965970036,0.026557505534295454,318577.5444335708,553871.3281891063,0.004248227486168511,88599.11173416024,0.011282071568325417,235293.7837555355
2025-01-31,2025-01-30,21118255.64568433,0.017838125684137895,376710.0984374718,0.015485560313047042,0.026240274428748253,327028.02150759095,554148.823599219,0.003803994235106623,80333.7227316911,0.010754714115701211,227120.80209162802
2025-02-03,2025-01-31,20885933.48217413,0.017264628563604452,360587.8837738861,0.014507101213231823,0.025487960544638064,302994.3509587274,532339.8485315893,0.0033238438302789722,69421.58114434149,0.010980859331406242,229345.49757286184
2025-02-04,2025-02-03,20682280.92184764,0.016957310658719558,350715.86272267916,0.01564138947619817,0.0262169895939738,323499.61115476186,542227.1437077224,0.0037143171834269234,76820.55142048153,0.01057560011777563,218727.53255296056
2025-02-05,2025-02-04,21076142.24342612,0.016894230495714823,356065.20502091304,0.013857952105395208,0.026378716757225276,292072.1697758959,555961.5865743281,0.003695884105882213,77894.9791307913,0.012520764651830068,263889.41679843224
2025-02-06,2025-02-05,21219669.839568537,0.016919589921209274,359028.11194895225,0.013867608900853314,0.025739434863451496,294266.08234036923,546182.3096595206,0.003212056697364031,68158.78262403965,0.011871825962598182,251916.2273191514
2025-02-07,2025-02-06,21395698.018929765,0.016651736340535517,356275.5222329365,0.015929544210328682,0.02656510737954381,340823.71750338346,568379.0153331619,0.00392226515820772,83919.60087518215,0.010635563169215129,227555.29782977846
2025-02-10,2025-02-07,21241046.555414952,0.016589055386975488,352368.89778510353,0.015854054724153445,0.026658338145461057,336756.71448783966,566251.0016377326,0.00379298580359841,80566.98803826183,0.010804283421307612,229494.28714989295
2025-02-11,2025-02-10,21629920.99857034,0.016617168204561234,359428.03548461443,0.013614657244143636,0.02656997255613109,294483.96061344026,574706.4073232976,0.003946403569624604,85360.39743945617,0.012955315311987453,280222.4467098573
2025-02-12,2025-02-11,21721631.464069985,0.016674140741097788,362189.5401581609,0.013494099396798846,0.02692006754992959,293113.85403679364,584747.78630744,0.003922972130794546,85213.35486893647,0.013425968153130744,291633.9322706464
2025-02-13,2025-02-12,21793001.739644513,0.016656128569632153,362987.0388937362,0.013395036987875501,0.026444763749939423,291918.0643793734,576310.782406918,0.0036749710450301957,80088.65037748626,0.013049726762063922,284392.7180275446
2025-02-14,2025-02-13,22155727.82965422,0.01662494945013527,368337.8551989566,0.013414445498381309,0.026493156353129304,297206.8034478665,586975.1615084074,0.0037028395363637623,82039.10496455854,0.013078710854747995,289768.3580605409
2025-02-18,2025-02-14,23132170.014385156,0.01680506243533884,388737.5613566155,0.013268750731406834,0.026290940953320498,306934.9977974003,608166.5159703711,0.004058234148110044,93875.76227226506,0.013022190221913664,301231.5181729708
2025-02-19,2025-02-18,23118718.468919724,0.016676015376533872,385528.1046734629,0.013345426558376146,0.025907585769324056,308529.1594507424,598950.1816103939,0.0033683272042497694,77871.40834625388,0.01256215921094791,290421.0221596515
2025-02-20,2025-02-19,22783064.82431398,0.016718207669752492,380892.0090863142,0.014371356078245575,0.026297193088160545,327423.53714396764,599130.6548250632,0.0036358686292936415,82836.23067388665,0.01192583700991497,271707.11768109555
2025-02-21,2025-02-20,21584333.287564486,0.017487064369585144,377446.6255742195,0.014585113264283904,0.029889186319743234,314809.9457331814,645138.1592194509,0.005100040551691087,110080.97504779468,0.01530407305545933,330328.2134862695
2025-02-24,2025-02-21,20089636.52001195,0.021508921089428333,432106.4066242347,0.015128671369904919,0.048361983719962705,303929.5088521011,971574.6743207861,0.009243409440133632,185696.73585793184,0.03323331235005779,667645.1654686851
2025-02-25,2025-02-24,19780046.93905622,0.021311177805011707,421536.0973097047,0.01498347447859955,0.047772446946140856,296373.82849685004,944941.2429882392,0.008749088940367971,173057.38991445614,0.032788972467541304,648567.4144913892
2025-02-26,2025-02-25,19634766.772005085,0.021665121288929147,425389.603595326,0.015336194349352687,0.04891132718562432,301122.5992196823,960362.5017989654,0.00919584122230779,180558.19767240362,0.03357513283627163,659239.9025792831
2025-02-27,2025-02-26,20070311.447294954,0.021974405554821004,441033.1633544258,0.015615962482243752,0.04993589010154529,313417.2305679053,1002228.8667359073,0.010776586072263904,216289.43880891762,0.03431992761930154,688811.6361680019
2025-02-28,2025-02-27,19122678.73791581,0.024635505580354166,471096.8587592449,0.016202988041785223,0.05017116018115533,309844.5349173504,959406.9780527474,0.011559548299501102,221049.5284867806,0.03396817213937011,649562.443135397
2025-03-03,2025-02-28,19517085.53920162,0.025229052889752652,492397.58332234435,0.016353820048749683,0.05096053072322843,319178.904784158,994601.0372483615,0.01153445011926985,225118.849625444,0.03460671067447875,675422.1324642035
2025-03-04,2025-03-03,18504407.313604474,0.030941782848173147,572559.3528316966,0.0164290053113057,0.05209168626783544,304009.00603777193,963925.7803525239,0.01318226025064397,243929.91299185384,0.03566268095652974,659916.774314752
2025-03-05,2025-03-04,18191128.620315347,0.030739935584271936,559194.1219936993,0.016531765031699515,0.05204663935881768,300731.4640124775,946787.1108314196,0.013010422004848879,236674.26009478702,0.03551487432711817,646055.6468189422
2025-03-06,2025-03-05,18514275.17247059,0.030062225124698617,556580.3082554291,0.016661874472952126,0.05199481950626657,308482.528881399,962646.3958819605,0.013053986816272468,241685.10401427172,0.03533294503331444,654163.8670005614
2025-03-07,2025-03-06,17185774.994112987,0.04601892972016693,790870.9716406878,0.016576128698832286,0.057515452797948736,284873.6180915905,988447.6304700732,0.013628177018594416,234210.7838215052,0.04093932409911645,703574.0123784826
2025-03-10,2025-03-07,17118257.202557277,0.045973590466264404,786987.7461265492,0.016942664014499807,0.05828155573342507,290028.8802967193,997678.6612099471,0.01391051769719882,238123.81976137418,0.04133889171892526,707649.7809132277
2025-03-11,2025-03-10,16061866.421539605,0.04626378114991983,743082.6729853542,0.01785089734177219,0.06078489275102373,286718.7286081613,976318.8278145542,0.013598042064009986,218409.9352266051,0.04293399540925154,689600.0992063929
2025-03-12,2025-03-11,16006271.998771654,0.04659079097665617,745744.8730102747,0.017417421045572656,0.06774137623094358,278787.9787725657,1084286.8935236079,0.01409746952032867,225647.93163677366,0.05032395518537092,805498.9147510421
2025-03-13,2025-03-12,16178676.057429036,0.047791704323416485,773206.5024809861,0.017212102730777862,0.06194496914816802,278469.0343484447,1002187.5892356463,0.014010655053295592,226673.84945965055,0.04473286641739016,723718.5548872016
2025-03-14,2025-03-13,15374892.753732244,0.049097817371128526,754873.6765234331,0.01782198223569519,0.0612580553638086,274011.06553273473,941836.0315207494,0.01205795719526694,185389.79870632326,0.043436073128113414,667824.9659880147
2025-03-17,2025-03-14,16094188.285626119,0.04958778301416263,798075.116496706,0.017576993713161456,0.062029299173635144,282887.446314887,998311.2201259166,0.01189423066721045,191427.98787075336,0.044452305460473684,715423.7738110296
2025-03-18,2025-03-17,16421219.490691818,0.049652545590193574,815355.3494081508,0.021578819362153303,0.06214890549482476,354350.5290959098,1020560.8182367802,0.01126376871936725,184964.81843311831,0.04057008613267146,666210.2891408704
2025-03-19,2025-03-18,15547192.825771082,0.05136127540555821,798523.6525077473,0.02210984916446695,0.06116156923002623,343746.0883086813,950890.7103459652,0.009964960600815113,154927.16396208422,0.03905172006555928,607144.6220372838
2025-03-20,2025-03-19,16185452.580621678,0.05162292609870383,835540.422443508,0.022491932242791002,0.061485594781135966,364042.10276224953,995172.1787213959,0.009546373628830719,154512.3776863369,0.038993662538344964,631130.0759591464
2025-03-21,2025-03-20,16366656.606310077,0.05178200150896254,847498.2370846202,0.023415288584556136,0.062423909397082554,383229.9876010826,1021670.6891254629,0.009492217035654536,155355.85665512437,0.039008620812526415,638440.7015243804
2025-03-24,2025-03-21,16786089.813181084,0.05175153303558898,868705.8815052045,0.023531933583702615,0.06275495400770316,395009.1506138443,1053410.2941953535,0.009488541056710903,159275.50237400536,0.03922302042400054,658401.1435815092
2025-03-25,2025-03-24,18014902.207491558,0.05199815338329815,936741.6481702625,0.02237786148442403,0.06330073596836953,403134.9862546908,1140356.5681324205,0.009971783881588231,179640.71146105256,0.04092287448394551,737221.5818777297
2025-03-26,2025-03-25,18129781.13549031,0.052138363161143626,945257.1128742446,0.02301908269379891,0.06367741372759768,417330.93117832695,1154457.5741554121,0.00976095514895341,176963.98052386256,0.04065833103379877,737126.6429770852
2025-03-27,2025-03-26,17463036.87974926,0.05174018592147089,903540.7749117296,0.025876879731663013,0.0628855274973204,451888.90508686734,1098172.2858881925,0.008629789791326623,150702.3373904205,0.03700864776565739,646283.3808013252
2025-03-28,2025-03-27,17130830.881819863,0.05201706113556549,891095.4772826572,0.03041329096695838,0.06272872874310538,521004.94411454373,1074595.243529691,0.008282929073771218,141893.4571688836,0.032315437776146996,553590.2994151472
2025-03-31,2025-03-28,16771212.381597137,0.05211935321976793,874104.7420402066,0.02679021531693183,0.0630571505432338,449304.39082898037,1057544.8639389174,0.00854397354214642,143292.79485808438,0.03626693522630196,608240.473109937
2025-04-01,2025-03-31,16682900.780930502,0.05215944738931612,870170.8855841253,0.0239418610999163,0.06333673844262212,399419.6932407232,1056640.5232260115,0.008278065040603348,138102.13773047508,0.039394877342705824,657220.8299852883
2025-04-02,2025-04-01,16881004.517069936,0.05215031999319685,880349.7873717987,0.023726615223518124,0.06335785337289078,400529.09876298974,1069544.2089796239,0.008613350685417614,145402.01182764216,0.03963123814937265,669015.1102166341
2025-04-03,2025-04-02,17497673.71697042,0.05317561753302005,930449.6052911965,0.02433640583451548,0.06383667402329327,425830.4887361271,1116993.293236187,0.008403943188238627,147049.45584375563,0.03950026818877779,691162.8045000599
2025-04-04,2025-04-03,14657688.769302186,0.05570638964174968,816526.921830246,0.03315750533708624,0.06918392445118883,486012.39359748625,1014076.4324444414,0.008389255861140912,122967.10141864768,0.03602641911410259,528064.0388469552
2025-04-07,2025-04-04,13971133.046931166,0.05375775089507746,751056.6900589102,0.03399469808779184,0.06788207868662073,474944.4498747963,948389.5528330287,0.008080555962167502,112894.52244061505,0.03388738059882889,473445.1029582324
2025-04-08,2025-04-07,14250128.461014953,0.05434566883774881,774432.7622376977,0.034407074895962106,0.06846548530232781,490305.2372352227,975641.9607039024,0.008937152393152238,127355.56967808661,0.0340584104063657,485336.7234686797
2025-04-09,2025-04-08,14093322.740442198,0.05606864074990519,790193.4497063229,0.03563092880178737,0.06944179263053936,502158.1791453068,978665.5952170518,0.007906403803532087,111427.50051943745,0.03381086382875199,476507.416071745
2025-04-10,2025-04-09,16745702.432925839,0.05773748727994166,966854.7812147437,0.03771654897059397,0.07058973766705895,631590.105858442,1182074.7417908658,0.0075862924952078414,127037.79669388899,0.03287318869646498,550484.6359324238
2025-04-11,2025-04-10,15728246.400017582,0.06002974401302469,944162.6051668326,0.047356246558354874,0.07014416954703143,744830.7144497901,1103244.7821603199,0.006759995120708527,106322.8689214203,0.022787922988676552,358414.0677105298
2025-04-14,2025-04-11,15730642.24376019,0.06012300499482417,945773.4821933861,0.04438100256299471,0.0703359207708764,698141.6737378739,1106429.2065321181,0.0064235746468502015,101046.95469568874,0.02595491820788169,408287.53279424424
2025-04-15,2025-04-14,15785493.374925751,0.06002880545880104,947584.3108746107,0.04429708196450845,0.07005699022611746,699251.293879291,1105884.1550816153,0.007068418823744512,111578.47851341947,0.02575990826160901,406632.8612023243
2025-04-16,2025-04-15,15934939.177686045,0.06033008614326013,961356.2532774098,0.04432685443887467,0.0706735610176737,706345.7294216106,1126178.896287114,0.006577333717298048,104809.41273648806,0.026346706578799034,419833.1668655033
2025-04-17,2025-04-16,15669001.367564801,0.060122723347478015,942063.0343533532,0.04409312306481604,0.07058498322356771,690895.2056028056,1105996.198659621,0.007149955060743473,112032.65562481635,0.02649186015875167,415100.99305681535
2025-04-21,2025-04-17,15908788.965777049,0.060223172029054084,958077.7346599086,0.04445509630016484,0.0701642276473983,707226.7454926184,1116227.890589199,0.0066185938046885015,105293.81208898877,0.02570913134723346,409001.1450965806
2025-04-22,2025-04-21,15185177.192393955,0.05991717195602271,909852.8730193428,0.04648330031892664,0.0697954559959079,705857.1518301634,1059856.3665217967,0.007111661600286739,107991.84153269808,0.023312155676981264,353999.21469163324
2025-04-23,2025-04-22,15985693.50315679,0.06040645689979406,965639.1056117587,0.0456281511455472,0.07019012097852478,729397.6393284299,1122037.7609121928,0.007150969899846429,114313.21306924483,0.024561969832977586,392640.1215837628
2025-04-24,2025-04-23,16401019.408696542,0.060701961550690804,995574.0495388311,0.04560671638780388,0.07086780392051015,747996.64064329,1162304.2275519879,0.007174531911397151,117669.63712713736,0.02526108753270627,414307.58690869785
2025-04-25,2025-04-24,17047974.86805843,0.06107752681093654,1041248.1420760109,0.0462479388881056,0.07133873364856162,788433.6998639263,1216180.9383597926,0.00641236440643246,109317.82724569298,0.025090794760456024,427747.2384958663
2025-04-28,2025-04-25,17121600.447269224,0.061123482085138944,1046531.8382075673,0.04633022750314909,0.07137863909829777,793247.6439400024,1222116.5391108836,0.006210001530201908,106325.16497704755,0.025048411595148673,428868.8951708812
2025-04-29,2025-04-28,17376406.877072774,0.06117880742549919,1063067.850079555,0.046983842268728156,0.07137745184106194,816410.3599096304,1240283.6450389593,0.006669759100400443,115896.44790061697,0.02439360957233378,423873.28512932896
2025-04-30,2025-04-29,17471015.809542738,0.0612160109429145,1069505.8949808003,0.04633895935698806,0.0714321751875118,809588.6915236969,1247992.662011045,0.006772534443042615,118323.05632507024,0.025093215830523735,438403.97048734815
2025-05-01,2025-04-30,17443678.101344444,0.061242387771303926,1068292.498440339,0.04642751513017002,0.07151901602248509,809866.6289759846,1247554.6936211255,0.007040547263419342,122813.04012038853,0.025091500892315065,437688.0646451409
2025-05-02,2025-05-01,17663141.181736015,0.06150395274410061,1086353.0005538692,0.050817070733143475,0.07197312826565902,897589.0948017784,1271271.5258475302,0.006828026841498586,120604.40209407256,0.021156057532515544,373682.4310457518
2025-05-05,2025-05-02,18056238.462416373,0.06140039193758193,1108660.118510807,0.04713080164128955,0.07209427402213872,851004.9933599691,1301751.4035185268,0.006188821369236555,111746.83444423345,0.024963472380849172,450746.4101585577
2025-05-06,2025-05-05,17897167.137194198,0.061608674899080965,1102620.751769913,0.04747554188905743,0.07248444738980205,849677.7081173251,1297266.2697824468,0.006360301888980738,113831.38595010023,0.025008905500744617,447588.5616651217
2025-05-07,2025-05-06,17716739.023136478,0.061729138923613654,1093639.0444325989,0.04790861800856536,0.07264670944659402,848784.4822168889,1287062.7921549296,0.005999128293755969,106284.99034678853,0.02473809143802866,438278.3099380407
2025-05-08,2025-05-07,17896268.026548572,0.061512342616606604,1100841.370407678,0.047788387464360135,0.0725524644410041,855233.7906187428,1298418.349622844,0.006654981695168935,119099.33612851783,0.02476407697664397,443184.5590041012
2025-05-09,2025-05-08,18996732.60521287,0.062201995397466646,1181634.6740763555,0.04828162597718913,0.073470442072572,917193.1384335615,1395698.342439432,0.006403259540939989,121641.00930101509,0.02518881609538287,478505.2040058704
2025-05-12,2025-05-09,18488945.249760967,0.06170808494396352,1140917.4039965407,0.04749230886805289,0.07270587080787429,878082.6984461672,1344254.864702982,0.006046356982924558,111790.76321780206,0.025213561939821397,466172.16625681473
2025-05-13,2025-05-12,19765785.196477655,0.061373651487608004,1213098.412027541,0.04707397532572138,0.072241242575253,930454.084632498,1427904.883069087,0.006595918319070996,130373.50466826928,0.025167267249531618,497450.7984365891
2025-05-14,2025-05-13,20198447.661153693,0.06177986178586425,1247857.304795088,0.051862000136619235,0.07271669245174309,1047531.8953622492,1468764.3065787426,0.00613289953363272,123875.05024119439,0.02085469231512385,421232.41121649335
2025-05-15,2025-05-14,20535298.98451392,0.062210896596332416,1277519.3617003656,0.0479609436080771,0.07327953945012834,984892.3165712751,1504817.2520558683,0.006961626617696647,142959.08401295103,0.02531859584205124,519924.93548459315
2025-05-16,2025-05-15,19956020.974268086,0.06170142323949291,1231314.896309513,0.045708606452166026,0.07350196869223044,912161.9090639908,1466806.8288721468,0.008171063558297366,163061.91575145986,0.027793362240064415,554644.919808156
2025-05-19,2025-05-16,20138043.038170375,0.06169132584250411,1242342.57489814,0.04590238396765655,0.07344362950915362,924384.1838952894,1479010.9719347754,0.008614788567710254,173484.98294128722,0.02754124554149707,554626.7880394859
2025-05-20,2025-05-19,20170954.75182591,0.062361235807852126,1257885.665748131,0.04571507624252045,0.07384722891800323,922116.7343641516,1489569.113052773,0.0075853821232101165,153004.3995825804,0.02813215267548278,567452.3786886215
2025-05-21,2025-05-20,20101972.096335657,0.061948361955609925,1245284.2434453722,0.045909635030339506,0.07354549717316958,922874.2023328388,1478409.5319861877,0.007404679030971081,148848.65126290242,0.02763586214283007,555535.3296533489
2025-05-22,2025-05-21,19422004.938850816,0.06200402476331854,1204242.475181801,0.045648569400436025,0.07358450345545313,886586.7403467427,1429158.5895346957,0.007171412599385162,139283.2109237956,0.027935934055017105,542571.849187953
2025-05-23,2025-05-22,19805295.930070043,0.0623084126122528,1234036.5507185753,0.045616528128337434,0.07368277936655651,903448.838884087,1459309.2503047106,0.007211097169295153,142817.9134183809,0.028066251238219077,555860.4114206235
2025-05-27,2025-05-23,19769446.335038777,0.06235809722512859,1232785.0566473103,0.047631289402001974,0.0738776862813568,941644.2197015793,1460520.9542961137,0.00783528741990872,154899.2941674899,0.026246396879354823,518876.7345945344
2025-05-28,2025-05-27,20471564.840738777,0.06243527228686454,1278147.7249697282,0.04522240881300205,0.07377808924113392,925773.4742697682,1510352.937725685,0.0073549044231241405,150566.40279542227,0.02855568042813187,584579.4634559168
2025-05-29,2025-05-28,20548584.4621212,0.06300381373924976,1294639.1880567258,0.045148560462448944,0.0743637142896957,927739.0080058179,1528069.0639988612,0.007416695250249683,152402.58877956873,0.02921515382724675,600330.0559930434
2025-05-30,2025-05-29,20438665.50461539,0.06306549015884648,1288974.458241277,0.04542983913577858,0.07458904381965324,928525.286024664,1524500.5169389923,0.0074481048499316525,152229.32367105666,0.02915920468387466,595975.2309143284
2025-06-02,2025-05-30,20583287.82314257,0.06314725975812596,1299778.222844255,0.04492282001438049,0.0749603593077449,924659.3341832233,1542930.6509574975,0.008088107866760945,166479.85216616417,0.03003753929336441,618271.3167742742
2025-06-03,2025-06-02,20497138.516323652,0.06332086723758044,1297896.5867424265,0.04496061872696746,0.07519336613409029,921564.0298262672,1541248.8411590885,0.008784253324031328,180052.05714514662,0.030232747407122833,619684.8113328214
2025-06-04,2025-06-03,20877493.32705522,0.06382006950320418,1332403.0751853455,0.04472135905492376,0.07548676384598987,933669.8752460114,1575974.4084756467,0.008536516372202227,178221.06359694962,0.03076540479106611,642304.5332296353
2025-06-05,2025-06-04,21113883.26313035,0.06415032130313121,1354462.3952866164,0.049485008881027505,0.07571042895004798,1044820.7007889833,1598541.1586528374,0.007259544623963846,153277.17773385815,0.026225420069020476,553720.4578638541
2025-06-06,2025-06-05,20972305.262839116,0.06411611781364675,1344662.7950559566,0.045471720912633705,0.07565001299397466,953646.8118063794,1586555.1656473821,0.007347886027947607,154102.10881466762,0.03017829208134095,632908.3538410028
2025-06-09,2025-06-06,21211545.438564003,0.06358460979902127,1348727.8399453014,0.044697937510842015,0.07538479273269172,948112.3325213197,1599027.9564262198,0.007866400491152987,166858.51145603377,0.030686855221849704,650915.6239049
2025-06-10,2025-06-09,21311816.141052708,0.06352503241352699,1353833.8111515008,0.04861811241596728,0.07520864745424902,1036140.2729341266,1602832.866762207,0.007155949841308085,152506.2873325532,0.026590535038281737,566692.5938280803
2025-06-11,2025-06-10,21377945.009190388,0.06345352287595114,1356505.9226814879,0.04484793085881195,0.07518667884111284,958756.5996756546,1607336.6856889687,0.007522268779675901,160810.6483162611,0.030338747982300886,648580.0860133142
2025-06-12,2025-06-11,21369538.971559696,0.06348442911865729,1356632.982138366,0.044786835468776265,0.07536566080003165,957074.0259628465,1610529.4255836252,0.007467683626454468,159580.956282797,0.030578825331255388,653455.3996207787
2025-06-13,2025-06-12,20418963.4458099,0.06349156573593641,1296431.959879322,0.045252554770952316,0.0752370656020682,924010.2616975858,1536262.892298632,0.007227610497175889,147580.3145423864,0.02998451083111589,612252.6306010463
2025-06-16,2025-06-13,19537579.332532723,0.06319775813313429,1234731.2131643263,0.0455078148874185,0.07463196316547799,889112.5436131527,1458127.901088186,0.007236687968765851,141387.3652945479,0.029124148278059488,569015.3574750334
2025-06-17,2025-06-16,19746895.997522198,0.062035769650981634,1225013.8914241781,0.04589687261320401,0.07390559056878292,906320.7701044644,1459406.0105972136,0.00662257310210907,130775.26228333576,0.02800871795557891,553085.2404927493
2025-06-18,2025-06-17,19800516.34186236,0.062436086909159715,1236266.7591667555,0.04572726867264606,0.07418358892508847,905423.5306214589,1468873.3648092137,0.007057493653242042,139742.01841360892,0.028456320252442414,563449.8341877548
2025-06-20,2025-06-18,20345720.180980437,0.06328154754577384,1287508.6589857237,0.045832801757253745,0.07476078990146301,932501.3596634332,1521062.1118442344,0.007082374709224865,144096.0140507418,0.028927988144209264,588560.7521808012
2025-06-23,2025-06-20,20784363.062687825,0.06349636788897506,1319731.5633664506,0.04552438100554105,0.07518531058154208,946195.2630232946,1562678.7921077155,0.0074366411458853116,154565.84954300313,0.029660929576001034,616483.5290844209
2025-06-24,2025-06-23,20851461.03937045,0.06339570885796532,1321893.153315136,0.04537331832794998,0.0751746415297395,946099.9793422023,1567501.1090060032,0.007322687612561448,152688.73545680568,0.02980132320178952,621401.1296638009
2025-06-25,2025-06-24,21148216.19806443,0.06331139301096836,1338923.0271965843,0.04524545278056091,0.07513320860617535,956860.6173826177,1588933.3392576715,0.0072990653294429724,154362.21163085636,0.02988775582561444,632072.7218750538
2025-06-26,2025-06-25,21111799.053821184,0.06296097486617783,1329219.4496074324,0.04757932572867078,0.07459098302264561,1004485.1639000017,1574749.8448010816,0.007933382292291355,167487.97277199838,0.027011657293974825,570264.6809010799
2025-06-27,2025-06-26,20987346.241705254,0.062069126076024626,1302666.239877585,0.04537843824827442,0.07390159312933016,952372.9954243761,1550998.322818878,0.007115750805115641,149340.7259166549,0.028523154881055737,598625.327394502
2025-06-30,2025-06-27,21488911.96069925,0.06269813798931302,1347314.7673521205,0.04532770848140839,0.07422376904365074,974043.1369372255,1594988.0383702852,0.006779549626708849,145685.1450615379,0.028896060562242358,620944.9014330597
2025-07-01,2025-06-30,22022547.57101815,0.06327411288902292,1393457.1611124799,0.045287487510166376,0.07486677838057981,997345.8480645292,1648757.188375192,0.008537945661446885,188027.31448798205,0.029579290870413437,651411.3403106628
2025-07-02,2025-07-01,22245383.167725425,0.06323978509331073,1406793.2508453077,0.045438695003185044,0.07453984097087414,1010801.1809872619,1658167.3236584137,0.006898870067598623,153468.0080780832,0.029101145967689097,647366.1426711518
2025-07-03,2025-07-02,22487272.493502323,0.06347796267089614,1427446.24391281,0.04588034485647301,0.07470534099709343,1031723.8168833662,1679919.3597216504,0.007058195450361459,158719.56440467646,0.028824996140620424,648195.5428382842
2025-07-07,2025-07-03,22678552.870787535,0.06365151091170483,1443524.1555166077,0.04822082376701735,0.07480437956466969,1093578.501273231,1696455.0769238202,0.006562743429245713,148833.5238375624,0.026583555797652342,602876.5756505891
2025-07-08,2025-07-07,22823361.100027878,0.06399040657269944,1460476.1561463168,0.045678481647991646,0.07518627579449948,1042536.4811531098,1716003.5222241469,0.007199257229581197,164311.24740271794,0.02950779414650783,673467.0410710371
2025-07-09,2025-07-08,22556418.451497056,0.06371710004460834,1437229.5711220875,0.04554302677161999,0.07484785793890511,1027287.5694083936,1688299.6038681497,0.007437829945422191,167770.80462001846,0.02930483116728512,661012.0344597561
2025-07-10,2025-07-09,22772960.85476942,0.0638393118767127,1453810.1503637948,0.04562129515885986,0.07502495964705354,1038931.9687965973,1708540.4691730055,0.0068951713209437415,157023.4665787806,0.029403664488193676,669608.5003764082
2025-07-11,2025-07-10,22891041.90177051,0.06338549097643408,1450959.929905849,0.04614412147724179,0.07470502394288465,1056287.0182559304,1710075.8333493418,0.006830867143965469,156365.666017941,0.028560902465642864,653788.8150934114
2025-07-14,2025-07-11,22566737.322235037,0.06361134025337117,1435500.4062131431,0.045642729545823456,0.0747886929572436,1030007.488330414,1687736.7886394057,0.008395420494632164,189457.2490120726,0.029145963411420138,657729.3003089917
2025-07-15,2025-07-14,22701639.642112207,0.0636074727584035,1443993.9251067452,0.045192289123759784,0.07489372669674671,1025939.0622897415,1700210.3949243824,0.007698140231429851,174760.40544836674,0.029701437572986926,674271.332634641
2025-07-16,2025-07-15,22507488.721140373,0.06354950649250571,1430339.8006141093,0.04534475194860429,0.07513494805713647,1020596.493046119,1691098.9959594668,0.006993703848608581,157410.71049155368,0.02979019610853218,670502.5029133478
2025-07-17,2025-07-16,22671224.311288945,0.06367338882194751,1443553.68064229,0.0437956259925898,0.07522275800915505,992900.46073132,1705392.0201393613,0.008216245677392589,186272.34874882558,0.03142713201656525,712491.5594080413
2025-07-18,2025-07-17,22754201.457148537,0.055643617558769655,1266126.0837367724,0.043263242117664844,0.0663655319309285,984420.5268347394,1510094.683367171,0.007626650872657381,173538.35039978373,0.023102289813263663,525674.1565324317
2025-07-21,2025-07-18,22792600.509058047,0.0558387517573253,1272710.3617291786,0.04284837323442329,0.06640854462785863,976625.8535952255,1513623.4280907346,0.007791315254935393,177584.33604587216,0.023560171393435338,536997.5744955092
2025-07-22,2025-07-21,22756989.477257002,0.054992664349433826,1251467.483926392,0.04262319097169267,0.06600765395368126,969975.5084299258,1502135.486442346,0.007720402388840532,175693.11592303382,0.02338446298198859,532159.9780124201
2025-07-23,2025-07-22,22975632.011338565,0.05434257903266483,1248555.09840159,0.04216940498602276,0.0657922920217704,968868.7310959646,1511619.4906747227,0.008180757282548105,187958.06889790334,0.023622887035747636,542750.7595787582
2025-07-24,2025-07-23,23195626.116865233,0.054162533811661,1256333.8838373602,0.04065798307312675,0.06567906935767796,943087.3740300834,1523467.136524358,0.00793150819883258,183976.2987229717,0.025021086284551214,580379.7624942746
2025-07-25,2025-07-24,22483654.303743016,0.05388017062679928,1211423.1301996436,0.040607511865585685,0.0651083760941829,913005.2589209712,1463874.2203796941,0.008711207537235475,195859.778835363,0.024500864228597208,550868.961458723
2025-07-28,2025-07-25,22813144.59018894,0.05345767422148489,1219537.6514699508,0.03412254709175143,0.06513663727836,778442.6005896564,1485971.5243499177,0.010448794486630346,238369.8594166671,0.03101409018660857,707528.9237602613
2025-07-29,2025-07-28,23058564.278627116,0.05362317946969305,1236473.530626275,0.03417074968636292,0.06506377129428928,787928.4280918767,1500277.1525992632,0.00992978781930617,228966.65070459992,0.03089302160792636,712348.7245073866
2025-07-30,2025-07-29,22728902.477657594,0.05418473196785169,1231559.4886753168,0.03447271766650484,0.06554946470298893,783527.0379818125,1489867.3906968941,0.00903226148187042,205293.39037413584,0.031076747036484095,706340.3527150817
2025-07-31,2025-07-30,22679605.181852795,0.05305801195189163,1203334.762802929,0.03087786776487291,0.0635752169065197,700297.8497647771,1441860.8187905196,0.008762748410231022,198735.6742519478,0.032697349141646785,741562.9690257425
2025-08-01,2025-07-31,24289199.149186235,0.05451731530308224,1324181.9284755427,0.033987116339513686,0.06598525408548901,825519.8372770094,1602728.9773920972,0.00878750913028602,213441.55929080947,0.031998137745975326,777209.1401150879
2025-08-04,2025-08-01,23203829.978793193,0.049520753455165635,1149071.1435953989,0.03204423353890135,0.06427920048826133,743548.9468374095,1491523.6393023762,0.008655610193935554,200843.3073027898,0.032234966949359976,747974.6924649667
2025-08-05,2025-08-04,23466331.85607089,0.0487971732737995,1145090.6616811724,0.031143223914926688,0.06438859920218544,730817.227455593,1510964.236626025,0.00865701890438888,203148.4784946687,0.03324537528725875,780147.0091704321
2025-08-06,2025-08-05,23146506.10913301,0.04856941346105854,1124212.2253933984,0.03373721090760418,0.06393159634328377,780898.558377969,1479793.0853264432,0.009059792783543427,209702.54901176709,0.030194385435679587,698894.5269484742
2025-08-07,2025-08-06,23426341.229472224,0.04373403387932307,1024528.4009983211,0.02836500621608264,0.06399806223364166,664488.3145940526,1499240.4439102889,0.008953434373734227,209746.20881478395,0.03563305601755902,834752.1293162362
2025-08-08,2025-08-07,23378458.398958918,0.043933732587979515,1027102.9396190648,0.028587604827022235,0.06425031286074952,668334.1301744165,1502073.2663351276,0.008215290241585268,192060.82114827432,0.035662708033727286,833739.1361607112
2025-08-11,2025-08-08,22847692.149251893,0.04373438572567513,999229.7813968618,0.028061783925760427,0.0639175848869886,641147.0002945994,1460369.3024215908,0.008283099014573976,189249.69632675793,0.03585580096122817,819222.3021269913
2025-08-12,2025-08-11,22714451.50479762,0.043013700545125606,977032.6150741425,0.02786047027087121,0.05471218226555588,632835.3008685599,1242757.2107926174,0.00707990724160437,160816.20969788794,0.026851711994684672,609921.9099240575
2025-08-13,2025-08-12,23106808.099878434,0.04276020476846998,988051.8458965425,0.02708642627628669,0.05398518187310611,625880.8540776614,1247425.2377788986,0.006908624794654547,159636.26736414467,0.026898755596819417,621544.3837012372
2025-08-14,2025-08-13,23586400.420822266,0.04273072594519055,1007864.0124156832,0.026629115683123723,0.053766893252113736,628084.9853545541,1268167.4736279612,0.007276847217230211,171634.632266738,0.027137777568990013,640082.4882734071
2025-08-15,2025-08-14,23282343.976342507,0.04260823649161212,992019.6182230624,0.026721772168584856,0.053377601039490005,622145.4912864484,1242755.6680333836,0.007791299994997569,181399.72650640906,0.02665582887090515,620610.1767469351
2025-08-18,2025-08-15,23690311.500787724,0.042764236207893484,1013098.0768582618,0.026794889890376046,0.05368760327338573,634779.2881323163,1271876.0452772186,0.00665574751965833,157676.73201130112,0.026892713383009685,637096.7571449023
2025-08-19,2025-08-18,24133528.89469247,0.04295197095861757,1036582.632213789,0.026468570470372984,0.05411840790907098,638780.0102479502,1306068.161008318,0.007357885847652277,177571.75070816503,0.027649837438697995,667288.1507603677
2025-08-20,2025-08-19,23573362.387138657,0.04139920051544728,975918.3562884562,0.02653669112569349,0.053173223211066024,625559.0364615391,1253471.660046672,0.011168892779426273,263288.3569525118,0.026636532085372533,627912.6235851329
2025-08-21,2025-08-20,23249595.82373009,0.04160921584018112,967397.4508265588,0.02315685335431952,0.05302388694573132,538387.4810373172,1232783.9404914111,0.00870177615738688,202312.77860781606,0.0298670335914118,694396.459454094
2025-08-22,2025-08-21,23297489.490696985,0.041584225714429136,968808.0615606841,0.023032691618796244,0.05324290262175365,536603.8909313701,1240425.9642845087,0.008308378980649957,193564.3719864201,0.030210211002957406,703822.0733531386
2025-08-25,2025-08-22,24345195.954836603,0.04151819884401115,1010768.686549322,0.02625902629690349,0.053813840785406214,639281.1407813228,1310108.4990030923,0.007671092352281122,186754.24650393237,0.027554814488502725,670827.3582217694
2025-08-26,2025-08-25,24316725.488425154,0.04196641925273022,1020485.896700801,0.023440861381596168,0.05449325350925424,570004.9914285004,1325097.486555696,0.00797100022443963,193828.6243258738,0.031052392127658073,755092.4951271956
2025-08-27,2025-08-26,24607654.30808197,0.04251789710663023,1046265.7139065553,0.023928972199295313,0.05528587660507954,588835.875827963,1360455.7396170737,0.008296587777319587,204159.56396093854,0.03135690440578423,771619.8637891107
2025-08-28,2025-08-27,24633958.415945202,0.03981920322888024,980904.5964963067,0.023495633165564172,0.04810994031219693,578790.4503568107,1185138.269044265,0.007089502019179236,174642.49793022082,0.02461430714663276,606347.8186874542
2025-08-29,2025-08-28,24836077.984939143,0.03396542407176223,843567.921037816,0.018352614777424232,0.043738080423691296,455806.9718396548,1086282.3763143371,0.007347444963876034,182481.71611287355,0.025385465646267064,630475.4044746824
2025-09-02,2025-08-29,24513146.762733247,0.03394998631241157,832220.9970689297,0.018515910660990627,0.04377028325883668,453883.2354785204,1072947.3773702697,0.007366632090795276,180579.33358872507,0.025254372597846055,619064.1418917493
2025-09-03,2025-09-02,24455007.790416483,0.03395949632711597,830479.747238241,0.018353107503107435,0.04339572163771513,448825.3869668435,1061242.7107210685,0.0074210854688926825,181482.7029551171,0.025042614134607694,612417.323754225
2025-09-04,2025-09-03,24429614.548638176,0.03400976118559058,830845.3566552135,0.018428425441353865,0.04338738774407192,450199.3302705923,1059937.1588599852,0.007301461506572491,178371.89024728493,0.024958962302718057,609737.8285893928
2025-09-05,2025-09-04,24941590.32852864,0.030315480061591443,756116.2843088919,0.014771223131657074,0.04179023921969168,368417.7960010766,1042315.0263487602,0.006857338731262071,171032.93337909091,0.027019016088034607,673897.2303476837
2025-09-08,2025-09-05,24978688.526829716,0.030116515891139797,752271.0699580985,0.01457908776202762,0.04135868965480729,364166.4922130029,1033085.8267652456,0.006809544690793954,170093.49584086915,0.02677960189277967,668919.3345522428
2025-09-09,2025-09-08,25061712.427347507,0.030134923650274762,755232.7905432594,0.01432926891674131,0.041621692085840906,359116.01688550005,1043110.8777949504,0.007107665170851011,178130.26054174182,0.027292423169099595,683994.8609094503
2025-09-10,2025-09-09,24947817.322293255,0.030310305347131146,756175.9607831563,0.018466316999303043,0.04193090877285193,460694.30311417085,1046084.6522228536,0.006804389219332821,169754.65923369685,0.023464591773548888,585390.3491086827
2025-09-11,2025-09-10,24710405.111034695,0.030060133398222187,742798.0739618143,0.01461301597127657,0.04159788960573922,361093.54454426415,1027900.7039219155,0.0069482892752277215,171695.04281953466,0.026984873634462652,666807.1593776513
2025-09-12,2025-09-11,24596093.544835977,0.029595176806968125,727925.7372201481,0.014376362688016467,0.04105907439115037,353602.3615089426,1009892.8345891138,0.007069572969255142,173883.8780738433,0.026682711703133903,656290.4730801713
2025-09-15,2025-09-12,24450126.881803676,0.027521569138819018,672905.8574304574,0.014111425660466128,0.04051763988951755,345026.1478815371,990661.436249934,0.006848077281966808,167436.3584404857,0.02640621422905142,645635.2883683969
2025-09-16,2025-09-15,24607351.09655922,0.027662107017441734,680691.1794487833,0.014026002922981227,0.040713884031952224,345142.7784071649,1001860.8388788444,0.006617136008959652,162830.18902615478,0.026687881108970996,656718.0604716795
2025-09-17,2025-09-16,24676552.081718124,0.027507565088622173,678791.8625506363,0.013981824492859478,0.040887779840683786,345023.220295489,1008969.4287444578,0.006879558896113052,169763.79339918098,0.026905955347824306,663946.2084489688
2025-09-18,2025-09-17,25054062.7682316,0.028077854296015555,703464.323929635,0.014113827146412055,0.0412252180329767,353608.71122617874,1032859.2002322315,0.006683130966829259,167439.5827312526,0.027111390886564644,679250.4890060527
2025-09-19,2025-09-18,25273811.15130586,0.027883058781882727,704711.1619740645,0.013943025777008053,0.04086874732286122,352393.4003658912,1032909.0018284315,0.006654786004377486,168191.80472698988,0.026925721545853168,680515.6014625402
2025-09-22,2025-09-19,25629512.37266342,0.02843002195194342,728647.5993724265,0.013968418067203886,0.04143554702036633,358003.74367993727,1061972.8650265557,0.006646366174521196,170343.12410314265,0.027467128953162445,703969.1213466185
2025-09-23,2025-09-22,25428667.444840338,0.028434172487028602,723043.1162418791,0.01385689595227119,0.04174290397732727,352362.39898805827,1061466.4234213582,0.006812583871000404,173234.92969575236,0.027886008025056083,709104.0244332999
2025-09-24,2025-09-23,25201887.609507393,0.027815089594160285,700992.7618004062,0.01407511101889745,0.041161576013249664,354719.3659895926,1037349.4125161134,0.006809126954259611,171602.8522201181,0.027086464994352213,682630.0465265207
2025-09-25,2025-09-24,25055224.279808093,0.02776763928690598,695724.4300542397,0.013856620998065302,0.04096327518416214,347180.7468668244,1026344.0469746795,0.006648607740971842,166582.35809851773,0.027106654186096833,679163.3001078551
2025-09-26,2025-09-25,24932390.535084516,0.027689781255860375,690372.4401021738,0.013979889817280764,0.04060063022707168,348552.07256189536,1012270.7687919083,0.00662211359425408,165105.1222996349,0.026620740409790913,663718.6962300129
2025-09-29,2025-09-26,25054113.15179097,0.027450314135083576,687743.276392591,0.01396473057825313,0.040647363579056725,349873.94004182925,1018383.6464316744,0.006691087624655596,167639.26645666957,0.026682633000803598,668509.7063898451
2025-09-30,2025-09-29,25712872.37322133,0.028388481933307855,729949.4128206444,0.013878284115280016,0.04159160852249059,356850.54821549996,1069439.721735785,0.006917860188169049,177878.05611417966,0.027713324407210572,712589.173520285
2025-10-01,2025-09-30,24940310.32442677,0.02881484905501924,718651.2773836952,0.01448617669899303,0.04173922536450114,361289.74228736636,1040989.2332918436,0.006057053233906415,151064.78730519873,0.027253048665508112,679699.4910044773
2025-10-02,2025-10-01,25498804.068147,0.029189349164639805,744293.4952258806,0.014801702802841259,0.042381592145863234,377425.71964459156,1080679.9142234845,0.006273084119412478,159956.14286390322,0.027579889343021975,703254.1945788929
2025-10-03,2025-10-02,25407556.539806105,0.02839138955697875,721355.8354125982,0.014089095034036868,0.04234995674028817,357969.4786719931,1076008.9203372144,0.0071242480284692674,181009.73458693508,0.028260861706251306,718039.4416652212
2025-10-06,2025-10-03,24797792.813589483,0.02823594139353543,700189.0245735467,0.014437049392008516,0.04141915850626519,358006.9596625852,1027103.7111515866,0.00629310659641316,156055.15353168684,0.02698210911425667,669096.7514890013
2025-10-07,2025-10-06,24524202.049318325,0.028237090443783152,692492.1113282137,0.014874110722928007,0.04125172986022409,364775.6966730187,1011665.7579760335,0.0061026740069980365,149663.2103887429,0.026377619137296082,646890.0613030149
2025-10-08,2025-10-07,24209041.711674936,0.028055856184984157,679205.3926390347,0.014570150932397816,0.041520109438257416,352729.3916678182,1005162.061264082,0.006341428074188602,153519.89675961834,0.0269499585058596,652432.6695962638
2025-10-09,2025-10-08,23999134.112286508,0.028127811510215064,675043.1207187674,0.014545109647682321,0.04109347252130875,349070.0371126404,986207.7581784491,0.0066229566084048015,158945.22386496104,0.02654836287362643,637137.7210658088
2025-10-10,2025-10-09,23798168.840000194,0.028743663847822096,684046.5653306799,0.013788501765428203,0.0410989172090829,328141.0930643011,978078.9708829444,0.006993606104167008,166435.01886742242,0.0273104154436547,649937.8778186433
2025-10-13,2025-10-10,22195320.20457371,0.029883107233120775,663265.1337467283,0.014458545821725963,0.04168942319622203,320912.0542057091,925310.0969841307,0.007781056540441222,172703.04144498546,0.027230877374496067,604398.0427784217
2025-10-14,2025-10-13,22975170.25337245,0.029779888056427884,684197.9982228035,0.014612686966610694,0.04152011970701313,335728.9709171173,953931.8192090313,0.007574349158112513,174021.96146612326,0.026907432740402436,618202.848291914
2025-10-15,2025-10-14,23354054.37454236,0.02826967734094354,660211.5817711635,0.014546824208773991,0.04166307410838355,339727.3235486169,973001.6981377774,0.008015327112627518,187190.38521804666,0.027116249899609562,633274.3745891606
2025-10-16,2025-10-15,23753225.360259533,0.028592221738834328,679157.4865130435,0.013671718843183581,0.042139143952221646,324747.41874424636,1000940.5827855383,0.008300786251386142,197170.44649651897,0.028467425109038064,676193.1640412919
2025-10-17,2025-10-16,23328738.751619767,0.02847998863909855,664402.214610629,0.01437871270984603,0.04183240590248557,335437.23239259276,975897.2686508026,0.008148898835660143,190103.532050494,0.027453693192639538,640460.0362582097
2025-10-20,2025-10-17,22879811.457260657,0.028149960093651845,644065.7794721657,0.015187591030247253,0.04152477916086253,347489.2192620403,950079.1180049211,0.007616602294362914,174266.42443996243,0.026337188130615276,602589.8987428809
2025-10-21,2025-10-20,23003227.184426676,0.028039121001720894,644990.270454215,0.015356428488003934,0.04153287985402146,353247.41325095634,955390.2709055535,0.007710129631474319,177357.86353418368,0.026176451366017525,602142.8576545971
2025-10-22,2025-10-21,23587622.180426408,0.028278262376444745,667016.9688545456,0.014783769480197988,0.04209715986857855,348713.96890142903,992971.9018490398,0.0076984020982908095,181587.0000874855,0.027313390388380564,644257.9329476107
2025-10-23,2025-10-22,22746795.60363754,0.029316266671399818,666851.1258360631,0.01760418140527281,0.04116681757750145,400438.71619509725,936413.1850876586,0.0069710474985982505,158568.99259386313,0.023562636172228642,535974.4688925613
2025-10-24,2025-10-23,23342982.44050947,0.029689108050530547,693032.3278979228,0.017630218849174092,0.041566210279861966,411541.8890186099,970279.3166813421,0.0071031860495384125,165809.54722604697,0.023935991430687874,558737.4276627322
2025-10-27,2025-10-24,23494455.129432417,0.030034349059815547,705640.666327547,0.01917110996227564,0.041879362715558796,450414.78279009985,983932.808169921,0.0073283508457371496,172175.61011790956,0.022708252753283156,533518.0253798212
2025-10-28,2025-10-27,23803309.534855723,0.02991861843212696,712162.1353951578,0.01793063431615559,0.04174062937227153,426808.43878375756,993565.1211278697,0.0073285061306839145,174442.69985675704,0.02380999505611594,566756.6823441121
2025-10-29,2025-10-28,24285179.55854547,0.029692063276371444,721077.0881303744,0.017271664681931267,0.04161870118965665,419445.478075689,1010717.6313842618,0.007556892514184478,183520.49161159818,0.024347036507725385,591272.1533085727
2025-10-30,2025-10-29,23840053.530490533,0.029538780796989024,704206.1154256441,0.01839922578624183,0.041556896335076546,438638.527663587,990718.6331892706,0.007217283645669307,172060.42845749014,0.023157670548834716,552080.1055256836
2025-10-31,2025-10-30,22118414.079119585,0.0328063350375171,725624.1027781324,0.01993952522704836,0.04305994891444335,441030.6755129066,952417.7803153938,0.008433207064866024,186529.16587566343,0.02312042368739499,511387.10480248724
2025-11-03,2025-10-31,22334506.608497556,0.0326607913137875,729462.6594365465,0.018544380883252862,0.043418724775355695,414179.5973875068,969735.7954277183,0.008295567850312605,185277.41497404675,0.024874343892102833,555556.1980402116
2025-11-04,2025-11-03,23082599.35179246,0.03431547870306186,792090.4464677436,0.019318970097743474,0.04415457555372669,445932.04665547144,1019202.3770551229,0.00843982664294005,194813.1369975687,0.024835605455983217,573270.3303996514
2025-11-05,2025-11-04,22052746.947212912,0.03356660957966858,740235.946936324,0.019951306987730504,0.04507163777061957,439981.1242665815,993953.422251917,0.00846702979144206,186721.26538518467,0.02512033078288907,553972.2979853355
2025-11-06,2025-11-05,22159391.368499435,0.028281447899455858,626699.6724718687,0.018448958855907388,0.044853409206218754,408817.6996293954,993924.248812057,0.009262040653974993,205241.18372238433,0.026404450350311366,585106.5491826616
2025-11-07,2025-11-06,21334559.538280774,0.03222533216898123,687513.2678000047,0.018184105822738782,0.0444293381917351,387949.88832561864,947880.3608979844,0.008323798799423887,177584.58107097895,0.026245232368996316,559930.4725723658
2025-11-10,2025-11-07,22087447.920346458,0.03238529919870377,715308.6094362073,0.018516656286592,0.04493770515025722,408985.6813890566,992559.2221661911,0.008675204692398476,191613.13184169654,0.026421048863665218,583573.5407771345
2025-11-11,2025-11-10,22797839.14003455,0.033286174227658,758852.8456293108,0.020062653908925553,0.04543695959274488,457385.1565378701,1035864.4958076475,0.008302673149961073,189283.0069050965,0.025374305683819327,578479.3392697773
2025-11-12,2025-11-11,22893251.190318204,0.033678381253813935,771007.6417268661,0.018908691426494307,0.045612750638896644,432881.42250695045,1044224.157857608,0.008876176277932718,203204.5331402574,0.026704059212402338,611342.7353506576
2025-11-13,2025-11-12,23035816.69571204,0.03349974177718823,771693.9109329948,0.019056247647479423,0.04565422453792769,438976.2277154298,1051682.347840581,0.008303149486109144,191269.82955910586,0.026597976890448266,612706.1201251512
2025-11-14,2025-11-13,22587282.100147817,0.03301757107946707,745777.1922336047,0.01875283785583227,0.045133204057744306,423575.6388280146,1019436.4121358067,0.00863405789401717,195019.901321174,0.026380366201912035,595860.7733077921
2025-11-17,2025-11-14,22277670.874487136,0.033496658181678504,746227.5263666305,0.018960316707615586,0.04541097418582717,422391.6952882995,1011650.7370016892,0.008588009468268825,191320.84840107217,0.026450657478211587,589259.0417133896
2025-11-18,2025-11-17,21983454.233452495,0.03456031108086755,759755.016940133,0.019222729409689294,0.04598275034282437,422581.9922199459,1010859.6876897515,0.008760059106371064,192576.35844724704,0.026760020933135075,588277.6954698056
2025-11-19,2025-11-18,21779953.30767625,0.034184705076181,744541.2803959055,0.019071229696490274,0.04582435418749756,415370.49230952683,998052.2945581153,0.008586649479581434,187016.82473466618,0.026753124491007283,582681.8022485885
2025-11-20,2025-11-19,22142250.197371352,0.035002774094265714,775040.1815972999,0.019270193858761803,0.04623923729150093,426685.4537725528,1023840.7610440373,0.008158063808171336,180637.88996664985,0.026969043432739127,597155.3072714845
2025-11-21,2025-11-20,21311604.268594734,0.03595289667925965,766213.9063380554,0.020683861027016893,0.04607131123681232,440806.2609543935,981853.553214206,0.007521088878974459,160286.46985763247,0.02538745020979543,541047.2922598126
2025-11-24,2025-11-21,21611472.492586605,0.03527256144947903,762291.9915084868,0.020152036867677726,0.04572602348919409,435515.1904354083,988206.6988320871,0.007958782027896247,172000.9988703724,0.025573986621516366,552691.5083966788
2025-11-25,2025-11-24,22226208.161495056,0.03594049921134107,798821.0168993155,0.02240922210071731,0.04633722366634639,498072.03514771844,1029900.7788339701,0.007713438399642131,171440.4875113153,0.023928001565629083,531828.7436862516
2025-11-26,2025-11-25,23372841.562431477,0.036168093964674304,845351.1298514666,0.02045638366126411,0.046619691337213866,478123.814255038,1089634.6593141588,0.007956582013847547,185967.93078815067,0.026163307675949755,611510.8450591208
2025-11-28,2025-11-26,23724753.049797807,0.03623355700094538,859632.1919632016,0.02055351626293278,0.0466974833687051,487627.0976430833,1107886.2609695687,0.007214698050164818,171166.92956901804,0.02614396710577232,620259.1633264854
2025-12-01,2025-11-28,24302066.26212644,0.03648648381958677,886696.9474556018,0.023059520909109277,0.04717788878199614,560394.0051060638,1146520.1792873018,0.007298911461182376,177378.6299710482,0.024118367872886865,586126.174181238
2025-12-02,2025-12-01,24465561.90658977,0.03678995732693429,900086.9785229068,0.02078632943211452,0.04709878246127814,508549.22953216673,1152298.1780314047,0.007614495779280311,186292.91787544894,0.02631245302916362,643748.948499238
2025-12-03,2025-12-02,24511076.336967684,0.037023485307072244,907485.4746222493,0.020940277886665606,0.04730668155678812,513268.749797377,1159537.6828870547,0.007477008708914629,183269.53123637865,0.026366403670122513,646268.9330896777
2025-12-04,2025-12-03,25039807.83016706,0.03729130126578466,933767.0174321134,0.023939740241444893,0.047423962158274005,599446.4951498973,1187486.8989882958,0.007586556548142973,189965.9180581956,0.023484221916829112,588040.4038383985
2025-12-05,2025-12-04,25164028.98309711,0.037317981744618006,939070.7742122563,0.024034640271594063,0.04652507026730344,604808.384392706,1170758.2166470534,0.006807772704294799,171310.9896412117,0.022490429995709375,565949.8322543474
2025-12-08,2025-12-05,25357101.979367737,0.03722501950180624,943918.6156912536,0.02122438895896525,0.04729315379665748,538188.9952822485,1199217.3237477662,0.0075938372504169025,192557.7055735429,0.02606876483769223,661028.3284655177
2025-12-09,2025-12-08,26774122.620593127,0.039264498693352,1051272.5026519252,0.021638951076596576,0.04870465862068807,579363.9295058124,1304024.5021044305,0.007438406420184303,199156.8055958217,0.027065707544091492,724660.5725986181
2025-12-10,2025-12-09,27115501.099305548,0.03953509270392081,1072013.8496743115,0.022197518278664626,0.04873611729514863,601896.8312869857,1321504.2420924867,0.007376671694639339,200022.1494452091,0.026538599016484005,719607.410805501
2025-12-11,2025-12-10,27481149.880478255,0.03997457821335429,1098547.37529009,0.022150020643270863,0.04890959740025171,608708.037153414,1344091.9767501669,0.00772574116480637,212312.2508878245,0.02675957675698085,735383.9395967529
2025-12-12,2025-12-11,27726384.446851924,0.04001198939219694,1109387.8003714134,0.0217628534190632,0.049038212220138884,603405.2405574321,1359652.3246018826,0.0076040536960733365,210832.91613183465,0.027275358801075685,756247.0840444505
2025-12-15,2025-12-12,27141467.67195781,0.039382232603680796,1068891.5930623251,0.021778195518259214,0.048830931063669904,591092.1896124089,1325343.1368561971,0.007757830278260266,210558.89970193646,0.02705273554541069,734250.9472437883
2025-12-16,2025-12-15,26947771.105236076,0.038988072819944444,1050641.6621861388,0.021222746099206363,0.048637718150493746,571905.7041059549,1310678.0958004915,0.00882444037873339,237798.99945791013,0.027414972051287383,738772.3916945367
2025-12-17,2025-12-16,27075067.584288083,0.039659305583357465,1073778.379015337,0.021463712901004496,0.04886891314820832,581131.4774044527,1323129.1262584447,0.008321244923832957,225298.26869819144,0.027405200247203824,741997.648853992
2025-12-18,2025-12-17,26745911.336549755,0.039347517061563496,1052385.202641956,0.021389076404832646,0.04870238449030164,572070.3410943424,1302589.6574561635,0.008284097928003706,221565.74868568266,0.027313308085468994,730519.3163618211
2025-12-19,2025-12-18,27360408.708989624,0.04023877237045251,1100949.25800358,0.020914156912286846,0.04908544672609514,572219.8809241086,1342997.8840892997,0.00879760900653797,240706.17808076701,0.028171289813808294,770778.0031651912
2025-12-22,2025-12-19,26892139.1043831,0.039363405328208805,1058566.171708406,0.021111571339309465,0.04872217364699448,567735.3131688175,1310243.471182884,0.008598762667020933,231239.12176710315,0.027610602307685014,742508.1580140664
2025-12-23,2025-12-22,26282560.39332983,0.03887164132899957,1021646.2608172869,0.021631269779599456,0.048662995846655725,568525.1543667332,1278988.1272600878,0.008650062259316579,227345.78373655103,0.02703172606705627,710462.9728933546
2025-12-24,2025-12-23,26369201.809453454,0.03794914623414066,1000688.6955445156,0.02071475951103207,0.04873087603701059,546231.6739807,1284994.3045713915,0.008999337272327131,237305.34068533048,0.02801611652597852,738762.6305906916
2025-12-26,2025-12-24,26547201.28869019,0.03810393260564237,1011552.7687726733,0.020756474092379733,0.048739693629938775,551026.2957738878,1293902.4575430758,0.009160051922438937,243173.74219984,0.027983219537559043,742876.161769188
2025-12-29,2025-12-26,26518307.924662165,0.0380022063214424,1007754.2090485526,0.020714201681879395,0.04868112423890006,549305.5786136327,1290941.0426858868,0.008862026601076475,235005.9502438932,0.027966922557020664,741635.4640722541
2025-12-30,2025-12-29,26237419.36171697,0.03817616351334547,1001644.0117211234,0.02113582637940784,0.04870603943921404,554549.5402729635,1277920.7822149848,0.008833210715874444,231760.65386280997,0.0275702130598062,723371.2419420213
2025-12-31,2025-12-30,25957851.87057325,0.038175386785580696,990951.0352819432,0.020877773498737307,0.04881785933066876,541942.1518676028,1267206.761143982,0.009099044297155997,236191.64402935962,0.027940085831931454,725264.6092763791
2026-01-02,2025-12-31,25601140.03999148,0.03813237328961037,976232.2286445455,0.020700169356833324,0.04874764819994144,529947.9345558303,1247995.3681869395,0.008657874358891081,221651.45391062202,0.02804747884310812,718047.4336311092
2026-01-05,2026-01-02,25381552.307826515,0.03686859025824808,935782.0521555468,0.02005874276939446,0.0479372831224172,509122.0288306224,1216722.6590667213,0.009030574462579578,229209.99809168588,0.02787854035302274,707600.630236099
2026-01-06,2026-01-05,26512010.083545018,0.03773424080955718,1000410.572837896,0.01993539614085189,0.048439686566898496,528527.4235057298,1284233.458705373,0.008900908382075195,235980.97277828795,0.028504290426046606,755706.0351996433
2026-01-07,2026-01-06,27042700.885657348,0.03823471361872657,1033969.923839992,0.019834405799664535,0.04837186377697266,536375.9032850753,1308105.843402435,0.00846022309628875,228787.28261886653,0.028537457977308126,771729.9401173597
2026-01-08,2026-01-07,27223944.365807503,0.03845035600437123,1046770.3527084949,0.020579803773952042,0.048717345970744896,560263.4330013057,1326278.3163573553,0.008879335062347431,241730.5237427104,0.028137542196792854,766014.8833560497
2026-01-09,2026-01-08,27388776.48620683,0.037902682336842144,1038108.0947514691,0.019704080823714554,0.048231606717860746,539670.6655468721,1321004.6959661199,0.008680452186119904,237746.9647248435,0.028527525894146193,781334.0304192478
2026-01-12,2026-01-09,28018273.44059323,0.03857918118256115,1080922.0474871872,0.020064281152155097,0.048662737624941665,562166.5157100225,1363445.88914346,0.009085421631074338,254557.82758252136,0.028598456472786568,801279.3734334374
2026-01-13,2026-01-12,28001996.507260688,0.03849767117261115,1078011.6537131278,0.019764846393783495,0.047679064300356844,553455.1596852695,1335108.99200805,0.009125544103740623,255533.4541197983,0.02791421790657335,781653.8323227805
2026-01-14,2026-01-13,28251318.221152574,0.03855413982943196,1089205.2730640953,0.02021913941272249,0.0486362549960737,571217.3417066709,1374038.3169791999,0.009818619040664939,277388.931010093,0.02841711558335121,802820.975272529
2026-01-15,2026-01-14,27528200.544660714,0.038769290580672584,1067248.8060789804,0.020341406579756027,0.04888229480641233,559962.3196880049,1345641.6145141455,0.009073341463029738,249772.76340446787,0.028540888226656305,785679.2948261406
2026-01-16,2026-01-15,27861602.28537493,0.03862180984573166,1076065.5054631531,0.020294450347048514,0.04879437066014008,565435.9041697548,1359489.3490979902,0.008694552382828203,242244.1605397183,0.028499920313091565,794053.4449282354
2026-01-20,2026-01-16,27105218.358238257,0.0386931733215029,1048786.911852495,0.020591590292814124,0.048312092186430886,558139.551230106,1309509.8080565454,0.008935312873648826,242193.6065394288,0.027720501893616762,751370.2568264394
2026-01-21,2026-01-20,26771482.29679437,0.038540717312161944,1031792.1312282998,0.020613748533326596,0.04845273786802477,551860.6039305239,1297151.6140650434,0.008765255487198037,234658.88210240196,0.027838989334698177,745291.0101345195
2026-01-22,2026-01-21,27259443.87863717,0.038860025950050434,1059302.6965077838,0.021495346334492387,0.048613386846558915,585951.1870569644,1325173.8904942512,0.008610760102392794,234724.5317635844,0.027118040512066528,739222.7034372868
2026-01-23,2026-01-22,27943287.80538479,0.03931380632551807,1098557.0048791084,0.022400897372039704,0.049184771103684875,625954.7223657932,1374384.2145922398,0.008817323723666863,246385.01448367024,0.02678387373164517,748429.4922264466
2026-01-26,2026-01-23,27554823.91725719,0.03940735162059997,1085862.6349510718,0.020940727828870256,0.049164183398504945,577018.0680237274,1354710.416581543,0.008743999162429838,240939.3572533985,0.028223455569634688,777692.3485578155
2026-01-27,2026-01-26,27541967.077138428,0.03920000410616087,1079645.2225155737,0.021046788974904404,0.049238537708132094,579669.9690262971,1356126.1844838131,0.009552890977451182,263105.4087924532,0.02819174873322769,776456.215457516
2026-01-28,2026-01-27,27571866.147350494,0.03929812747640545,1083522.7106209677,0.021104439070627874,0.04935391624074524,581888.7691702658,1360779.5724373756,0.009381102815340618,258654.5111391044,0.028249477170117367,778890.8032671098
2026-01-29,2026-01-28,25342080.673135854,0.03858627669335158,977856.5368388576,0.021761639452213506,0.06856561823119979,551485.2225776906,1737595.4286184995,0.011165029248651962,282945.0719372594,0.04680397877898629,1186110.206040809
2026-01-30,2026-01-29,25778113.60003815,0.039464344009393124,1017316.3430251209,0.022131145166513103,0.06903535950159727,570499.1742013099,1779601.3396516473,0.011493085905022352,296270.07407466345,0.04690421433508417,1209102.1654503373
2026-02-02,2026-01-30,24666289.48072585,0.040639233126993135,1002419.0885851163,0.024456097623576686,0.06843750822932766,603241.1835520341,1688099.3893241538,0.010761476582156976,265445.69661553623,0.043981410605750976,1084858.2057721196
2026-02-03,2026-02-02,25086827.68163917,0.04065966878448308,1020022.10438885,0.025653138311909983,0.06828627418516399,643555.8603241417,1713085.993504374,0.010726035944544082,269082.21544784517,0.042633135873254006,1069530.1331802323
2026-02-04,2026-02-03,25051630.165471096,0.04085434855882432,1023468.0307469139,0.024694968023208516,0.06838113753116522,618649.2058655546,1713058.9677249664,0.010840753865407504,271578.55655109003,0.0436861695079567,1094409.7618594118
2026-02-05,2026-02-04,24471345.82767927,0.04041507981834972,989011.3948880971,0.02545505488762466,0.06791059499054636,622919.4512176205,1661863.6553771233,0.010712483250495841,262148.88229610544,0.0424555401029217,1038944.2041595028
2026-02-06,2026-02-05,23742975.96358412,0.0405914134645395,963760.9542164662,0.025927732457305525,0.06794862074024527,615601.5285240449,1613302.468994337,0.010528861587926123,249986.50760603408,0.04202088828293975,997700.940470292
2026-02-09,2026-02-06,24757871.989585668,0.04084586732457198,1011256.7545253531,0.0257155117996615,0.06812244696927358,636661.3492826992,1686566.8216826136,0.010067979772293114,249261.75439617079,0.04240693516961208,1049905.4723999144
2026-02-10,2026-02-09,24912456.41668292,0.04109083306357797,1023673.5878215798,0.026000467107253383,0.06847212446869534,647735.5036228477,1705808.816584061,0.010520692456927798,262096.29230653853,0.042471657361441956,1058073.3129612133
2026-02-11,2026-02-10,24216612.04121885,0.04062152998667238,983715.832207983,0.027136353220785007,0.0681076916666617,657150.5381612302,1649337.5461145004,0.010504496605927744,254383.31899405236,0.04097133844587669,992187.0079532702
2026-02-12,2026-02-11,23262704.865918003,0.039899147034895416,928162.0818746395,0.02694565887098356,0.06737909707559367,626828.9097333959,1567420.0494015743,0.008910444505409178,207281.04075347443,0.04043343820461011,940591.1396681784
2026-02-13,2026-02-12,22338225.668833144,0.03963704723267615,885421.3059297181,0.026733988086617276,0.06692403864148502,597189.8589067535,1494964.277843202,0.008569925077832184,191436.92035360777,0.04019005055486775,897774.4189364485
2026-02-17,2026-02-13,22274622.30821138,0.03976385771260217,885724.9120656714,0.027113531142242114,0.06675812658645967,603943.6656353702,1487012.0557171537,0.008994003728926577,200338.03610048426,0.039644595444217556,883068.3900817835
2026-02-18,2026-02-17,22733585.778279293,0.03978436692961894,904441.3182290301,0.02713605907783335,0.06681937532025861,616899.926730379,1519044.0004941376,0.008509104509097856,193442.45725391922,0.03968331624242526,902144.0737637586
2026-02-19,2026-02-18,23245997.49257844,0.039952382288757624,928732.978506995,0.02729369217276189,0.06702655589727348,634469.0998112307,1558099.150324188,0.009176083412427236,213307.21199697413,0.03973286372451159,923630.0505129573
2026-02-20,2026-02-19,22053635.032923505,0.03978136213193968,877323.6415703614,0.030098440940366903,0.06632341792996369,663780.0315588546,1462672.453163474,0.008746841074626577,192899.64075079898,0.036224976989596785,798892.4216046195
2026-02-23,2026-02-20,22261188.993361253,0.03987695966968094,887708.5356874119,0.03597446913161244,0.06635829870431036,800834.456274665,1477214.628734572,0.008882905863531895,197744.04623832036,0.030383829572697918,676380.1724599071
2026-02-24,2026-02-23,21474061.991896514,0.03959596910036579,850286.2950904737,0.03607783111712525,0.06634946587593746,774737.5819423207,1424792.5433491033,0.008428012560922458,180983.66420173136,0.030271634758812206,650054.9614067826
2026-02-25,2026-02-24,21410129.32093652,0.03991212815219601,854523.8252123077,0.034598789441622015,0.06663436273093326,740764.5562929803,1426650.3232874738,0.008353769873778609,178855.29331494356,0.032035573289311246,685885.7669944934
2026-02-26,2026-02-25,21864630.42385454,0.0399305461529596,873066.6342571283,0.03660942177625932,0.0668324988002216,800451.4771689224,1461267.8865695472,0.008451998124149483,184799.8153276403,0.030223077023962285,660816.4094006248
2026-02-27,2026-02-26,22612548.610876724,0.040427569753538804,914170.3862715057,0.037467129596253645,0.06725105307808639,847227.2893053036,1520717.7068608792,0.008496439243603254,192126.14541533924,0.029783923481832744,673490.4175555756
2026-03-02,2026-02-27,21816063.5601499,0.040219661883770526,877434.700024076,0.03480674736744805,0.06682337642946135,759346.2128903269,1457823.0274889513,0.007774691038986693,169613.15386706154,0.032016629062013295,698476.8145986245
2026-03-03,2026-03-02,21403873.37756279,0.03992527398298284,854555.5088962667,0.03489069760366659,0.07196729590421912,746796.0735637131,1540378.8888594992,0.008590406298914725,183867.96868378858,0.03707659830055253,793582.8152957861
2026-03-04,2026-03-03,21277372.265298463,0.03984078679536273,847707.2519873203,0.03457195241838253,0.06640017546279137,735600.3015441106,1412821.2518029485,0.0075897516963624335,161489.972244684,0.031828223044408833,677220.9502588379
2026-03-05,2026-03-04,21446916.992303982,0.03969031925868383,851234.9825390363,0.03479368100970224,0.06609657870830873,746217.1884717874,1417567.8370323842,0.008197509857286917,175811.31345282617,0.031302897698606495,671350.6485605969
2026-03-06,2026-03-05,21876001.655531354,0.040284651659023465,881267.1063853012,0.03575931241938752,0.06665362984019366,782270.7776871843,1458114.9167312505,0.008196556903207763,179307.89238422996,0.030894317420806137,675844.1390440662
2026-03-09,2026-03-06,21178480.82855769,0.03952391522063572,837056.480769773,0.03307791077512069,0.050339642714180545,700539.8991996354,1066117.1581387164,0.005759037377737007,121967.66269535036,0.017261731939059853,365577.258939081
2026-03-10,2026-03-09,21512539.223981436,0.039670947302079006,853422.8098884751,0.0334130039108943,0.050716720353202106,718798.5572241588,1091045.4359099579,0.005554543588568359,119492.33682039143,0.017303716442307805,372246.8786857991
2026-03-11,2026-03-10,21189044.669967167,0.039483334470675625,836614.1378184003,0.03317461234423386,0.050311559163694015,702938.3428708155,1066053.8745352086,0.004798287408945445,101671.12624748606,0.017136946819460153,363115.531664393
2026-03-12,2026-03-11,20957441.962197866,0.039274586734172,823094.872070716,0.03265151573676804,0.04981731594831803,684292.2460311066,1044043.5076993493,0.0057004873024629095,119467.6317976123,0.017165800211549988,359751.26166824275
2026-03-13,2026-03-12,20148386.06654105,0.03918955378307263,789606.2593968216,0.034155502998828934,0.04944332790200594,688178.2607173059,996203.2589841967,0.004472751277456403,90118.71951780627,0.015287824903177004,308024.99826689076
2026-03-16,2026-03-13,20333097.671072874,0.03930942200323218,799282.316985141,0.034306398350478294,0.05014301824916283,697555.3484030085,1019562.8875826173,0.005453664680735539,110889.89661867617,0.015836619898684533,322007.5391796088
2026-03-17,2026-03-16,20556386.41381164,0.03946726978014947,811304.4482989033,0.03504928483798808,0.050642878863343864,720486.6426574325,1041034.5870227504,0.0054107203122950856,111224.85751659736,0.015593594025355782,320547.94436531793
2026-03-18,2026-03-17,20911870.199300155,0.03971165310078916,830444.9350433385,0.03488872861365089,0.05098011914912275,729588.5641872766,1066089.6343913113,0.00450034737867338,94110.68023457842,0.016091390535471865,336501.0702040347
2026-03-19,2026-03-18,20113287.801588845,0.03910615486451111,786553.3476034156,0.03583158818976291,0.04969972585706789,720691.0456487132,999624.8898232733,0.004999049270997467,100547.31672189495,0.013868137667304978,278933.84417456004
2026-03-20,2026-03-19,20285148.581846703,0.03893848104234896,789872.8734954698,0.03459161413276324,0.04958178414717294,701696.0323690105,1005773.8583784545,0.004284220328605618,86906.04592313306,0.0149901700144097,304077.82600944396
2026-03-23,2026-03-20,19536964.676262356,0.03873707680283274,756804.9011586051,0.0354579480340934,0.04916650364083991,692740.678234829,960564.2448864138,0.004384018342168384,85650.41149102997,0.013708555606746511,267823.5666515848
2026-03-24,2026-03-23,20209069.477186564,0.039577945371918236,799833.4477853901,0.03648881585735642,0.05034659187588941,737405.0148015828,1017457.7731594058,0.005503398846971363,111218.5696591127,0.01385777601853299,280052.758357823
2026-03-25,2026-03-24,20118311.86995309,0.039621852179153094,797124.7790053823,0.0366845686521343,0.05053011066288557,738031.5929583424,1016580.5251391738,0.004730689489813899,95173.48651598529,0.01384554201075127,278548.93218083144
2026-03-26,2026-03-25,20362938.682157155,0.0397942293845548,810327.4528613858,0.03701964813918629,0.05124376479574847,753828.8250932837,1043473.6403787096,0.005444955749302829,110875.30005011256,0.014224116656562182,289644.815285426
2026-03-27,2026-03-26,19798333.88117034,0.038993124572371696,771998.8993538823,0.03449197278685634,0.04477747255025158,682883.5934544232,886519.3519048207,0.002457468681883836,48653.78546645576,0.01028549976339524,203635.7584503974
2026-03-30,2026-03-27,19642447.22324322,0.039188258017729474,769753.2898840893,0.034342469784825407,0.044903399906694674,674570.150264258,882012.6628114347,0.002483429446714815,48780.631839743866,0.010560930121869268,207442.51254717668
2026-03-31,2026-03-30,19371762.678992875,0.03875893813954471,750828.9513290257,0.03432556143864395,0.044390265095089296,664946.6300125999,859917.680679651,0.0023732874179126988,45974.76062884458,0.010064703656445344,194971.0506670511
2026-04-01,2026-03-31,20552997.21116355,0.03900690067964332,801708.7208848427,0.03399727769132008,0.040576756749835644,698745.9535768543,833973.9683174337,0.0022167589203890155,45561.03990857736,0.006579479058515567,135228.0147405794
2026-04-02,2026-04-01,20402820.887368537,0.03893431404241345,794369.8357799193,0.03429029863078835,0.040614623255340904,699618.8211383533,828652.8836866734,0.0019734759871839124,40264.47709203617,0.006324324624552555,129034.06254832004
2026-04-06,2026-04-02,20506131.653193794,0.038555490143915204,790623.9568445409,0.03132566424447134,0.04083840098038206,642368.1951208748,837437.627009633,0.003100693173742063,63583.222436914046,0.009512736735910715,195069.4318887582
2026-04-07,2026-04-06,20664861.371825013,0.038573420226959386,797114.3816272666,0.03145459137938113,0.040887893249569165,650004.7703623131,844942.6457883265,0.0024983377902454687,51627.80409541425,0.009433301870188038,194937.87542601337
2026-04-08,2026-04-07,20737711.910529245,0.03871371972604632,802833.9666637217,0.03168338583617947,0.040938775468308645,657040.9278208325,848976.5316316267,0.002701884732987415,56030.907208150245,0.009255389632129178,191935.6038107942
2026-04-09,2026-04-08,21626317.55024587,0.03913450179965501,846335.1630900077,0.03355470347446492,0.041482557666074706,725664.6726431167,897114.9648829177,0.0029402928737136584,63587.70737765655,0.007927854191609789,171450.29223980103
2026-04-10,2026-04-09,21324408.349969782,0.038521055714219876,821438.7221219615,0.03171052576612122,0.0406602780126721,676208.2004290072,867056.3719655176,0.002368890101978257,50515.179870785905,0.008949752246550882,190848.17153651046
2026-04-13,2026-04-10,21582846.670904905,0.03901257682694696,842002.4638928941,0.031664666375690556,0.041027017681089066,683413.6392718874,885479.8319754498,0.0024439848082332414,52748.14938211897,0.00936235130539851,202066.19270356244
2026-04-14,2026-04-13,22323531.639788833,0.039619496406460494,884447.0815821209,0.03192036123412346,0.04170848394191226,712575.193963444,931080.6609249028,0.0030763180145861224,68674.28253266566,0.009788122707788803,218505.4669614588
2026-04-15,2026-04-14,23044448.559170768,0.03973527584622159,915677.5202227142,0.03207360180492407,0.04194020816963057,739118.4669008994,966488.9697259653,0.0027471505502738437,63306.569540083256,0.009866606364706501,227370.50282506587
2026-04-16,2026-04-15,23127126.72367765,0.03950175423233248,913562.0759387232,0.03168442557591205,0.04183910820204952,732769.7254610512,967618.3573944602,0.0030640144960686214,70861.85153376432,0.010154682626137473,234848.63193340902
2026-04-17,2026-04-16,22976066.9718148,0.039199123557572296,900641.6880952243,0.03367500031882519,0.041569971497223725,773719.0626012124,955114.4491366446,0.00270162227419864,62072.65430453455,0.007894971178398533,181395.3865354322
2026-04-20,2026-04-17,24038065.381893657,0.039758455734044684,955716.3584180909,0.029884970144175276,0.041891678873373014,718376.8662616252,1006994.9157154338,0.003225735792359068,77540.44788144183,0.012006708729197738,288618.0494538086
2026-04-21,2026-04-20,24795936.84595742,0.03988497872780059,988985.4136368986,0.02975576439753757,0.04184208947070811,737822.0548045299,1037513.8080185782,0.0033679055936074852,83510.37440223794,0.012086325073170541,299691.75321404834
2026-04-22,2026-04-21,24662154.39268265,0.039855778194704636,982929.3552783203,0.02971078214269338,0.041878416321865786,732731.8963304628,1032811.9690508951,0.003444474560045146,84948.16340150103,0.012167634179172406,300080.0727204323
2026-04-23,2026-04-22,25124860.0255091,0.04017500896064226,1009391.4766597106,0.03196629144110372,0.04222180048855326,803148.5979923605,1060816.8272998724,0.003494780135078634,87805.86171378047,0.01025550904744954,257668.22930751194
2026-04-24,2026-04-23,24462968.001812957,0.040109369703928026,981194.2276400774,0.029530012361998526,0.042011848193344796,722391.747504711,1027734.4980508173,0.00361693008944849,88480.84504297288,0.01248183583134627,305342.75054610625
2026-04-27,2026-04-24,24681879.3563998,0.040072168636841855,989056.4318438385,0.031855053814238206,0.04237650181343502,786242.5951346507,1045931.7053054605,0.0035307964808920208,87146.69277337783,0.010521447999196812,259689.11017080978
2026-04-28,2026-04-27,24614863.086431146,0.039882065654476224,981691.5856889902,0.029747877867363808,0.042347496011421785,732239.9408170355,1042377.8163743363,0.0034679017122634863,85361.92584456585,0.012599618144057977,310137.87555730075
2026-04-29,2026-04-28,24397084.22060026,0.03998262127195576,975459.3785322681,0.029560835070785135,0.04247752471125203,721198.1828532188,1036327.7478630445,0.0035710490807627916,87123.18517926696,0.012916689640466897,315129.56500982575
2026-04-30,2026-04-29,23920214.180458643,0.039928793158641264,955105.2843219308,0.03161564628900755,0.04256922017415444,756253.0306866831,1018264.8640608751,0.0033506587458173778,80148.4748455786,0.010953573885146888,262011.833374192
2026-05-01,2026-04-30,23939873.40709581,0.03994830555465136,956357.3778063359,0.03149916935489884,0.04227638076125129,754086.12678495,1012091.2035345366,0.0037676085145483913,90196.07088578478,0.010777211406352454,258005.07674958662
2026-05-04,2026-05-01,23657852.529436085,0.03970902579267897,939430.276290773,0.030146212876774096,0.04181572531509843,713194.6585597087,989270.262916006,0.0033367902733917984,78941.29220955989,0.011669512438324335,276075.6043562973
2026-05-05,2026-05-04,23280943.365063846,0.039797965918418304,926534.1905914377,0.030500600431641097,0.04232993072608257,710082.7512494783,985480.7198810043,0.003633903725297519,84600.70682274607,0.011829330294441474,275397.968631526
2026-05-06,2026-05-05,23373361.843966328,0.039818690671200446,930696.6652109345,0.03017338889257313,0.04236886111477703,705253.5366448262,990302.721752438,0.00354761213456491,82919.6221032314,0.0121954722222039,285049.1851076118
2026-05-07,2026-05-06,24093954.16269423,0.03976250527779195,958035.9795570067,0.03010321139734943,0.042134461576497986,725305.3955576317,1015185.7858939437,0.0032380225936539473,78016.76794926649,0.012031250179148557,289880.390336312
2026-05-08,2026-05-07,24349959.59686547,0.03995711142892342,972954.0489017369,0.03031848386961468,0.042808618779564364,738253.8572633349,1042388.1376800088,0.0035431923202173202,86276.58984121577,0.012490134909949685,304134.28041667386
2026-05-11,2026-05-08,24246619.045113754,0.03964784131255965,961326.1042667567,0.03012909768558299,0.04236636210265134,730528.7537553492,1027241.0422303317,0.003631230544015845,88045.06366573337,0.012237264417068353,296712.2884749825
2026-05-12,2026-05-11,23627485.614887968,0.039807861730346734,940559.6803932167,0.03025542428992629,0.04238627587102596,714859.6021825655,1001481.1234113389,0.003600861626704694,85079.30628616725,0.01213085158109967,286621.5212287734
2026-05-13,2026-05-12,23109396.167574573,0.0395766139759884,914591.6513422846,0.030957983381431207,0.04233840629269744,715420.3025106837,978415.0041216774,0.0033109435094006937,76513.9052472003,0.01138042291126623,262994.7016109937
2026-05-14,2026-05-13,22411406.60277431,0.03884339647139654,870535.1521532368,0.03044486516498878,0.042028190217122126,682312.2521792032,941910.8597346655,0.003231270975084914,72417.32766637103,0.011583325052133345,259598.60755546228
2026-05-15,2026-05-14,22448709.880566847,0.038637303873078725,867357.6252140461,0.030463251314416323,0.04204579268001783,683860.6907761287,943873.8015721815,0.0032462290758009226,72873.65472851555,0.01158254136560151,260013.11079605285
2026-05-18,2026-05-15,21906934.15161467,0.03821718525925705,837221.3609346029,0.030546302226963022,0.041835515264489746,669175.8314613994,916487.8780980472,0.0031025133907428394,67966.55655550613,0.011289213037526724,247312.04663664778
2026-05-19,2026-05-18,21712857.71660967,0.037989138746801585,824852.7643858462,0.03022609504015727,0.041934646050439436,656294.9009356562,910521.0030895792,0.0034567497124620154,75055.91466861914,0.011708551010282165,254226.102153923
2026-05-20,2026-05-19,21201260.63437475,0.03740294917687834,792989.6739932703,0.030244863480874493,0.04148140339979542,641229.2335091028,879458.0449587015,0.0034798830162884567,73777.90680546573,0.011236539918920926,238228.81144959864
2026-05-21,2026-05-20,21789005.904201426,0.03751840434941922,817488.7338857119,0.03040259057366795,0.04134163235070686,662442.2255126695,900793.0713788765,0.003192112243676499,69552.9525243409,0.010939041777038912,238350.84586620692
2026-05-22,2026-05-21,21966562.362240944,0.03706000869133558,814080.9920634143,0.030278550804800016,0.04106851131580385,665115.6744919203,902134.0149430032,0.0028993429955208186,63688.59872063453,0.010789960511003834,237018.3404510829
2026-05-26,2026-05-22,22894655.008037325,0.03757384941933086,860240.3197795236,0.030452552894304676,0.04128060613073324,697200.6926291141,945105.2358858081,0.0030351191060834625,69488.00484208351,0.010828053236428565,247904.54325669399
2026-05-27,2026-05-26,23391578.703851815,0.0378732936569833,885916.1293514167,0.030318248100400468,0.04123648069374274,709191.6866034233,964586.3836175493,0.003004104441265673,70270.74547245677,0.010918232593342275,255394.697014126
2026-05-28,2026-05-27,24004536.456797242,0.03833508734232199,920216.0016832746,0.03092983016216875,0.0416178191665693,742456.2357303267,999016.4574363078,0.0032817863524222,78777.76014013834,0.010687989004400551,256560.22170598106
2026-05-29,2026-05-28,24243596.108978342,0.03820425936110446,926208.6335932716,0.031124249619811115,0.04129454039243123,754563.7369777234,1001128.1587799948,0.002904156060170688,70407.18656021997,0.010170290772620116,246564.4218022714
2026-06-01,2026-05-29,24087376.430232733,0.03821458506681814,920489.095629599,0.030282963318483624,0.04140630992767707,729437.1368752449,997369.3738148403,0.002969563085289668,71528.98386869555,0.011123346609193445,267932.23693959543
2026-06-02,2026-06-01,23860991.386163566,0.0376506713049838,898382.3436914942,0.030370940835384008,0.04147743095342011,724680.7576627812,989692.6226997513,0.002925948057692321,69816.02140095849,0.011106490118036102,265011.8650369701
2026-06-03,2026-06-02,23055566.81823566,0.036381695811472665,838800.6187421326,0.03175306337724029,0.040560558334583795,732084.8743776353,935146.662867942,0.0025363888002267105,58477.88146065151,0.008807494957343502,203061.7884903067
2026-06-04,2026-06-03,22779391.95596127,0.03601098669553339,820308.3806584616,0.03075054583559439,0.03993241618369603,700478.7364487571,909636.1599969829,0.002788354291425837,63517.015316475794,0.00918187034810164,209157.42354822578
2026-06-05,2026-06-04,23262560.260532968,0.03632536736983365,845021.0474267532,0.031823455983546876,0.0403886865971123,740295.0625156777,939544.255809105,0.0025167389170773664,58545.790718540724,0.00856523061356542,199249.19329342735
2026-06-08,2026-06-05,22889602.86516783,0.03683086533530573,843043.8807056246,0.031127413135698577,0.04067174974542744,712494.1248961489,930960.1995043249,0.002656680619461596,60810.36431906399,0.009544336609728865,218466.07460817602
2026-06-09,2026-06-08,23353903.76217142,0.037492156461441876,875588.213836787,0.03282979532487114,0.0409106780851706,766703.8805488258,955424.0388462496,0.003064058551293851,71557.72852857498,0.00808088276029946,188720.15829742374
2026-06-10,2026-06-09,23582990.493783273,0.03728363870367595,879259.6971224401,0.031135906854321802,0.041202620279886575,734277.7953607925,971681.002379527,0.002599545197506124,61305.04968094688,0.010066713425564772,237403.20701873442
2026-06-11,2026-06-10,23023605.6723851,0.036931334407758414,850292.4803592176,0.030960915455623905,0.046851786581484665,712831.908706338,1078697.0592988464,0.003017210292164512,69467.05999745756,0.01589087112586076,365865.1505925084
2026-06-12,2026-06-11,23754411.63329183,0.03657993752916123,868934.8935877959,0.03104774771718901,0.04098966985775589,737520.9795607044,973685.4905138679,0.0031112079712257244,73904.91482527462,0.009941922140566876,236164.5109531635
2026-06-15,2026-06-12,23404698.144370195,0.036277202715646176,849056.9790818255,0.030733796896924664,0.0405682067898558,719315.2392029031,949486.6341749644,0.0028745226403116063,67277.33470565117,0.009834409892931138,230171.39497206127
2026-06-16,2026-06-15,23977237.984142333,0.03685971337399703,883794.1195956008,0.030999636643338196,0.04151277139415906,743285.6652192591,995361.599099048,0.002760651337048769,66192.79409965906,0.010513134750820868,252075.93387978885
2026-06-17,2026-06-16,24113111.167987686,0.03720456765425121,897117.8758038783,0.030915229126336277,0.04152575675271675,745462.3567071575,1001315.1889130742,0.0027550397514205897,66432.57979822984,0.01061052762638047,255852.83220591675
2026-06-18,2026-06-17,22753325.499686144,0.037852034653334025,861259.6652927087,0.030961887884066702,0.04662057783284493,704485.9131109584,1060773.1824141731,0.00397247275044297,90386.96552946238,0.015658689948778226,356287.26930321474
2026-06-22,2026-06-18,23504574.864736773,0.03807943357393476,895040.8972453205,0.03185431378505335,0.04783219287097319,748722.103125603,1124275.3582803179,0.004064990525826802,95545.87413874178,0.01597787908591984,375553.2551547148
2026-06-23,2026-06-22,23507986.257683292,0.03802038080258206,893782.5894189848,0.032074850023110446,0.04747733163910089,754015.1335605329,1116096.4597234558,0.003944540944895102,92728.21432546312,0.015402481615990442,362081.3261629229
2026-06-24,2026-06-23,23182994.81934084,0.03632268641836445,842068.6510614848,0.030619426194580676,0.04037101951895083,709849.998840153,935921.1363593449,0.0028904882535865763,67010.17420826315,0.009751593324370152,226071.13751919195
2026-06-25,2026-06-24,23902454.40895641,0.036831292431758145,880358.2881730403,0.03226962399401563,0.040489523453118015,771323.2163111244,967798.9883785245,0.002712835407156655,64843.42463856464,0.008219899459102384,196475.77206740016
2026-06-26,2026-06-25,23840928.89725305,0.03617896107958254,862540.0386748128,0.030277166754047756,0.039699823721967856,721835.7797935265,946480.6745889157,0.002772431246006886,66097.33620857286,0.0094226569679201,224644.89479538915
2026-06-29,2026-06-26,23685082.035122626,0.03527174671299732,835414.2144194084,0.029370757892086076,0.039296826224510945,695648.810107784,930748.5528474998,0.0029589282867979174,70082.45920885353,0.009926068332424869,235099.74273971585
2026-06-30,2026-06-29,23924790.162467707,0.03556777636766941,850951.5861420685,0.02912627293952286,0.039503274810849344,696839.9682928459,945107.5605798668,0.002802442381669884,67047.84592385821,0.010377001871326483,248267.59228702087
2026-07-01,2026-06-30,24104442.392239068,0.03582891744321954,863636.0764863748,0.02997095356968631,0.03977229490375418,722433.1237609755,958688.9913146861,0.0030361794506757315,73185.41266131322,0.009801341334067872,236255.8675537106
2026-07-02,2026-07-01,24630023.910594888,0.03608264297370948,888716.3591999231,0.02809501040371793,0.03997542536985886,691980.7780119848,984595.6826958252,0.0030050763987971157,74015.10355553734,0.01188041496614093,292614.90468384046
2026-07-06,2026-07-02,24658774.79625817,0.036280502657010855,894632.7445142769,0.02810924322215906,0.04011727033247342,693139.4983084666,989242.7345690712,0.0032504275460681267,80151.56085004802,0.01200802711031436,296103.2362606046
2026-07-07,2026-07-06,24694085.639030762,0.03668037466635089,905788.3132826034,0.028488179832066394,0.040582848330958245,703489.5524731565,1002156.3321604795,0.0029777949522506023,73533.9235663499,0.01209466849889185,298666.779687323
2026-07-08,2026-07-07,24119014.195742313,0.036463700479605905,879468.5094969106,0.028117278847121258,0.04045979579654084,678161.0476593627,975850.3891736037,0.003087086296386642,74457.47820603098,0.012342516949419582,297689.34151424107
2026-07-09,2026-07-08,23653974.385892097,0.036392872401055314,860836.0716036018,0.02770534943928357,0.04040095953436524,655341.6259890035,955643.2619913385,0.003465689208140457,81977.32375881703,0.012695610095081671,300301.636002335
2026-07-10,2026-07-09,23892643.985060923,0.035559310781442116,849605.952855135,0.026729125060704458,0.038477750522341946,638629.4691075815,919335.194576308,0.0037487042369206743,89566.45573803515,0.011748625461637487,280705.7254687265
2026-07-13,2026-07-10,23670709.50014536,0.03548801569583026,840026.510272597,0.026705151969998214,0.038407446484129394,632129.8944390623,909131.5083682062,0.003487946962055782,82562.17929073695,0.01170229451413118,277001.6139291439
2026-07-14,2026-07-13,23456937.034713954,0.03536190872101408,829482.0662961295,0.027669692608930964,0.03841146716890455,649046.2372975837,901015.3667919763,0.003612385313959865,84735.49485468195,0.010741774559973584,251969.12949439255
2026-07-15,2026-07-14,24294971.00893161,0.03568600144186481,866990.3704547973,0.026662503413595117,0.03915520244890681,647764.7474588335,951274.5083450389,0.0037555367822241174,91240.65724711124,0.01249269903531169,303509.76088620536
2026-07-16,2026-07-15,24431863.100208763,0.0328377405229816,802287.1809776642,0.026562794987853553,0.037472248048250514,648978.5707021495,915516.8343719216,0.0032970833217790727,80553.88834768787,0.010909453060396961,266538.2636697721
2026-07-17,2026-07-16,24286522.289614573,0.033190049242768534,806070.8707279033,0.026516738053307943,0.03763229439494359,643999.3497795343,913957.5566321351,0.003400738058527148,82592.10065956016,0.011115556341635646,269958.2068526008
2026-07-20,2026-07-17,23745049.014082134,0.032119059898253616,762668.651570272,0.024466283301319322,0.036838590742900405,580953.0961822466,874734.1427998825,0.003518787326223513,83553.77753130833,0.012372307441581083,293781.0466176359
2026-07-21,2026-07-20,23119761.601194292,0.03156882465538055,729863.7000623029,0.025713961197293963,0.036598967374973396,594500.652703797,846159.4005592726,0.00334559947845789,77349.46235502638,0.010885006177679433,251658.74785547564
2026-07-22,2026-07-21,23252266.591278564,0.03182835691795881,740081.4402187435,0.025665238582984893,0.036621587732302945,596774.9696603332,851534.9209474047,0.0034771020975734764,80850.50493787236,0.010956349149318052,254759.95128707145
2026-07-23,2026-07-22,22797249.275245853,0.031093764907954142,708852.3095125225,0.025533922640438154,0.03635507708445578,582103.1994089123,828795.7547151167,0.003384633161945344,77160.32589813157,0.010821154444017628,246692.55530620436
2026-07-24,2026-07-23,22059825.42357315,0.031044937401950894,684845.8993727934,0.02551659221422217,0.036348617065511415,562891.5696502469,801844.1468534936,0.003171426856469819,69961.1227973556,0.010832024851289247,238952.57720324676
2026-07-27,2026-07-24,22220973.259157058,0.030959275124287658,687945.2246596824,0.02544722151629449,0.036387133079594514,565462.028833426,808557.5111390589,0.003327650124508193,73943.62443252721,0.010939911563300025,243095.4823056329
2026-07-28,2026-07-27,23091648.365034513,0.03171231120622399,732289.5392166679,0.02570208543266813,0.036729183150338865,593503.5190592484,848137.3820425756,0.0034202840906872216,78979.99753067114,0.011027097717670735,254633.86298332724
2026-07-29,2026-07-28,23527529.379965767,0.0322326372792732,758354.3205818802,0.025724050087238978,0.036753420258978264,605223.344199226,864717.1749573401,0.0033919726879747688,79804.73707236783,0.011029370171739286,259493.8307581141
2026-07-30,2026-07-29,23334612.442612313,0.03231779191119746,754123.1492487838,0.02581716861640839,0.036830047301822946,602433.6240294634,859414.8800311177,0.003427398946035871,79977.02609196496,0.011012878685414555,256981.2560016543
2026-07-31,2026-07-30,22621978.08735119,0.031083586382801957,703172.2100280337,0.02537676744647562,0.036443802411112496,574072.6771019785,824430.8995639434,0.003389610972188339,76679.70513748977,0.011067034964636877,250358.22246196494
