date,previous_date,portfolio_value,historical_var_return_500,historical_var_dollar_500,bootstrap_ci_lower_return_500,bootstrap_ci_upper_return_500,bootstrap_ci_lower_dollar_500,bootstrap_ci_upper_dollar_500,ci_width_return_500,ci_width_dollar_500
2022-09-01,2022-08-31,10000000.0,0.04886590592414925,488659.05924149253,0.04409971995646588,0.056633725617237084,440997.1995646588,566337.2561723709,0.012534005660771202,125340.05660771206
2022-09-02,2022-09-01,9910863.084908051,0.048895873778024596,484600.3104309475,0.04424918618848791,0.057322375926952385,438547.62593270803,568114.2195136544,0.013073189738464476,129566.59358094633
2022-09-06,2022-09-02,9765568.814044613,0.04851245541443253,473751.72168791207,0.0440224820750375,0.05600750527365538,429904.5780688242,546945.1468528482,0.011985023198617883,117040.56878402404
2022-09-07,2022-09-06,9545855.815239774,0.04841863608378643,462197.31882639107,0.04394080879157804,0.0564368851154485,419452.6251294242,538738.3679733231,0.01249607632387046,119285.74284389889
2022-09-08,2022-09-07,9866089.355528995,0.048332531665598095,476853.0761917255,0.0439400796757806,0.05506215588327611,433516.7523703149,543248.1500524686,0.011122076207495508,109731.39768215374
2022-09-09,2022-09-08,10073299.088432483,0.04796122001975075,483127.713905065,0.04452682958646831,0.05712340092701638,448532.07188415976,575421.1024862773,0.01259657134054807,126889.0306021176
2022-09-12,2022-09-09,10561095.858705463,0.04875980572457242,514956.9823090647,0.044262728335884655,0.05743383011520003,467462.91692311637,606564.1853792322,0.013171101779315374,139101.2684561158
2022-09-13,2022-09-12,10936069.526943505,0.049327597995889046,539450.0412801617,0.04432752420131656,0.058242418873205144,484768.88662286877,636943.1422147381,0.013914894671888584,152174.2555918693
2022-09-14,2022-09-13,10219278.640886892,0.04922545743461717,503048.66574947006,0.04441892856290394,0.05847810985441702,453929.40791396494,597604.098994681,0.014059181291513075,143674.6910807161
2022-09-15,2022-09-14,10285957.397098104,0.04911030661377444,505146.52158770914,0.04464315308215407,0.05817733749476924,459197.5706751657,598409.6149477946,0.013534184412615169,139212.0442726289
2022-09-16,2022-09-15,10403226.93156138,0.04962585569575531,516269.0384758604,0.04499926009356269,0.05868928051472003,468137.5145056867,610557.903644696,0.013690020421157335,142420.3891390093
2022-09-19,2022-09-16,10069695.93734168,0.048775853391598845,491158.0127377563,0.04476054959156173,0.0603746510578669,450725.12437532993,607954.3784758239,0.015614101466305173,157229.25410049397
2022-09-20,2022-09-19,10272395.238878025,0.04855955377110033,498822.9289602924,0.04442066273327967,0.0579641744696935,456306.6043691486,595430.9098479747,0.013543511736413827,139124.30547882605
2022-09-21,2022-09-20,9802091.920171957,0.04818215401117154,472285.9025293854,0.04487370957332169,0.057705970886503664,439856.2260367996,565639.2309722758,0.012832261313181971,125783.00493547623
2022-09-22,2022-09-21,9612777.29183756,0.0480643922505633,462032.29837218806,0.04465150807235984,0.05798334025721627,429225.0028442822,557380.9365294592,0.01333183218485643,128155.933685177
2022-09-23,2022-09-22,9088915.013723046,0.04831246896803683,439107.92455361865,0.04471550573350601,0.05662724010048203,406415.43140748166,514680.1727349708,0.01191173436697602,108264.74132748914
2022-09-26,2022-09-23,8902873.753148405,0.04844422213313557,431292.79372078367,0.04427641084918307,0.056276910031981486,394187.29603280727,501026.2252320221,0.012000499182798413,106838.92919921485
2022-09-27,2022-09-26,8615478.021966236,0.04815127182507335,414846.2241386415,0.04399736924879446,0.056252495461979087,379058.3677873218,484642.1383334362,0.012255126213184628,105583.77054611442
2022-09-28,2022-09-27,8845779.858522119,0.047990987817487396,424517.7134265104,0.04451848869310459,0.0567072909693255,393800.75061330927,501620.2122878128,0.012188802276220913,107819.46167450352
2022-09-29,2022-09-28,9183085.897106625,0.048372064702292786,444204.8251815541,0.04413653113099985,0.05683065514074008,405309.55657629226,521880.78774626035,0.01269412400974023,116571.23116996809
2022-09-30,2022-09-29,8628969.85637097,0.04803366216762567,414481.02293554856,0.044189783887818815,0.0578492552656945,381312.31312753615,499179.47990118753,0.013659471377875688,117867.16677365138
2022-10-03,2022-09-30,8418017.28615826,0.0482597217396298,406251.1718293912,0.044044071924490495,0.05723143449844027,370763.75881315867,481775.2049195044,0.013187362573949778,111011.44610634574
2022-10-04,2022-10-03,8693006.964426368,0.048430894933650194,421010.1069516229,0.0441291611557603,0.057500354111745894,383615.10526131786,499850.9787503894,0.013371192955985593,116235.87348907156
2022-10-05,2022-10-04,9201864.703786252,0.04827079980704976,444181.3689680234,0.04447705866299123,0.057827644098401375,409271.87623920955,532122.157132193,0.013350585435410144,122850.28089298343
2022-10-06,2022-10-05,8976931.371761924,0.0482075873157403,432756.2029316213,0.04424845634857235,0.057503274595631815,397215.3559475372,516202.94969656767,0.013254818247059465,118987.5937490305
2022-10-07,2022-10-06,8833166.651424365,0.04827626795314562,426432.3201389527,0.04406506489201142,0.057349337193198825,389234.06169696583,506576.25277625484,0.013284272301187408,117342.19107928901
2022-10-10,2022-10-07,8608165.781962337,0.04811370690824747,414170.76545094076,0.04342309406336539,0.05669089238494368,373793.19246319385,488004.5999769814,0.013267798321578289,114211.40751378756
2022-10-11,2022-10-10,8305283.356284683,0.04832811228572415,401378.66660728207,0.043406615413317216,0.056144934466744595,360504.24054487364,466299.58976634813,0.012738319053427379,105795.34922147449
2022-10-12,2022-10-11,8220955.169655784,0.04821680143029768,396388.16298267216,0.04330359162126336,0.056375952988245846,355996.88540348795,463464.18216299114,0.013072361366982484,107467.2967595032
2022-10-13,2022-10-12,8266355.698303169,0.0483693167183935,399837.97687812283,0.043191649389087726,0.056845081330905635,357037.5370465979,469901.66198023886,0.013653431941817909,112864.12493364094
2022-10-14,2022-10-13,8229014.32980892,0.048283657758987034,397326.91159429395,0.042914730276902555,0.05668365121559933,353145.93040851585,466450.5781190577,0.013768920938696777,113304.64771054185
2022-10-17,2022-10-14,7865238.579174562,0.04812467906279704,378512.0823751056,0.043132832243297364,0.05597820330567977,339250.0161890469,440281.92423270957,0.012845371062382406,101031.90804366267
2022-10-18,2022-10-17,8309529.572625647,0.048285048750863445,401226.04051097087,0.04381877120576642,0.05696133841957726,364113.37517043325,473321.9260938147,0.013142567213810845,109208.55092338147
2022-10-19,2022-10-18,8475385.571800193,0.04831940554738136,409525.59261423815,0.04381230320992605,0.05634464097321261,371326.16249274253,477542.55715262814,0.012532337763286557,106216.39465988561
2022-10-20,2022-10-19,8047921.131607957,0.048697250095054746,391911.6280911887,0.043370149907871296,0.05465818199079559,349039.5459245623,439884.7378589973,0.011288032082924296,90845.19193443499
2022-10-21,2022-10-20,8038114.597897899,0.048529278836092114,390083.9046378496,0.04345444559730237,0.05448759175631006,349291.81349923625,437977.5067006971,0.01103314615900769,88685.69320146088
2022-10-24,2022-10-21,8176419.805981873,0.04833828647572371,395234.12292733305,0.04325375099824113,0.05698249347727091,353660.82634502696,465912.78826179076,0.013728742479029783,112251.9619167638
2022-10-25,2022-10-24,8124296.558224041,0.048391868495755636,393149.8906660979,0.0427147675718054,0.05345715361209441,347027.4391689585,434301.7691031925,0.010742386040289008,87274.32993423397
2022-10-26,2022-10-25,8585772.031449905,0.04857832904699898,417082.4588662943,0.0433603141344823,0.056977030406749986,372281.7723707201,489191.7941013448,0.013616716272267688,116910.02173062472
2022-10-27,2022-10-26,8481233.015316255,0.04850392293025459,411373.0725284304,0.04331345493769681,0.05446077678717626,367351.5040250071,461894.53812716843,0.011147321849479447,94543.03410216136
2022-10-28,2022-10-27,8434569.515798034,0.048389526617924845,408144.8260954464,0.04346042285044113,0.05424857452249443,366569.9577180231,457563.37294292945,0.010788151672053298,90993.41522490635
2022-10-31,2022-10-28,8727216.804063976,0.04838489224308007,422265.4446466331,0.04346669680005735,0.05402522965142243,379343.2867306144,471489.8920573092,0.010558532851365078,92146.60532669484
2022-11-01,2022-10-31,8774433.100745654,0.04847202710347049,425314.55907693197,0.04339317368855045,0.05380851970082673,380750.4995592225,472139.25636505865,0.010415346012276276,91388.75680583616
2022-11-02,2022-11-01,8922225.658638278,0.04862946828645984,433883.0897113884,0.0437780136147013,0.0564244448333162,390597.3163573038,503431.6294662338,0.012646431218614897,112834.31310892996
2022-11-03,2022-11-02,8435588.836819543,0.05047695330461565,425802.8238130771,0.04387972426552763,0.05524140176219103,370151.31217700447,465993.75203540205,0.011361677496663398,95842.43985839759
2022-11-04,2022-11-03,8445473.101478592,0.0499208362096079,421605.079411562,0.043722133428092315,0.05468246038235374,369254.10180621163,461819.24828183727,0.010960326954261426,92565.14647562563
2022-11-07,2022-11-04,7906678.758059866,0.048278016289195556,381718.7658750507,0.04265648779088174,0.054052226967570796,337271.1459096047,427373.59479032265,0.011395739176689054,90102.44888071797
2022-11-08,2022-11-07,8011890.26207373,0.04805224611502968,384989.32271977654,0.04289032672346301,0.05374335137182955,343632.591012874,430585.833507168,0.010853024648366537,86953.24249429401
2022-11-09,2022-11-08,8043952.324439615,0.0489495320947116,393747.7024734869,0.04346243306533613,0.05495051616683582,349609.7394817117,442019.33224937564,0.011488083101499694,92409.59276766394
2022-11-10,2022-11-09,7640113.384689374,0.04875544578201638,372497.1338956804,0.04415388697380675,0.05375207346149033,337340.7028546427,410671.93590793875,0.009598186487683583,73331.23305329605
2022-11-11,2022-11-10,8522095.78712951,0.04950351366004862,421873.68521040847,0.04346111070862761,0.05413088477521032,370379.74847396463,461308.5850964128,0.010669774066582705,90928.83662244817
2022-11-14,2022-11-11,9044516.296930967,0.05005104260099309,452687.47048306814,0.045217812657566143,0.05526836750545349,408973.24349292833,499875.650607844,0.010050554847887347,90902.40711491567
2022-11-15,2022-11-14,8768759.117851237,0.04985019533946446,437124.3549095942,0.0437610562493141,0.05637399279525933,383730.16099297383,494329.96333311015,0.012612936545945232,110599.80234013632
2022-11-16,2022-11-15,9078945.653473025,0.049650386948115174,450773.1647758441,0.043967693935849324,0.056727805026240224,399180.3037521115,515028.6588740489,0.0127601110903909,115848.3551219374
2022-11-17,2022-11-16,8642136.21533389,0.04937971079316434,426746.1869483193,0.04441371469386988,0.05413253918383041,383829.3722133998,467820.77730856166,0.009718824489960531,83991.40509516187
2022-11-18,2022-11-17,8795362.682145962,0.04949023604675257,435284.5752562024,0.04469025680302145,0.05366031497990464,393067.0169408146,471961.9318864512,0.008970058176883185,78894.91494563658
2022-11-21,2022-11-18,8744073.175252141,0.04955349577041108,433299.393106022,0.04440657475355318,0.05472986317929023,388294.3391073734,478561.9285112516,0.01032328842573705,90267.5894038782
2022-11-22,2022-11-21,8502188.19172071,0.04902674063350534,416834.575292743,0.04391476836104918,0.054573563937861544,373371.6250014626,463994.7108926015,0.01065879557681236,90623.08589113894
2022-11-23,2022-11-22,8795456.055794125,0.04867630831773842,428130.33076695434,0.04364803997606697,0.05309903203551058,383904.4175310423,467030.2028735378,0.009450992059443608,83125.78534249548
2022-11-25,2022-11-23,8953961.63792393,0.04914167250763445,440012.6504567799,0.04386184019261359,0.0531205699374341,392737.23445341206,475639.54540444014,0.009258729744820511,82902.31095102808
2022-11-28,2022-11-25,8936060.066386767,0.049111716392831586,438865.2476496947,0.0434839252759992,0.05359846600062004,388574.96818860265,478959.1116477296,0.01011454072462084,90384.14345912694
2022-11-29,2022-11-28,8727896.347131198,0.048710419203696564,425139.4898351726,0.043710554856794356,0.0538290463869146,381501.1920656933,469814.3373299078,0.010118491530120247,88313.14526421449
2022-11-30,2022-11-29,8735395.091992255,0.04873884055069384,425753.0285359241,0.04334656989513791,0.05369268737140743,378649.41391668696,469026.837740067,0.010346117476269519,90377.42382338003
2022-12-01,2022-11-30,9101754.3875616,0.04938454658933507,449486.01359722076,0.04346965895148876,0.05305273323665537,395650.1590875192,482872.9475088631,0.00958307428516661,87222.7884213439
2022-12-02,2022-12-01,9254402.47009653,0.04935876371251967,456785.864822053,0.04439454188464241,0.05300785260889815,410844.95807603863,490556.00211829983,0.008613310724255738,79711.0440422612
2022-12-05,2022-12-02,9349180.623296767,0.04938535317417159,461712.5869706325,0.0444331549348699,0.053110758749114646,415413.5911490288,496542.0765858119,0.008677603814244747,81128.48543678311
2022-12-06,2022-12-05,8885305.624578955,0.04937701755489823,438729.891805471,0.043871102201594334,0.052853180409194817,389808.1511483043,469616.6611667049,0.008982078207600483,79808.51001840062
2022-12-07,2022-12-06,8599795.142574808,0.04905524020809749,421865.0164594372,0.04324466675515208,0.05293229626460765,371895.27510322316,455206.9043017035,0.009687629509455571,83311.62919848034
2022-12-08,2022-12-07,8435382.894525763,0.04763822164333864,401846.63997584576,0.04344521530538469,0.05303269543825074,366477.0260360309,447351.0919504147,0.009587480132866047,80874.0659143838
2022-12-09,2022-12-08,8639528.81302812,0.048256834807890336,416916.3147483068,0.04353367141746649,0.05475212186153632,376110.40854810044,473032.53439716983,0.011218450444069834,96922.12584906939
2022-12-12,2022-12-09,8513009.572852641,0.048435894552886154,412335.2339984009,0.0429958267535585,0.055306243332263694,366023.8847457572,470822.5789260784,0.012310416578705193,104798.69418032118
2022-12-13,2022-12-12,8448102.889969693,0.048582279108278094,410428.09253595845,0.04414809276069639,0.05513058114507369,372967.63003828924,465748.8218974057,0.0109824883843773,92781.19185911649
2022-12-14,2022-12-13,8370319.7116756085,0.048696723277803215,407607.1427462087,0.04474005803916894,0.05541457752470122,374488.58970676654,463837.7305691828,0.010674519485532281,89349.14086241624
2022-12-15,2022-12-14,8383152.4693261115,0.04874410866392657,408629.29491109634,0.042855191765471985,0.05528751940187535,359261.6066721605,463483.70479674666,0.012432327636403367,104222.09812458616
2022-12-16,2022-12-15,8112937.788582365,0.04792135241310466,388782.9508722495,0.04288035813535691,0.055851273522206035,347885.6779042823,453117.907498755,0.012970915386849129,105232.22959447274
2022-12-19,2022-12-16,7920930.421644214,0.04805327720770766,380626.6652942341,0.04274721090756948,0.05270166496722525,338597.68331820844,417446.2213101956,0.009954454059655768,78848.53799198713
2022-12-20,2022-12-19,7737814.672503866,0.04740762679631944,366831.43021314807,0.04250249773654261,0.052623921821437936,328876.4506038818,407194.1543946188,0.010121424084895324,78317.70379073702
2022-12-21,2022-12-20,7748437.531121597,0.04742165503380212,367443.7316518137,0.04273432077586523,0.05279991671176252,331124.21496670356,409116.8562895151,0.010065595935897287,77992.64132281154
2022-12-22,2022-12-21,7858472.582786587,0.04798979309253016,377126.4732712494,0.043881998689885154,0.053406196785058646,344845.4835823394,419691.1331862885,0.009524198095173492,74845.6496039491
2022-12-23,2022-12-22,7636027.047471923,0.04782376372561309,365183.55332068814,0.04434122134480328,0.05350775802749333,338590.7655068572,408586.68754752196,0.009166536682690046,69995.92204066477
2022-12-27,2022-12-23,7704091.375627687,0.04759222213669271,366654.8281102514,0.043707444980057256,0.05366483883671922,336726.14992158074,413438.82205641834,0.009957393856661965,76712.6721348376
2022-12-28,2022-12-27,7589372.111756637,0.04694394751940433,356275.0861195344,0.042417015529898544,0.05311886185984361,321918.51472656016,403138.80880735035,0.010701846329945065,81220.29408079019
2022-12-29,2022-12-28,7442589.488450528,0.047081162316572375,350405.76376135467,0.04337925709517192,0.0533138546657412,322854.00287331955,396793.1343240246,0.009934597570569276,73939.13145070506
2022-12-30,2022-12-29,7679143.353085926,0.04747792695452564,364589.8071911447,0.042921625032002156,0.053723577388045285,329601.3115681458,412551.0522034053,0.010801952356043129,82949.74063525948
2023-01-03,2022-12-30,7734616.3404145995,0.04756274378550469,367879.5752783175,0.04290968703727635,0.05362217655926739,331889.9665205942,414746.9630239063,0.01071248952199104,82856.99650331208
2023-01-04,2023-01-03,7628441.59779021,0.04755219233865934,362749.1221023498,0.04273718348640696,0.052408418803990005,326018.1082800997,399794.562078768,0.009671235317583043,73776.45379866828
2023-01-05,2023-01-04,8097237.69264383,0.04773242199154241,386500.7665110984,0.042219552104436585,0.05235413308606578,341861.748666584,423923.85979018325,0.010134580981629192,82062.11112359923
2023-01-06,2023-01-05,8006826.994138036,0.047317204349750244,378860.66907472594,0.042570036511607456,0.052243788347944055,340850.91748258035,418306.9748203526,0.009673751836336598,77456.05733777228
2023-01-09,2023-01-06,8163808.782071837,0.047270095849672636,385904.02362693497,0.0425159331054646,0.052251684557702766,347091.94806437066,426572.76127022126,0.009735751452238164,79480.8132058506
2023-01-10,2023-01-09,8182564.219233433,0.04680047911597124,382947.92585732776,0.04353644854527265,0.05220972436945973,356239.7860990454,427209.422521581,0.00867327582418708,70969.63642253558
2023-01-11,2023-01-10,8458721.028625637,0.04754218192155733,402146.0539666226,0.04395776420872612,0.052886277424182046,371826.464483719,447350.266973658,0.008928513215455923,75523.80248993897
2023-01-12,2023-01-11,8749695.678655498,0.0481119078186885,420964.55193305045,0.04444734000990455,0.053690377525182485,388900.6988123935,469774.4642174714,0.009243037515277934,80873.76540507795
2023-01-13,2023-01-12,8983952.662185391,0.04865495699522692,437113.83042578463,0.044370221144009216,0.053234390274143825,398619.96636847616,478255.2422232105,0.00886416913013461,79635.27585473435
2023-01-17,2023-01-13,9030271.070497906,0.048851867135749134,441145.6025357628,0.04457218308037651,0.05289375637365332,402498.89541966026,477644.95799096575,0.008321573293276804,75146.06257130549
2023-01-18,2023-01-17,9103856.110745644,0.04880348566292806,444299.9111781351,0.044359967489221885,0.054301683912624805,403846.7610992308,494354.7169117278,0.00994171642340292,90507.955812497
2023-01-19,2023-01-18,8937983.511601796,0.04839486619322975,432552.51608126273,0.044318250366986355,0.05526673523296094,396115.7910431643,493973.16825226694,0.010948484865974585,97857.37720910262
2023-01-20,2023-01-19,8659961.071111618,0.04831040692616278,418366.2433101307,0.04427050338162668,0.05335015098400996,383380.83588340227,462010.23065945343,0.009079647602383285,78629.39477605117
2023-01-23,2023-01-20,8955409.588080833,0.04906101659644639,439361.4984288089,0.04499304985590126,0.05292056414349068,402931.1900765371,473925.32753726316,0.007927514287589421,70994.13746072608
2023-01-24,2023-01-23,9497439.866007164,0.04916936930937307,466983.128265269,0.04440139166261839,0.05328350940040079,421699.54728275,506056.92638013395,0.0088821177377824,84357.37909738394
2023-01-25,2023-01-24,9320744.96806209,0.04873703317718972,454265.4567445662,0.04375832768985936,0.05294948782298983,407860.2126260686,493528.6721875974,0.009191160133130476,85668.45956152875
2023-01-26,2023-01-25,9306644.197444541,0.0488546562390749,454672.9030055342,0.04468495624837365,0.05297965835706387,415866.98878198984,493062.83003136265,0.008294702108690218,77195.84124937281
2023-01-27,2023-01-26,9321334.853814503,0.048898414388673976,455798.49433741136,0.04362863343117251,0.05294503027224618,406677.10142628493,493518.3560129523,0.009316396841073674,86841.25458666735
2023-01-30,2023-01-27,9697526.210146612,0.04879506233736383,473191.39594232355,0.04340091622432045,0.053126041096897204,420881.5226297249,515191.17597848666,0.009725124872576756,94309.65334876179
2023-01-31,2023-01-30,9529689.652963664,0.04860847032812901,463223.6367323623,0.04327174538457177,0.05372990119335937,412366.3042570318,512029.2834571168,0.010458155808787596,99662.97920008498
2023-02-01,2023-01-31,9807043.991302852,0.0487869903120044,478456.1601930932,0.043928522319963435,0.05363201976646657,430808.9508648106,525971.5771921617,0.009703497446503132,95162.62632735108
2023-02-02,2023-02-01,10333189.129155876,0.04856880432980946,501870.6409168859,0.04350567491187257,0.054060650150784983,449552.3670559512,558618.9224531903,0.010554975238912412,109066.5553972391
2023-02-03,2023-02-02,10734308.710603993,0.04933235506999836,529548.7287424925,0.044044723967733644,0.05436090104273295,472789.66414299177,583526.6935792901,0.010316177074999308,110737.0294362983
2023-02-06,2023-02-03,10532291.013944175,0.04912123324313226,517359.12348049774,0.04421134870069584,0.054137907422955746,465646.79063469125,570196.1958645384,0.009926558722259907,104549.40522984718
2023-02-07,2023-02-06,10406926.583571132,0.0492490773247116,512531.5320268914,0.04371766918919589,0.05409984896909452,454966.5736568113,563013.1564036531,0.01038217977989863,108046.58274684177
2023-02-08,2023-02-07,10331904.8677316,0.04912251321062505,507529.13335606677,0.04385964889309238,0.0547334555350767,453153.71989554,565500.85567063,0.01087380664198432,112347.13577509002
2023-02-09,2023-02-08,10158150.143698283,0.04928398999121333,500634.1700112684,0.0439850565344821,0.054147631419473236,446806.8083563264,550039.7698846437,0.010162574884991137,103232.9615283173
2023-02-10,2023-02-09,9765623.456244012,0.048468493250514146,473325.0545760255,0.04368330859239062,0.05385265299634724,426594.74303619546,525904.731282098,0.010169344403956622,99309.98824590252
2023-02-13,2023-02-10,9488840.046829449,0.048683134532109616,461946.4765534674,0.04404721277444862,0.053557942272723535,417956.95652540575,508202.7474631989,0.009510729498274917,90245.79093779315
2023-02-14,2023-02-13,9633362.520505086,0.048511181464938054,467325.79734975524,0.044041246983138424,0.053835427174295014,424265.2980436734,518616.1864162346,0.00979418019115659,94350.8883725612
2023-02-15,2023-02-14,9675624.151893891,0.04876352332258358,471817.52399143076,0.043460262926645205,0.053548397840808545,420505.16962070705,518114.17144374986,0.01008813491416334,97609.00182304281
2023-02-16,2023-02-15,10114137.057224695,0.04907720215335372,496373.54896414245,0.043594314619042014,0.053817209903202934,440918.87297276506,544314.6369984247,0.01022289528416092,103395.76402565959
2023-02-17,2023-02-16,9979148.65134021,0.04970588031233512,496022.3684825169,0.043645334192070354,0.05359236745310799,435543.2778400917,534806.2013918116,0.009947033261037637,99262.92355171993
2023-02-21,2023-02-17,10195812.33913862,0.04959491294230827,505660.4253356923,0.0443928362220029,0.05372348140866915,452621.02732165705,547754.5346479932,0.00933064518666625,95133.50732633611
2023-02-22,2023-02-21,9516134.548646096,0.04995525214524068,475380.9008256518,0.04489138059478044,0.054100764083626615,427192.4178144111,514830.1502043511,0.009209383488846173,87637.73238994
2023-02-23,2023-02-22,9629867.78743211,0.049960123872517755,481109.3875360767,0.04459671114864681,0.054050074317105304,429460.4321157683,520495.069574604,0.009453363168458497,91034.63745883567
2023-02-24,2023-02-23,9357416.160577,0.049762372340234035,465647.2271251558,0.04458064078039061,0.055848150516741565,417159.6084873051,522594.38618369424,0.011267509736350954,105434.77769638912
2023-02-27,2023-02-24,9127348.317507455,0.04912653231757134,448394.9720937604,0.04419717633553856,0.05551549179575169,403403.02306475816,506709.2306375531,0.011318315460213127,103306.20757279493
2023-02-28,2023-02-27,9222330.819047598,0.04946075169710168,456143.4147094416,0.04430182069449713,0.05529271477286148,408566.0463307816,509927.70751856884,0.01099089407836435,101361.66118778725
2023-03-01,2023-02-28,9261891.056346277,0.049625724653069976,459628.05532897176,0.043993806523125095,0.055051409920353414,407465.8431711608,509880.161180574,0.011057603397228319,102414.3180094132
2023-03-02,2023-03-01,9055570.843991568,0.04965865615002913,449687.4787840064,0.04461796555428393,0.05553200522327496,404041.14799159364,502874.00740827626,0.010914039668991037,98832.85941668262
2023-03-03,2023-03-02,9133433.085401302,0.04962567820576306,453252.81120999466,0.044657482103990294,0.054866418252063835,407876.12455930153,501118.75974086573,0.010208936148073541,93242.6351815642
2023-03-06,2023-03-03,9336603.840656947,0.04957801857923978,462890.31867909164,0.04475754077612034,0.05551561071650961,417883.4271086851,518327.2642321796,0.010758069940389269,100443.83712349454
2023-03-07,2023-03-06,9146913.879506528,0.049544212680015326,453176.64661205554,0.04416941687400804,0.054974599175398646,404013.852254574,502847.924217762,0.010805182301390603,98834.071963188
2023-03-08,2023-03-07,9172776.090603491,0.04928434859746933,452074.2944558344,0.04434116814664693,0.055178231884015126,406731.6070049921,506137.56614746916,0.010837063737368195,99405.95914247708
2023-03-09,2023-03-08,9227178.123908361,0.049188770466325346,453873.54678882693,0.04428507745088577,0.055567558648094886,408626.29787040065,512731.76155669603,0.011282481197209114,104105.46368629538
2023-03-10,2023-03-09,8921946.548276799,0.04903263508085597,437466.54931255884,0.04405029660047497,0.05486532359044323,393014.39170517685,489505.4844278446,0.010815026989968259,96491.09272266773
2023-03-13,2023-03-10,8682710.087863334,0.0487914957202791,423642.412092408,0.04442784373393334,0.053908123686952907,385754.0869706388,468068.6093544903,0.009480279953019567,82314.52238385152
2023-03-14,2023-03-13,8590762.59804976,0.048907971292811096,420156.7705287729,0.04443185561063225,0.05405576290654849,381703.5233417669,464380.22618662234,0.009623907295916237,82676.70284485543
2023-03-15,2023-03-14,8593621.396799335,0.0490373878459754,421408.7454363219,0.04392911193285217,0.05331715542211908,377510.1562485514,458187.4476519982,0.00938804348926691,80677.29140344681
2023-03-16,2023-03-15,8500149.597657967,0.04919789485301455,418189.4661404706,0.0441744746130165,0.05410151127311482,375489.64260858425,459870.93928085495,0.009927036660098323,84381.29667227069
2023-03-17,2023-03-16,8637348.301665371,0.049282091173483436,425666.58649980515,0.04434774691205964,0.054099187172987846,383046.936473564,467273.52245008363,0.00975144026092821,84226.58597651962
2023-03-20,2023-03-17,8498148.12908112,0.04904404621747552,416783.5696056076,0.04403210618015275,0.05406603027936785,374191.3607543663,459461.13406545314,0.010033924099215101,85269.77331108681
2023-03-21,2023-03-20,8413465.878672367,0.04860451175266757,408932.40118059865,0.04399871510123137,0.05207613582094492,370181.6882096367,438140.7918226279,0.008077420719713548,67959.10361299117
2023-03-22,2023-03-21,8745575.46290097,0.04908659858382627,429290.5521319805,0.04384280818324939,0.052341575409159985,383430.58747209975,457757.19758793036,0.008498767225910593,74326.61011583061
2023-03-23,2023-03-22,8704241.628810266,0.04955941364339871,431377.1113342985,0.04367725912439836,0.05424209427680309,380177.41710292123,472136.29503800056,0.01056483515240473,91958.87793507933
2023-03-24,2023-03-23,8651463.753245631,0.04973149883267918,430250.2595455014,0.043683921884886755,0.052076494771404025,377929.8667867113,450537.90691088757,0.00839257288651727,72608.04012417624
2023-03-27,2023-03-24,8669140.413506266,0.049649335024793025,430417.05676714535,0.0437017451395256,0.05208153619255749,378856.5649298124,451502.15020438936,0.008379791053031889,72645.58527457697
2023-03-28,2023-03-27,8645976.658335745,0.04962395994756926,429047.5994008717,0.0437928098300252,0.0519212896986338,378631.61159333406,448910.258805076,0.008128479868608596,70278.64721174195
2023-03-29,2023-03-28,8634960.079217428,0.04949916994187344,427423.35640247643,0.043645928348151466,0.051779594471278806,376880.8489066722,447114.73117755994,0.00813366612312734,70233.88227088773
2023-03-30,2023-03-29,8792889.848534692,0.04942022041356313,434546.5543867662,0.04398008981822687,0.051870116803262686,386712.085300331,456088.2234817172,0.007890026985035818,69376.13818138622
2023-03-31,2023-03-30,8704221.447224688,0.04943490548813006,430292.36459130706,0.04392146350063378,0.05444486836341246,382302.14459571283,473900.1909001396,0.010523404862778682,91598.0463044268
2023-04-03,2023-03-31,9081031.579310115,0.049560709911681246,450062.3718010052,0.043867681393353564,0.05437837722481792,398363.8000441585,493811.7608102095,0.010510695831464356,95447.96076605102
2023-04-04,2023-04-03,9125995.074716726,0.04969081309867308,453478.1155971599,0.043769406919773345,0.0544430565590363,399439.39197312377,496847.0660102894,0.010673649639262955,97407.67403716565
2023-04-05,2023-04-04,9082707.910788782,0.04956661014549134,450199.0420794377,0.04385558478540251,0.05196257160514074,398327.46686264355,471960.8601829404,0.008106986819738232,73633.39332029683
2023-04-06,2023-04-05,8742398.676998861,0.049645872811056375,434024.012781833,0.04365290822399292,0.05431014920923025,381631.1271045884,474800.9765943853,0.010657240985237335,93169.8494897969
2023-04-10,2023-04-06,8798635.50961293,0.0495062430301327,435587.38787245314,0.04372179128606019,0.052035756943479866,384692.1053534143,457843.6588124895,0.008313965657419674,73151.55345907516
2023-04-11,2023-04-10,8938787.490595832,0.04975227640216727,444725.02593235904,0.04378686625073112,0.05211875785791083,391401.4922944282,465878.50076568656,0.00833189160717971,74477.00847125839
2023-04-12,2023-04-11,9005413.186673947,0.049502890027237706,445793.97862975666,0.04375818439697214,0.0523696645912327,394060.53079340304,471610.4680915786,0.008611480194260557,77549.93729817553
2023-04-13,2023-04-12,8750289.335287446,0.049395546427560014,432225.3231157743,0.04378484319447807,0.05439641532329352,383130.04645187454,475984.3728812819,0.010611572128815451,92854.32642940735
2023-04-14,2023-04-13,8870893.622698091,0.04963459626787354,440303.22349787387,0.04391684531884778,0.054288638841634373,389581.66306798527,481588.74008521426,0.010371793522786596,92007.07701722899
2023-04-17,2023-04-14,8864838.726274652,0.0494646427415418,438496.0805565602,0.043926268362339725,0.0540684608312664,389399.28487920226,479308.1854470746,0.010142192468926677,89908.90056787233
2023-04-18,2023-04-17,8954283.056763886,0.04957257829048532,443886.89786659396,0.04391638677245788,0.052095022766133606,393239.7579909092,466473.579696519,0.008178635993675729,73233.8217056098
2023-04-19,2023-04-18,9066478.861035042,0.04941265867945363,447998.825384806,0.04416510341643707,0.05210242914310154,400421.9765205532,472385.5724345062,0.007937325726664474,71963.59591395303
2023-04-20,2023-04-19,9095718.163550103,0.049493313039992916,450177.22639213473,0.04417393410906702,0.052055891680056025,401793.6548313063,473485.7194740823,0.007881957570989008,71692.06464277598
2023-04-21,2023-04-20,8961786.313209537,0.049048958200079595,439566.28227466,0.04407051620428583,0.052046575232807576,394950.5489356479,466430.2855708054,0.007976059028521748,71479.73663515755
2023-04-24,2023-04-21,9050020.580259863,0.049033135472583034,443750.8851415464,0.04403395603518864,0.05199946063330248,398508.2083487152,470596.1888938,0.007965504598113834,72087.9805450848
2023-04-25,2023-04-24,9028184.560375435,0.04919111939010101,444106.50458529464,0.04409922407241662,0.052122179713019696,398135.9338951285,470568.65813819814,0.008022955640603076,72432.72424306965
2023-04-26,2023-04-25,8744783.833514635,0.048923061657822835,427821.5986713688,0.04418522269491813,0.052007110552643704,386390.221102764,454790.939588567,0.00782188785772557,68400.718485803
2023-04-27,2023-04-26,8652141.23501855,0.0488838250425961,422949.7583764781,0.043871120014571795,0.05402058529996379,379579.1265045242,467393.73361365363,0.010149465285391998,87814.60710912943
2023-04-28,2023-04-27,8755062.82249572,0.04885249519181431,427706.66444000433,0.04396927672303578,0.05220077165282622,384953.779969877,457021.0352032472,0.008231494929790438,72067.25523337023
2023-05-01,2023-04-28,8783741.336599689,0.04876145353660451,428307.9950621581,0.043855609309048624,0.05201050382039358,385216.3283296565,456846.81234456715,0.008154894511344955,71630.48401491065
2023-05-02,2023-05-01,8716905.07020684,0.048838868153957375,425723.7774343944,0.04421872792327284,0.05386247666580728,385450.4536324738,469514.09594207304,0.009643748742534437,84063.64230959926
2023-05-03,2023-05-02,8717583.748849822,0.04869911817081585,424538.64114922134,0.044004662355364745,0.05207550065223469,383614.3294227512,453972.5381991394,0.008070838296869942,70358.2087763882
2023-05-04,2023-05-03,8669819.743638579,0.048525475033947676,420707.1215187605,0.04383231360153546,0.051995887732871685,380018.2578719499,450794.9740544659,0.008163574131336226,70776.71618251596
2023-05-05,2023-05-04,8665108.225581845,0.04902850957234046,424837.34158330556,0.043871502129373886,0.05219270994704199,380151.3139698691,452255.48027752095,0.008321207817668104,72104.16630765185
2023-05-08,2023-05-05,9216171.363043366,0.04938173525200853,455110.5342869501,0.04406848209999904,0.05354649334597383,406142.68274280033,493493.6585665561,0.009478011245974784,87350.97582375578
2023-05-09,2023-05-08,9246411.750285458,0.04943572031815732,457103.0252336354,0.04458397070188029,0.05330621552748505,412241.75057224854,492891.2176165869,0.008722244825604762,80649.46704433835
2023-05-10,2023-05-09,9207040.276752625,0.04919103025801821,452903.7968405307,0.0445920497832766,0.05326009030065522,410560.7983775858,490367.7965416144,0.008668040517378621,79806.99816402863
2023-05-11,2023-05-10,9243552.78765154,0.04958583072532115,458349.2438290597,0.04458850188222287,0.053635061133758585,412156.17087062716,495778.51885881496,0.009046559251535718,83622.3479881878
2023-05-12,2023-05-11,9221310.437837642,0.04931138974056517,454715.6329189536,0.04470126412399231,0.053272073583633464,412204.2334511076,491238.3281820142,0.008570809459641157,79034.0947309066
2023-05-15,2023-05-12,9050084.960177796,0.04898862176325004,443351.18903942785,0.043945752152291837,0.05253531925410983,397712.79061715736,475449.10265975836,0.008589567101817991,77736.312042601
2023-05-16,2023-05-15,9220171.617909126,0.04905233037659659,452270.90433059755,0.044280329769866435,0.05300874052641987,408272.239775779,488749.6849028058,0.008728410756553437,80477.44512702676
2023-05-17,2023-05-16,8886986.50008572,0.04922489543234961,437460.98117542226,0.044511942270199445,0.05353470184585602,395577.03004785744,475762.1725902366,0.009022759575656576,80185.14254237915
2023-05-18,2023-05-17,9233240.116199313,0.04917946050618365,454085.76763873466,0.04413234377791927,0.05405254454757706,407484.5269921833,499080.12269933894,0.009920200769657793,91595.59570715565
2023-05-19,2023-05-18,9489207.71637591,0.049621701361576384,470870.6314599716,0.04418503891717607,0.053863416639516964,419281.012241237,511121.1488060749,0.009678377722340897,91840.13656483794
2023-05-22,2023-05-19,9165559.51534394,0.048982601613293056,448952.9503030196,0.04428121565699913,0.05263708193619002,405862.1175160054,482448.307200185,0.00835586627919089,76586.18968417961
2023-05-23,2023-05-22,9426972.84490137,0.04951124356615311,466741.148615423,0.04450090283396159,0.05326481362958321,419508.8025893503,502125.95167481335,0.008763910795621624,82617.14908546302
2023-05-24,2023-05-23,9293635.744223353,0.04947333640886889,459787.1676354505,0.04442247900240495,0.05348652939825502,412846.338703762,497084.321450076,0.009064050395850065,84237.98274631402
2023-05-25,2023-05-24,9322392.94317105,0.04946315823993863,461114.9973229569,0.04469459320720726,0.05297026632770383,416660.5603127697,493809.6370112773,0.008275673120496568,77149.07669850759
2023-05-26,2023-05-25,9121854.962127665,0.04941211140845503,450730.1136404205,0.04464050280330966,0.052761824870734,407204.19200824416,481285.71400801576,0.008121322067424337,74081.52199977159
2023-05-30,2023-05-26,9199609.44767889,0.04957488156709446,456069.54883220425,0.04472849051591765,0.053340295893690985,411484.64393065165,490709.8900455871,0.008611805377773334,79225.24611493543
2023-05-31,2023-05-30,9406662.587357553,0.05023747813897794,472567.00609311677,0.04484186690631004,0.05416457659624852,421812.31177485344,509507.8962279935,0.00932270968993848,87695.58445314004
2023-06-01,2023-05-31,9311329.433846248,0.05010601669621339,466553.6280762433,0.04509823166111965,0.05385217431176617,419924.49188060017,501435.33574576717,0.008753942650646523,81510.843865167
2023-06-02,2023-06-01,9592521.571167002,0.05094196234720222,488661.87269311445,0.04515327996730447,0.053738042361649335,433133.81209531095,515483.3305464074,0.008584762394344865,82349.51845109643
2023-06-05,2023-06-02,9829189.258062426,0.05079170523438984,499241.2834885377,0.04481015363514405,0.05363473537907427,440447.48076268483,527185.9648470175,0.008824581743930221,86738.48408433271
2023-06-06,2023-06-05,9909084.796317533,0.05080769162512998,503457.7246185651,0.045083546422784025,0.053632339034728235,446736.6844220849,531447.3953199729,0.00854879261194421,84710.710897888
2023-06-07,2023-06-06,10243103.368625918,0.050942417510914086,521808.44841199205,0.04493530721030835,0.05352646008480277,460276.99665615,548277.063605264,0.008591152874494419,88000.06694911397
2023-06-08,2023-06-07,10387990.705444543,0.050913674083010674,528890.7731543476,0.0448002490379924,0.05395832876258568,465384.5706082659,560518.617667061,0.00915807972459328,95134.04705879517
2023-06-09,2023-06-08,10633805.416898545,0.0508519706920038,540749.961404596,0.046004619152879185,0.05451219943898953,489204.1683502412,579672.1216813807,0.008507580286110344,90467.95333113946
2023-06-12,2023-06-09,10496117.858700464,0.050794382002571394,533143.820058843,0.04506470487672533,0.054017157784155556,473004.4536536626,566970.4544945159,0.008952452907430228,93966.00084085332
2023-06-13,2023-06-12,10681674.665800823,0.05128960667356088,547858.8922238641,0.04566624268681484,0.055480488647676234,487791.94759006216,592624.5300341333,0.009814245960861397,104832.58244407119
2023-06-14,2023-06-13,10951539.094323145,0.05167464485479689,565916.8933125725,0.046076587384358485,0.05495779887287517,504609.5480727986,601872.4828942409,0.008881211488516685,97262.9348214423
2023-06-15,2023-06-14,10774937.303321332,0.05143969002022215,554259.4348701776,0.04599002397447627,0.05658492468109046,495539.62490322674,609699.0157519095,0.010594900706614188,114159.39084868273
2023-06-16,2023-06-15,10860135.962543642,0.05108983001095157,554842.5002221765,0.04613861468141563,0.05568429901575932,501071.6285635859,604739.0582900813,0.00954568433434369,103667.42972649541
2023-06-20,2023-06-16,10742867.224573368,0.05100232851791782,547911.243412063,0.046396232448192534,0.05590317108620296,498428.564911375,600560.3444116873,0.009506938638010429,102131.77950031235
2023-06-21,2023-06-20,10676245.025399854,0.05063634555680275,540606.0323552433,0.04589727179240324,0.05678316429539013,490010.51965307014,606230.9753351215,0.010885892502986896,116220.45568205137
2023-06-22,2023-06-21,10592645.299861204,0.05073483225554738,537416.0824309706,0.046280796899308606,0.05603551371373648,490236.06574929226,593564.3209651188,0.009754716814427876,103328.25521582656
2023-06-23,2023-06-22,10678105.172308471,0.05130639760842961,547855.1096750872,0.046623323751614425,0.05748737363451138,497848.75450232637,613856.2217491056,0.010864049882896958,116007.46724677924
2023-06-26,2023-06-23,10434475.246518558,0.05039179752033921,525811.9638535548,0.04593719699397819,0.055741611400653396,479330.5449281121,581634.4643611745,0.009804414406675205,102303.91943306237
2023-06-27,2023-06-26,10451154.082952134,0.05021098467675517,524762.7375135169,0.04600489705159628,0.05588292082036515,480804.26765658305,584041.0160990501,0.009878023768768875,103236.74844246701
2023-06-28,2023-06-27,10898186.023092628,0.050877111885829794,554468.2296494701,0.04620630065780129,0.056972748526034594,503564.8600076657,620899.6116836013,0.010766447868233303,117334.75167593558
2023-06-29,2023-06-28,10978946.109312633,0.051354131245407095,563814.2394338925,0.047171546676988405,0.05690748985787447,517893.8688595811,624784.2643658591,0.009735943180886067,106890.39550627797
2023-06-30,2023-06-29,11053156.912484307,0.05130827231854856,567118.3848453922,0.0464858311373075,0.05734962253484826,513815.1857679086,633894.3767494238,0.010863791397540762,120079.19098151522
2023-07-03,2023-06-30,11130068.509076092,0.05073556466779817,564690.310599254,0.04648788186761757,0.05678058441402728,517413.3100284198,631971.7945135018,0.01029270254640971,114558.48448508204
2023-07-05,2023-07-03,11197579.915639233,0.050729434979561665,568046.902258866,0.04704008251717747,0.05690106950961311,526735.0832243586,637154.2731192356,0.009860986992435636,110419.18989487702
2023-07-06,2023-07-05,11048662.397571282,0.0509709546519912,563160.8700317662,0.04647667360455983,0.0574955189299743,513505.0760188939,635248.5780304549,0.011018845325414472,121743.50201156101
2023-07-07,2023-07-06,10613184.842655184,0.050859192201507995,539778.0077827314,0.04601923655616443,0.056772074021425624,488410.6638884477,602532.5154902926,0.010752837465261192,114121.85160184489
2023-07-10,2023-07-07,10959515.020711433,0.050900541039061956,557845.2440799383,0.046928355252472624,0.05884769370566387,514312.014286756,644942.1831014488,0.011919338453191243,130630.16881469282
2023-07-11,2023-07-10,11563785.533251699,0.05063301949990376,585509.3783978382,0.04779242460877523,0.06021602913198709,552661.3482899775,696325.2465463352,0.01242360452321186,143663.89825635764
2023-07-12,2023-07-11,11916943.187721511,0.05066529983120009,603775.4996772878,0.048192975896179054,0.058235074570767056,574312.9558019979,693984.0751925567,0.010042098674588003,119671.1193905588
2023-07-13,2023-07-12,12090130.13439992,0.05202056970636263,628935.4574155465,0.04842928852597629,0.06163536630309721,585516.4005954543,745179.599485853,0.01320607777712092,159663.19889039872
2023-07-14,2023-07-13,12129279.401514648,0.052402899178982186,635609.4055912774,0.04832944934643682,0.06132826739849569,586201.3944442817,743867.690487156,0.012998818052058866,157666.29604287434
2023-07-17,2023-07-14,11927558.533011481,0.05216704595824643,622225.4941612843,0.048304267158533164,0.05852614006447903,576151.9739276285,698073.961330302,0.010221872905945867,121921.98740267346
2023-07-18,2023-07-17,11964700.134134695,0.05230490303808866,625812.4803957216,0.048708607755463026,0.057874550579281384,582783.8857453027,692451.6430789132,0.009165942823818357,109667.75733361056
2023-07-19,2023-07-18,12089968.825372932,0.052910517780850104,639686.5105048179,0.048723002045631236,0.0621319230641824,589059.5758102633,751173.0129064347,0.013408921018551165,162113.43709617143
2023-07-20,2023-07-19,12640060.834105484,0.057737333313784354,729803.4054852594,0.04879055734949792,0.06676786149279113,616715.6130275661,843949.8310320089,0.017977304143293203,227234.21800444275
2023-07-21,2023-07-20,12171186.168271776,0.05721678955484088,696396.1976227964,0.04865828240505503,0.06202815279928675,592229.0137802677,754956.1953941272,0.013369870394231723,162727.1816138595
2023-07-24,2023-07-21,12107812.629820365,0.05710217457196617,691382.4304726593,0.048618742905147005,0.059209499122012677,588666.6293929282,716897.5212748429,0.010590756216865671,128230.8918819147
2023-07-25,2023-07-24,12115024.109614115,0.05710102267107439,691780.2663436885,0.049037830432017766,0.059513345292365655,594094.497967064,721005.6130607997,0.010475514860347888,126911.11509373563
2023-07-26,2023-07-25,12031558.607876787,0.056691778909485985,682090.4605342738,0.04875512783642028,0.059294457656769994,586600.1779984155,713404.7424196966,0.010539329820349712,126804.5644212811
2023-07-27,2023-07-26,12137062.23374296,0.0563587994903668,684030.2568336228,0.048669067946518166,0.06304669832348894,590699.5065251556,765201.7011842033,0.014377630376970776,174502.19465904764
2023-07-28,2023-07-27,11911742.648877913,0.05381734298035188,641058.3396283479,0.048713787399176964,0.058947645954023416,580266.0989511478,702169.1883614963,0.010233858554846452,121903.08941034856
2023-07-31,2023-07-28,12604637.735065283,0.05488616583731947,691820.237046128,0.04936857307165227,0.06279645522636486,622272.9790652761,791526.569174576,0.013427882154712585,169253.59010929987
2023-08-01,2023-07-31,12997900.083953055,0.055501242079003026,721399.5990781722,0.0496282403664681,0.05883703113283473,645062.9096257582,764757.851901021,0.009208790766366624,119694.94227526279
2023-08-02,2023-08-01,13032174.818616522,0.057359537926014705,747519.5257668882,0.04975974296076472,0.06118799226995677,648477.6691941088,797412.612062233,0.011428249309192048,148934.94286812423
2023-08-03,2023-08-02,12779103.593061578,0.05760702043704773,736166.0818526484,0.04963183544734232,0.06087253787929096,634250.3666953732,777896.467532024,0.011240702431948635,143646.10083665082
2023-08-04,2023-08-03,13049105.620754171,0.05756284665940461,751143.6658898471,0.04951253872638508,0.060249916191573424,646094.3473922801,786207.5200254285,0.010737377465188346,140113.17263314838
2023-08-07,2023-08-04,12879095.013185788,0.05535250491438314,712890.1700101737,0.04890655700750873,0.06141057460976391,629872.1944674922,790912.6252134842,0.012504017602255176,161040.430745992
2023-08-08,2023-08-07,12964167.882905662,0.05431087914418056,704095.3550933566,0.04931737821519876,0.0592343453167942,639358.7707265911,767923.9971209269,0.009916967101595446,128565.22639433574
2023-08-09,2023-08-08,12863137.018924344,0.05398058966141587,694359.7211771233,0.04874156949013735,0.0619083675058341,626969.4868690592,796335.8138454676,0.01316679801569675,169366.32697640848
2023-08-10,2023-08-09,12283997.841809679,0.05271371560979884,647535.168784538,0.04851702399115843,0.05915947460041595,595983.0179984185,726714.858314104,0.010642450609257517,130731.84031568549
2023-08-11,2023-08-10,12228798.52172705,0.05112012472498499,625137.7056673989,0.04804558702345979,0.06144774694202548,587539.8035679935,751432.116968099,0.013402159918565693,163892.31340010557
2023-08-14,2023-08-11,12249228.090047859,0.05286340772237208,647535.938808533,0.048666294230344534,0.05869678892045453,596124.5383248703,718990.3556400415,0.010030494690109998,122865.81731517124
2023-08-15,2023-08-14,12431854.060813805,0.05262891641090782,654275.0081991747,0.048576993309729005,0.05871187005838187,603902.0915396796,729897.4002032671,0.010134876748652863,125995.30866358755
2023-08-16,2023-08-15,12217414.346070373,0.052236070821268445,638189.7210341131,0.04844660489919647,0.061422133789549194,591892.2457138462,750419.6585266922,0.012975528890352722,158527.412812846
2023-08-17,2023-08-16,11924847.96542808,0.05189365851620918,618823.9881756366,0.04824585264605744,0.06146971831955579,575324.4577666811,733017.0454383921,0.013223865673498349,157692.587671711
2023-08-18,2023-08-17,11568734.748839715,0.051604241487879184,596995.781688344,0.04849969051156452,0.0588946029851768,561080.0549291082,681336.0400737341,0.01039491247361228,120255.98514462588
2023-08-21,2023-08-18,11719792.798853936,0.0521457517606247,611137.4059749943,0.048517151359000095,0.0587645120925533,568610.9611181157,688707.9056504712,0.010247360733553208,120096.94453235553
2023-08-22,2023-08-21,11742089.315554405,0.053362513744208785,626587.402486999,0.04853844134403626,0.06137048565721581,569942.7134994724,720617.7239259786,0.012832044313179553,150675.01042650628
2023-08-23,2023-08-22,11117663.437841173,0.054191678009845784,602484.837245324,0.04936544051933175,0.060981721041070636,548828.3531546978,677974.2503949407,0.011616280521738888,129145.89724024292
2023-08-24,2023-08-23,11451419.536237264,0.05486752215569628,628311.0151186712,0.049178621092624525,0.06062195588828384,563165.0223452905,694207.4499840072,0.011443334795659316,131042.42763871665
2023-08-25,2023-08-24,11138321.11025065,0.05332639235774815,593966.4817318151,0.048842454347146846,0.05831479658912066,544022.9403312793,649528.9298885752,0.00947234224197381,105505.98955729592
2023-08-28,2023-08-25,11408746.974643184,0.05640776149158849,643541.8782635545,0.0489568849178929,0.05836415794333396,558536.7126949652,665861.9103636083,0.00940727302544106,107325.19766864309
2023-08-29,2023-08-28,11645941.222551715,0.05676870009224639,661124.9445549676,0.04908283949813465,0.05994827501245793,571615.8638312158,698154.0871884507,0.010865435514323285,126538.22335723497
2023-08-30,2023-08-29,11956185.264793677,0.05712211654304284,682962.608105756,0.04917261197118126,0.059833292191470086,587916.8586812546,715377.9264437492,0.010660680220288828,127461.06776249467
2023-08-31,2023-08-30,12202374.648830807,0.05746870736061269,701254.6977982167,0.04912784534419393,0.06262419490529872,599476.3745796726,764163.8883158565,0.013496349561104792,164687.51373618387
2023-09-01,2023-08-31,12241449.888638454,0.05759174051051792,705006.4054589743,0.04934948277481343,0.05951893112714218,604109.2204181051,728598.0128182345,0.010169448352328754,124488.79240012937
2023-09-05,2023-09-01,12442952.896818778,0.05745843450505778,714952.5940713808,0.04963390332050569,0.06257879877251589,617592.3211023094,778665.0454659159,0.012944895452010198,161072.72436360654
2023-09-06,2023-09-05,12441653.308649518,0.05768146473398562,717652.7865553426,0.04942004892353665,0.05972463004727024,614867.1152031408,743073.1410354881,0.010304581123733586,128206.02583234734
2023-09-07,2023-09-06,12384646.845040662,0.057954154164560304,717741.7325311219,0.04957039914821575,0.06273092830088045,613911.8874183566,776900.3932679711,0.013160529152664698,162988.5058496145
2023-09-08,2023-09-07,12078002.017341048,0.05785084929516338,698722.6744918763,0.04932933716511053,0.06074112351735486,595799.8337943017,733631.4123781738,0.011411786352244331,137831.57858387206
2023-09-11,2023-09-08,11787753.718587432,0.05720002990973295,674259.8652717669,0.04911308517444975,0.060523609321234996,578932.9523964212,713437.4008387208,0.011410524146785249,134504.44844229962
2023-09-12,2023-09-11,12068072.21872551,0.057746279931104566,696886.2765713094,0.04930118612262719,0.06475777977807895,594970.2745966929,781501.5630861792,0.01545659365545176,186531.28848948632
2023-09-13,2023-09-12,11927215.82966896,0.057378825634158255,684369.6373915474,0.04941255163104032,0.06058561437382847,589354.1679980789,722617.6988097462,0.011173062742788148,133263.53081166733
2023-09-14,2023-09-13,11855068.833336528,0.057133385788575755,677320.2212051366,0.049192586734011064,0.059925447692420905,583181.5018215785,710420.3072621574,0.010732860958409841,127238.80544057896
2023-09-15,2023-09-14,12146562.47055244,0.057518674350075384,698654.171216553,0.049700705066492434,0.06808907023749826,603692.7189206525,827048.1452016055,0.018388365171005824,223355.426280953
2023-09-18,2023-09-15,11932441.410316532,0.057220092437397035,682775.4005021362,0.04918163128164537,0.06704047647282592,586856.9337320242,799956.5576316993,0.01785884519118055,213099.6238996751
2023-09-19,2023-09-18,11610846.446009522,0.0571719126062132,663814.2982954176,0.049948356751960465,0.06731481685961005,579942.7004775159,781582.0020981852,0.017366460107649584,201639.3016206693
2023-09-20,2023-09-19,11378810.278526125,0.05674606436856174,645702.7005028955,0.0488880537251971,0.060404683864406054,556287.8882254101,687333.4376274248,0.011516630139208957,131045.5494020147
2023-09-21,2023-09-20,11191996.939565541,0.05635590297675942,630735.093642344,0.04875246199399161,0.06063712120670368,545637.4054330394,678650.4749694923,0.011884659212712069,133013.06953645288
2023-09-22,2023-09-21,10915999.976117976,0.05615846230641402,613025.7731956377,0.04822484611633741,0.060303876515610304,526422.4190542322,658277.1146042234,0.012079030399272897,131854.69554999121
2023-09-25,2023-09-22,10740294.96819388,0.056095271554615446,602479.7628175055,0.04828136727424594,0.059955013729065545,518556.1259931043,643934.5322722776,0.011673646454819608,125378.40627917333
2023-09-26,2023-09-25,10627765.829874277,0.05609859497538037,596202.7307833043,0.048162829161144394,0.05967474426129023,511863.2700288828,634209.2079666264,0.011511915100145834,122345.93793774361
2023-09-27,2023-09-26,10436092.041711913,0.055760211045708656,581918.6947382968,0.048946617715915734,0.05963412179769464,510811.40761378355,622347.1839074,0.010687504081778904,111535.77629361645
2023-09-28,2023-09-27,10608899.73791873,0.05560656642182622,589924.4879390727,0.04890692824389071,0.060536664226276335,518848.6982290223,642227.4012446172,0.011629735982385626,123378.70301559486
2023-09-29,2023-09-28,10696329.424638629,0.05560926920342555,594815.0624632514,0.048658683878056073,0.06011703435739157,520469.3121290404,643031.6035189788,0.011458350479335494,122562.29138993839
2023-10-02,2023-09-29,10847493.751505448,0.05567221693515288,603904.0253365267,0.04929235140617721,0.0601310745490401,534698.4738755181,652271.4554420207,0.01083872314286289,117572.9815665026
2023-10-03,2023-10-02,10630605.914804406,0.05556612841632773,590701.6134053947,0.04913211919845801,0.059146557718499616,522304.19695800287,628763.7463226023,0.010014438520041608,106459.5493645994
2023-10-04,2023-10-03,10232307.04478122,0.05556417472699513,568549.6964964869,0.04901814801400919,0.05864261862302876,501568.7412458747,600049.2796608355,0.009624470609019574,98480.53841496079
2023-10-05,2023-10-04,10281545.63967865,0.055596994129788045,571623.0325743618,0.0492149320575086,0.05874011998735507,506005.57010295853,603939.2245301913,0.009525187929846475,97933.65442723274
2023-10-06,2023-10-05,9965554.132848011,0.05552573959024187,553344.7636529773,0.048810313617484016,0.06201869538244418,486421.8225963254,618050.6660823585,0.013208381764960163,131628.84348603303
2023-10-09,2023-10-06,10209880.864729136,0.05627172854331799,574527.6444796547,0.04886785242389668,0.06209305383605737,498934.95136315003,633962.6821933582,0.013225201412160693,135027.73083020817
2023-10-10,2023-10-09,10130603.950932281,0.05623100315756623,569654.0227529261,0.04854993230634605,0.062294176840361086,491840.1360401641,631077.6340190362,0.013744244534015036,139237.4979788721
2023-10-11,2023-10-10,10325661.219140222,0.05616857758255523,579977.7032784594,0.0488608513830352,0.058934439550138225,504520.59825998044,608537.056934626,0.010073588167103027,104016.45867464552
2023-10-12,2023-10-11,10276118.844118219,0.055941378704906945,574860.2558754479,0.048976962151281014,0.05863663210566325,503293.0836904436,602557.0001366335,0.009659669954382236,99263.91644618992
2023-10-13,2023-10-12,9782035.55948535,0.0547436526941081,535504.3573098814,0.04862489512290671,0.062075808865659075,475650.4531685192,607227.769707693,0.013450913742752368,131577.31653917383
2023-10-16,2023-10-13,9655796.45134056,0.054511217174455666,526349.2173513636,0.048837646427815816,0.05777699561206217,471566.3730695289,557882.909200069,0.008939349184246353,86316.53613054013
2023-10-17,2023-10-16,9904304.69876145,0.05450669423836414,539850.9078589836,0.04866974264221681,0.06172513927811252,482039.96073881845,611344.5869839147,0.013055396635895708,129304.62624509627
2023-10-18,2023-10-17,10032181.767834248,0.05403418621368799,542080.7777727214,0.04855324210890133,0.05742543340747582,487094.95025416196,576102.3860404587,0.008872191298574493,89007.43578629673
2023-10-19,2023-10-18,9628772.236901138,0.053214528562948865,512390.57522670465,0.04837858268976361,0.05754547292092996,465826.35386382183,554092.2520203966,0.009166890231166347,88265.89815657481
2023-10-20,2023-10-19,9387899.313953336,0.053256090671937914,499962.8170829226,0.04841154211912254,0.060712872317800474,454482.68304753356,569966.3323804155,0.012301330198677934,115483.64933288196
2023-10-23,2023-10-20,9311264.575086577,0.05268881674208007,490599.5128337587,0.04790184136685269,0.057696343936053954,446026.7186005922,537225.9234037905,0.009794502569201266,91199.20480319823
2023-10-24,2023-10-23,9302552.16990444,0.05350786946236938,497759.74717412784,0.048651498367218174,0.06081837957540304,452583.1017050678,565766.1488892375,0.01216688120818487,113183.04718416976
2023-10-25,2023-10-24,9428860.759169333,0.05363106691497949,505679.86230703484,0.04831060477756498,0.05686727095830935,455513.9656389209,536193.5796198528,0.008556666180744375,80679.61398093193
2023-10-26,2023-10-25,9093823.37598658,0.05237904211874972,476325.75763127184,0.04839361275801328,0.059762471410443774,440082.9669472635,543469.3595190232,0.011368858652430494,103386.3925717597
2023-10-27,2023-10-26,8895726.345404686,0.052023691573250624,462788.52371337335,0.04815952680967626,0.05647911887887251,428413.9714230604,502422.7857760294,0.008319592069196254,74008.814352969
2023-10-30,2023-10-27,8839684.085857548,0.0526312104498097,465243.2734326023,0.04812896098650736,0.05666124143425366,425444.8105012879,500867.4741913044,0.008532280447746302,75422.66369001649
2023-10-31,2023-10-30,8959643.334081326,0.05212354527137975,467008.3749394038,0.04801979790726396,0.059078594515410254,430240.26222374995,529323.1355368891,0.011058796608146293,99082.87331313913
2023-11-01,2023-10-31,9110067.326713067,0.05191635772502021,472961.5142326541,0.047735959277851306,0.055902828978067295,434877.80292645865,509278.53574391926,0.00816686970021599,74400.73281746061
2023-11-02,2023-11-01,9051420.501711912,0.051617049836841476,467207.62313107244,0.04787861214483188,0.05621907500456683,433369.4515612442,508862.48808361596,0.008340462859734957,75493.03652237175
2023-11-03,2023-11-02,9792373.046496868,0.052607108318617306,515148.4295533693,0.04864582681753201,0.05689714541543123,476358.083352555,557158.0731886816,0.008251318597899217,80799.98983612662
2023-11-06,2023-11-03,10516321.918319223,0.053210219129824786,559575.7937135452,0.04877674720845623,0.0571921650378702,512951.97577260423,601451.2187438848,0.008415417829413976,88499.24297128059
2023-11-07,2023-11-06,10423587.59947213,0.0541556555762007,564496.2199053693,0.04888940898819477,0.06022112812538588,509603.0372748683,627720.2043539946,0.01133171913719111,118117.16707912629
2023-11-08,2023-11-07,10497371.78086335,0.05462460318676357,573414.7680335902,0.04900555826488293,0.06057368300386542,514429.5644352368,635864.4706277387,0.011568124738982485,121434.90619250195
2023-11-09,2023-11-08,10442303.344748223,0.054653379603966164,570707.1686402902,0.04882357115358142,0.05747792456137584,509830.54035959614,600201.923896441,0.00865435340779442,90371.38353684486
2023-11-10,2023-11-09,10012602.669041447,0.0540868608217938,541550.2470243659,0.04889371644359515,0.059495857421858665,489553.35576249653,595708.3808190115,0.010602140978263515,106155.02505651495
2023-11-13,2023-11-10,10025633.175060613,0.05382590368502239,539638.7656621777,0.04868809748511573,0.05673515967506197,488129.0053773615,568805.8990306624,0.00804706218994624,80676.89365330088
2023-11-14,2023-11-13,9959703.718780348,0.05364784451862901,534316.6365567392,0.04899225164608689,0.05699446592662637,487948.31091095426,567647.9942393205,0.008002214280539474,79699.68332836626
2023-11-15,2023-11-14,10606116.132805742,0.05435650037075554,576511.3555051317,0.048980734820231735,0.057422633081751044,519495.3617735398,609031.1151165444,0.00844189826151931,89535.75334300462
2023-11-16,2023-11-15,10857988.798941262,0.054359664109778646,590236.6240181859,0.049124846242991405,0.05736221435652012,533397.0302561125,622838.2809655631,0.008237368113528716,89441.25070945069
2023-11-17,2023-11-16,10599501.950203752,0.054193097062283035,574419.8379992503,0.04914359086095084,0.0574110774990346,520897.5871706637,608528.827914316,0.008267486638083764,87631.24074365228
2023-11-20,2023-11-17,10871650.57943939,0.05403695363818517,587470.8783317152,0.04919948037703373,0.05705907776988009,534879.5593490957,620326.3558991941,0.007859597392846362,85446.79655009846
2023-11-21,2023-11-20,11037643.53120614,0.05421934993301426,598453.8570543369,0.0492392217131681,0.0575273945099154,543484.9770239748,634966.8738795113,0.008288172796747297,91481.8968555365
2023-11-22,2023-11-21,10925692.774367278,0.053864103451241485,588502.6458750006,0.049185019787098924,0.056686510251653874,537380.4152950183,619339.3954605914,0.00750149046455495,81958.98016557307
2023-11-24,2023-11-22,10978358.812972963,0.05383774142569753,591050.043051366,0.04930706174608511,0.05695275920711139,541310.6158619355,625247.8259645184,0.0076456974610262796,83937.21010258282
2023-11-27,2023-11-24,11042011.868617294,0.05382069176910681,594288.7172916705,0.0491810130066853,0.05691778060624116,543057.3293304406,628486.8089894701,0.007736767599555862,85429.47965902952
2023-11-28,2023-11-27,11176654.585176716,0.053668707499301256,599836.6057525733,0.04985231460228411,0.05871352986394371,557182.1005812909,656220.8427657565,0.008861215261659595,99038.74218446563
2023-11-29,2023-11-28,11416536.022072397,0.05294367736972574,604433.3998324531,0.04900861508077963,0.05741418098246048,559508.6194616011,655471.065364044,0.008405565901680852,95962.44590244291
2023-11-30,2023-11-29,11662094.533957766,0.05318286849812411,620223.6400121679,0.04918708433893484,0.05714129932828069,573624.4274104116,666387.2345595867,0.00795421498934585,92762.80714917509
2023-12-01,2023-11-30,11496105.340677548,0.05300171278843225,609313.2734521535,0.04890109521839678,0.058835544407618685,562172.1419051925,676379.6162860963,0.009934449189221907,114207.47438090376
2023-12-04,2023-12-01,11986094.853667714,0.05350172179891784,641276.7123163708,0.04887064334559303,0.057374604512995954,585768.1667000429,687697.4518844412,0.008503961167402922,101929.2851843983
2023-12-05,2023-12-04,12248748.225739494,0.05348246303828063,655093.2242483179,0.04910415983107142,0.06136383713382861,601464.4906072646,751630.1912175505,0.012259677302757191,150165.70061028597
2023-12-06,2023-12-05,11899938.086093849,0.053898395100164996,641387.5646317875,0.04938335068716039,0.05812299577901141,587658.8156610688,691660.0511485299,0.008739645091851017,104001.23548746109
2023-12-07,2023-12-06,11806607.567334734,0.053133299285544375,627324.0134221694,0.04895985638424424,0.05758101926001965,578049.8108818398,679836.497730195,0.008621162875775412,101786.68684835522
2023-12-08,2023-12-07,11815061.930007966,0.052905734146798625,625084.5253969629,0.04890526351942664,0.060799151767495827,577818.7171853851,718345.7434249165,0.011893888248069188,140527.02623953146
2023-12-11,2023-12-08,11874108.177611016,0.05361013931400571,636572.5936313011,0.04900249609006232,0.06190551376800169,581860.9395463608,735072.7672718402,0.012903017677939374,153211.8277254795
2023-12-12,2023-12-11,11999270.192938428,0.05311558336618433,637348.2362663918,0.04893559856484562,0.0613406347318154,587191.4692327526,736042.8499533962,0.01240503616696978,148851.38072064368
2023-12-13,2023-12-12,11902750.178330448,0.05309835463835116,632016.4501406876,0.04882031970774916,0.061120600505225685,581096.0691075608,727503.2385632391,0.012300280797476526,146407.16945567832
2023-12-14,2023-12-13,12535299.43083155,0.054526694362904936,683508.4408124482,0.04870103691729279,0.05850798418510797,610482.0803502466,733415.1008546853,0.009806947267815176,122933.02050443867
2023-12-15,2023-12-14,13121180.891440727,0.05563719074782171,730025.644093761,0.04856128706444174,0.05920284573094872,637181.4318937206,776811.2481238376,0.010641558666506984,139629.816230117
2023-12-18,2023-12-15,12966328.313058011,0.05561120404421008,721073.1295216873,0.04834830286861341,0.0613999163365922,626899.968373606,796131.4736145486,0.013051613467978784,169231.50524094258
2023-12-19,2023-12-18,12952673.197881239,0.05604426103299928,725922.9977771897,0.049240600997405466,0.06109157982829695,637797.4127866579,791299.268658204,0.011850978830891486,153501.85587154608
2023-12-20,2023-12-19,13315150.980210913,0.05647188613302174,751931.6899984635,0.049502280059742367,0.06636722594862185,659130.3328601538,883689.6336436714,0.016864945888879483,224559.30078351765
2023-12-21,2023-12-20,12867083.54274537,0.05618001858758512,722872.9925994455,0.04924013182303879,0.06108573077834333,633576.889822835,785995.2011945958,0.011845598955304543,152418.3113717608
2023-12-22,2023-12-21,13109755.934769366,0.056386521460073384,739213.5343521973,0.04973714869817384,0.06183373703010156,652041.880324391,810625.2009993423,0.01209658833192772,158583.3206749513
2023-12-26,2023-12-22,12934461.188895332,0.056121335418511796,725899.2348397177,0.048971491388196266,0.06118444572474894,633419.8547229465,791387.838590838,0.012212954336552673,157967.98386789148
2023-12-27,2023-12-26,12966822.58677736,0.05575083145525682,722911.1405456418,0.04857692282715115,0.06138155412155212,629888.3401112442,795923.7223948389,0.012804631294400973,166035.3822835947
2023-12-28,2023-12-27,13034205.86861806,0.0557275362878649,726364.1805269145,0.0485828748610499,0.061396112402722816,633239.1926282335,800249.5685899038,0.012813237541672913,167010.3759616703
2023-12-29,2023-12-28,13061563.94291408,0.05574515535851341,728118.9112229024,0.049226560862981675,0.06136272604018285,642975.8724015869,801493.1698853672,0.012136165177201175,158517.2974837803
2024-01-02,2023-12-29,12802987.612332262,0.05547340310489842,710225.2927659285,0.048870477575336954,0.06155761953944472,625688.1190058006,788121.4404081731,0.012687141964107765,162433.32140237256
2024-01-03,2024-01-02,12452592.106481496,0.05501891162717465,685128.064635758,0.04830353383932282,0.060186814735463424,601504.2042027132,749481.8540890961,0.011883280896140602,147977.64988638286
2024-01-04,2024-01-03,11923466.179234907,0.053990574930163814,643754.7941772563,0.047979756228723164,0.059920393337524976,572085.000681116,714458.7834064317,0.011940637108801812,142373.78272531566
2024-01-05,2024-01-04,11924613.458285606,0.05457775342424669,650818.6130057654,0.0480845400079636,0.060068114259011596,573389.5529144354,716289.0437068471,0.011983574251047999,142899.49079241173
2024-01-08,2024-01-05,11973019.463716934,0.05468401855059659,654732.8184605509,0.048163400828843704,0.05827481957483262,576661.3355625459,697725.5490140634,0.010111418745988913,121064.21345151751
2024-01-09,2024-01-08,12300577.258019716,0.054555812834615594,671067.9906462526,0.048372159594192526,0.06017936631816341,595005.4862256248,740240.9447352386,0.011807206723970884,145235.45850961376
2024-01-10,2024-01-09,12224816.928274546,0.05451662069221203,666455.707510476,0.04796330164113538,0.057982271359465265,586342.5818384901,708822.6524549994,0.010018969718329884,122480.0706165093
2024-01-11,2024-01-10,12163859.372729942,0.054277798464706636,660227.5075860687,0.04813893021657658,0.059728781791346,585555.1775080976,726532.5022144056,0.011589851574769418,140977.32470630796
2024-01-12,2024-01-11,11982951.56429107,0.05424895622109429,650062.6148107195,0.04800233455624603,0.05762056614994501,575209.6499603916,690464.4532818206,0.009618231593698984,115254.80332142906
2024-01-16,2024-01-12,11699413.927469797,0.05350201036557959,625942.1652186953,0.04769129564131344,0.05716912426416615,557960.2084450622,668845.248637437,0.009477828622852708,110885.04019237484
2024-01-17,2024-01-16,11694708.334680362,0.05374157932050853,628492.0955984369,0.047620985912081,0.05912218960181048,556913.5408517098,691416.7635008456,0.011501203689729483,134503.22264913586
2024-01-18,2024-01-17,11726826.297708109,0.05349688366506824,627348.6622089536,0.04787306255720474,0.05702810753649513,561399.088947654,668758.7111674971,0.009155044979290386,107359.62221984309
2024-01-19,2024-01-18,11918028.938962432,0.0530898161418123,632725.9651423139,0.04761281823135565,0.057067583191469366,567450.9455468548,680133.107952578,0.009454764960113715,112682.16240572324
2024-01-22,2024-01-19,12173466.089200221,0.05352348038555447,651566.2734495205,0.047965916968738025,0.05756478868466385,583911.4636563258,700763.002984732,0.009598871715925827,116851.53932840622
2024-01-23,2024-01-22,12540246.532125201,0.05389376920234883,675841.1523429109,0.04802380703763762,0.05989744221871543,602230.379663185,751128.6920664158,0.011873635181077813,148898.3124032308
2024-01-24,2024-01-23,12409597.945915528,0.053645537237456804,665719.5487094789,0.04801848790400974,0.05767503879049159,595890.1288595689,715724.0429050828,0.009656550886481846,119833.91404551396
2024-01-25,2024-01-24,12094610.36155404,0.052395061054544084,633697.8483245454,0.04785828317906606,0.05886184233036595,578827.2876237198,711911.0481490041,0.011003559151299885,133083.76052528434
2024-01-26,2024-01-25,12203625.849995358,0.05184271370975275,632669.0811622473,0.04765534481976126,0.05656819807355241,581567.9979328809,690337.1242980617,0.008912853253791146,108769.12636518083
2024-01-29,2024-01-26,12276496.57296253,0.05179156749950206,635819.0009159946,0.04773884875123458,0.05874720045686122,586065.8130917079,721209.8050797996,0.01100835170562664,135143.99198809173
2024-01-30,2024-01-29,12525183.196899556,0.05338072675613207,668603.381804192,0.04808800170830276,0.057261972440465055,602311.0309693109,717216.6950326384,0.009173970732162293,114905.66406332748
2024-01-31,2024-01-30,12372946.904252024,0.05296460837797508,655328.2872651876,0.047911014784126335,0.05885578849096297,592800.442052829,728219.5460065722,0.010944773706836636,135419.10395374324
2024-02-01,2024-01-31,12025552.900262011,0.052935389988854435,636577.332606969,0.04788955134145914,0.05892795772217717,575898.3330265305,708641.2728924449,0.011038406380718027,132742.9398659144
2024-02-02,2024-02-01,12238412.320608845,0.052645062155090835,644291.9772980821,0.04778643527374053,0.05682810997666989,584830.0982121233,695485.8412953912,0.00904167470292936,110655.74308326794
2024-02-05,2024-02-02,12383012.894649114,0.05265105419146627,651978.6829697961,0.047902462826857735,0.057018233364505184,593176.8148704292,706057.51898278,0.00911577053764745,112880.70411235082
2024-02-06,2024-02-05,12202134.730593769,0.05296788840518526,646321.310715126,0.04786411605722052,0.05909604685069371,584044.3928909814,721097.9257176463,0.011231930793473191,137053.53282666486
2024-02-07,2024-02-06,12507343.754101144,0.05401115175987838,675536.0416157239,0.04826395202661029,0.058174664104087025,603653.8389282614,727610.5217291849,0.009910712077476735,123956.68280092347
2024-02-08,2024-02-07,12588528.645357389,0.0537974781366805,677231.0945715903,0.04814507744948528,0.058098607356371616,606075.6866057955,731375.9829610556,0.00995352990688634,125300.29635526007
2024-02-09,2024-02-08,12866025.853146039,0.05438443876412945,699711.5951481271,0.048250145650587134,0.05975211454418293,620787.6213585159,768772.250505601,0.011501968893595796,147984.62914708513
2024-02-12,2024-02-09,13071471.67917801,0.054304553207204516,709840.4292983892,0.048203543506072415,0.060422606650925796,630091.2537756506,789812.3916196894,0.012219063144853382,159721.13784403878
2024-02-13,2024-02-12,13397631.455031833,0.054306436941037664,727577.6277719489,0.048203235007787254,0.060393221365358234,645809.1775746221,809126.122235224,0.01218998635757098,163316.9446606019
2024-02-14,2024-02-13,12825788.231703458,0.054057210454312936,693326.333683644,0.04789617197307187,0.06022087534621138,614306.1588358702,772380.1943183189,0.012324703373139512,158074.03548244864
2024-02-15,2024-02-14,13093567.741071012,0.054480303688804035,713341.5469034766,0.04796367222028416,0.060456423549957825,628015.5913268165,791590.2771342536,0.012492751329673667,163574.68580743717
2024-02-16,2024-02-15,13464101.07396367,0.05457877567889251,734854.1522337989,0.04850937999652899,0.0608585244667129,653135.1953085777,819405.3246321135,0.012349144470183912,166270.12932353572
2024-02-20,2024-02-16,12901265.896439549,0.05298588800248079,683585.0298789708,0.04716806114975398,0.057224384423703784,608527.6987124962,738266.9992102762,0.010056323273949806,129739.30049777997
2024-02-21,2024-02-20,12564675.61307606,0.052922018109933334,664947.9903406489,0.04697396518854244,0.060018779029253004,590212.6348539629,754116.489195456,0.013044813840710566,163903.8543414931
2024-02-22,2024-02-21,12306287.605777651,0.05253152046451033,646467.9992050586,0.046601068195956906,0.05637424432816301,573486.1479559036,693757.6642607534,0.009773176132206102,120271.51630484988
2024-02-23,2024-02-22,12567448.150377257,0.053072221275614624,666982.3891066355,0.046992380493328545,0.060724583396998336,590574.3053127062,763153.0532950362,0.01373220290366979,172578.74798233004
2024-02-26,2024-02-23,13136517.844713122,0.054751918006322856,719249.5479223299,0.049305726752958336,0.06054174699438165,647705.5593367864,795307.7397418015,0.011236020241423311,147602.18040501513
2024-02-27,2024-02-26,13109544.01434388,0.05492558595634684,720049.386608357,0.04916270849799678,0.06047238315695506,644500.6909188468,792765.3686483698,0.011309674658958276,148264.67772952304
2024-02-28,2024-02-27,13713239.045141581,0.05566024179725066,763282.2010760792,0.05048391080028376,0.06315697416313755,692297.9367378961,866086.6840669359,0.012673063362853787,173788.74732903985
2024-02-29,2024-02-28,13573808.969638452,0.05528304358659307,750401.4729046104,0.05009108833442623,0.0618397736625134,679926.8641327868,839401.2744206361,0.01174868532808717,159474.41028784937
2024-03-01,2024-02-29,13654549.871981686,0.05557395176763818,758837.2959943203,0.04956331707994336,0.0620263875459781,676764.7848889283,846942.4021254217,0.012463070466034738,170177.6172364934
2024-03-04,2024-03-01,13949691.475882027,0.05648417298086485,787936.7863534163,0.050644095282720326,0.06175562384233155,706469.504269121,861471.8995011493,0.011111528559611221,155002.39523202833
2024-03-05,2024-03-04,13966653.56641935,0.05572987927221061,778359.9170933402,0.04992482182863876,0.06340352903098262,697282.6908458082,885535.1248641462,0.013478707202343856,188252.43401833798
2024-03-06,2024-03-05,13618818.105511291,0.055666074823325244,758106.147666648,0.04946423278151495,0.06270197458652908,673644.3889801209,853926.7867503312,0.013237741805014136,180282.3977702103
2024-03-07,2024-03-06,13532830.790164705,0.05604252737679671,758414.0400433629,0.04955282397112473,0.0631124001505343,670589.9819760484,854089.4319983462,0.013559576179409574,183499.4500222978
2024-03-08,2024-03-07,13667606.417761233,0.05607958386311997,766473.6803129577,0.05009680664877219,0.06172539928928663,684703.4360621023,843638.4634651286,0.01162859264051444,158935.02740302624
2024-03-11,2024-03-08,13887085.739555087,0.05663999555100104,786564.4745047701,0.050690920983171114,0.06269086817456389,703949.1659103093,870593.461427314,0.011999947191392774,166644.29551700468
2024-03-12,2024-03-11,13687052.133893287,0.05575048909700741,763059.8507607897,0.0494552277234719,0.061147871288826545,676896.2801447245,836934.1022067654,0.011692643565354648,160037.8220620409
2024-03-13,2024-03-12,13854217.796312006,0.055459829720007583,768352.5598873625,0.0490731672847363,0.060530893743341696,679870.3475175898,838608.1853256756,0.011457726458605398,158737.83780808584
2024-03-14,2024-03-13,14200764.690935215,0.05569025709570561,790844.2365938006,0.0490327623308865,0.06067810605802146,696302.7200074713,861675.5060215733,0.011645343727134959,165372.78601410205
2024-03-15,2024-03-14,14283738.68044195,0.055122732209044165,787358.7022259674,0.048192825597091364,0.060979628347672996,688373.7271009668,871017.0761486312,0.012786802750581631,182643.34904766432
2024-03-18,2024-03-15,14153390.570827838,0.055398297421645336,784073.7403674312,0.04885860564791001,0.06088052223006575,691514.9284809253,861665.8092780872,0.01202191658215574,170150.88079716195
2024-03-19,2024-03-18,14218573.854088372,0.05571030229452529,792121.0476082967,0.0491686824549581,0.062157863568842106,699108.5427940409,883796.1737659305,0.012989181113884009,184687.6309718896
2024-03-20,2024-03-19,14223504.890754119,0.05526162211310605,786013.9523967698,0.04888942978701703,0.060535118593693975,695379.0436818169,861021.5553797869,0.011645688806676942,165642.51169796998
2024-03-21,2024-03-20,14851103.83073358,0.0559049040606731,830249.5348522555,0.04956019187138246,0.06163222646866511,736023.5553529793,915306.594605432,0.01207203459728265,179283.03925245267
2024-03-22,2024-03-21,15231880.782076433,0.05596927564837519,852517.3341352246,0.0494022144063711,0.060977722731993804,752488.6402084235,928805.4030162417,0.0115755083256227,176316.76280781825
2024-03-25,2024-03-22,14880441.631177833,0.05580741206366424,830438.9378004454,0.0489261214047761,0.061128238707169345,728042.2938036912,909615.188098739,0.012202117302393248,181572.89429504785
2024-03-26,2024-03-25,14973417.776738383,0.056132911252532385,840501.5312087464,0.04974912337712156,0.06324723519542101,744914.408352143,947027.2758046705,0.01349811181829945,202112.8674525275
2024-03-27,2024-03-26,15190355.257874973,0.05655031806441598,859019.4213443034,0.050007331829915805,0.06364166071283545,759629.1359948601,966739.4354291151,0.013634328882919641,207110.299434255
2024-03-28,2024-03-27,15163501.454061506,0.05569827440389564,844580.8649121883,0.049207571223826775,0.06182822899711165,746159.0778033325,937532.4402997503,0.012620657773284874,191373.36249641783
2024-04-01,2024-03-28,15362307.342852665,0.05484147147897956,842491.5399943728,0.04912486032993703,0.06037978745596584,754671.2025632032,927572.8521946672,0.01125492712602881,172901.64963146404
2024-04-02,2024-04-01,15155075.81244423,0.05472550946107741,829369.2447572622,0.04830116822910879,0.06043183123033771,732007.8663417664,915848.9837806029,0.01213066300122892,183841.1174388365
2024-04-03,2024-04-02,14656521.532509921,0.0553606130947273,811394.0178758213,0.0481828302305036,0.060426230534293475,706192.688770646,885638.3489542808,0.012243400303789877,179445.66018363484
2024-04-04,2024-04-03,14389673.217482533,0.05564141948557403,800661.8437542754,0.04869183774096679,0.061117178190311205,700659.6334511951,879456.2221332288,0.012425340449344416,178796.5886820337
2024-04-05,2024-04-04,14253434.0347362,0.055629227397535314,792907.5231141093,0.0486400448891778,0.06255292365824114,693287.6712745033,891593.9710426294,0.013912878769063337,198306.2997681261
2024-04-08,2024-04-05,14422626.719704669,0.055792265106499525,804671.0134778465,0.04871977926765591,0.06152898999864956,702667.1902438077,887409.6551909645,0.012809210730993649,184742.46494715672
2024-04-09,2024-04-08,14401383.194413323,0.05551612005266665,799508.918345506,0.04848668470614704,0.06092320503929195,698275.3262799234,877378.4212026562,0.012436520333144914,179103.0949227328
2024-04-10,2024-04-09,14485472.505123166,0.05582672113954612,808676.4341180736,0.048676626686838705,0.06126066473061131,705103.9375143467,887389.6746008386,0.012584038043772602,182285.7370864919
2024-04-11,2024-04-10,14091220.652653325,0.05535576851876833,780030.3485951651,0.04848902755459508,0.06208537867887663,683269.5865043864,874858.7702675888,0.01359635112428155,191589.1837632024
2024-04-12,2024-04-11,14240411.964615729,0.05535450467633645,788270.9506882789,0.04842970678321615,0.061032410834397935,689658.9759185427,869126.673475503,0.012602704051181787,179467.69755696028
2024-04-15,2024-04-12,13724875.802092675,0.055087911717281585,756074.7465163355,0.048177028032580005,0.06094512860984507,661223.7262610978,836464.3209126886,0.012768100577265067,175240.5946515908
2024-04-16,2024-04-15,13266518.73439464,0.05486939045005238,727925.7963504343,0.04701828643898906,0.05980325122804014,623768.9779019818,793380.9527945038,0.012784964789051077,169611.97489252198
2024-04-17,2024-04-16,13326556.554588499,0.05474048343869744,729502.1483713165,0.04784813143696009,0.0598590206912384,637650.8296260325,797714.6245440716,0.01201088925427831,160063.79491803912
2024-04-18,2024-04-17,13044405.272230737,0.05478074863599389,714582.2863241055,0.04771735894208202,0.059953759993630465,622444.5685610211,782061.1429509695,0.012236401051548447,159616.5743899484
2024-04-19,2024-04-18,13077057.783675501,0.0549467927317347,718542.3835805358,0.04636366673756587,0.06034670786233165,606300.3489902227,789157.3857702956,0.013983041124765783,182857.03678007296
2024-04-22,2024-04-19,12982287.991104282,0.05481074716470685,711568.9046998268,0.04617862885827048,0.060780308404536645,599504.2588723865,789067.4678958307,0.014601679546266164,189563.20902344421
2024-04-23,2024-04-22,13100711.192560272,0.05484018874309925,718445.4744688382,0.04611351644766202,0.06029270910823371,604119.861054198,789877.369044018,0.014179192660571688,185757.50798981998
2024-04-24,2024-04-23,13612562.519381545,0.05395494532579194,734465.0664771559,0.04622539450733508,0.061052841744413854,629246.0727141751,831085.625231741,0.014827447237078774,201839.5525175659
2024-04-25,2024-04-24,13554420.675061146,0.05363146760845118,726943.4733858628,0.04623503140202353,0.05960128074205669,626689.065547689,807860.831950257,0.013366249340033165,181171.76640256797
2024-04-26,2024-04-25,13546191.763535554,0.0542490351931216,734867.8337128143,0.04611794760978363,0.05960272695271682,624722.5620628152,807389.9689311511,0.013484779342933184,182667.4068683359
2024-04-29,2024-04-26,13912943.241496807,0.05493140406788238,764257.5069721744,0.046504681482385124,0.06055150590308095,647016.9939283119,842449.6648167241,0.014046824420695825,195432.67088841228
2024-04-30,2024-04-29,13895470.629382297,0.0550085921366459,764370.276398433,0.04628474983180263,0.06278247491890823,643148.3818761206,872392.0362756201,0.016497725087105605,229243.65439949953
2024-05-01,2024-04-30,13595716.368479546,0.05504308646772949,748350.1916609448,0.04643986383602862,0.06312376932959722,631383.2169054556,858212.8639145321,0.0166839054935686,226829.64700907655
2024-05-02,2024-05-01,13633249.907330262,0.055814464025559764,760932.5365041508,0.04705244272086839,0.06104813152138805,641477.7103639415,832284.4334066493,0.013995688800519657,190806.72304270777
2024-05-03,2024-05-02,14952187.00881164,0.05949075653258441,889516.9169708849,0.05021523997008494,0.06412749199396822,750827.658725063,958846.2526998841,0.013912252023883284,208018.59397482115
2024-05-06,2024-05-03,15401588.390578667,0.05966230898115809,918894.3253593218,0.050327044753660025,0.06466570823921204,775116.4282101032,995954.6212855955,0.014338663485552017,220838.19307549228
2024-05-07,2024-05-06,15843369.037271615,0.057456389156067135,910302.7769486626,0.049651814256389384,0.0638993877686998,786652.016634041,1012381.581675231,0.014247573512310416,225729.56504119
2024-05-08,2024-05-07,15506639.104473185,0.05762102009151982,893508.3633907964,0.04928983022732839,0.06345295274207531,764319.6088559348,983942.038284554,0.014163122514746919,219622.42942861922
2024-05-09,2024-05-08,15262551.085422656,0.05682513718086419,867296.55915909,0.04908066695609234,0.06202235081615538,749096.186723975,946619.2977695771,0.012941683860063044,197523.11104560213
2024-05-10,2024-05-09,15818256.121126097,0.05680229916140573,898513.316403942,0.04929650322247806,0.06279241489511063,779784.713849076,993266.5012748732,0.013495911672632567,213481.7874257972
2024-05-13,2024-05-10,15496866.843039464,0.056958406375121,882676.8391869803,0.04917068560127581,0.062287028448056725,761991.5673439291,965253.7859081461,0.013116342846780912,203262.21856421698
2024-05-14,2024-05-13,16105860.450322498,0.056235815885977876,905726.2029695887,0.04694272391370324,0.06325332834037038,756052.9605121211,1018749.2792684345,0.016310604426667145,262696.3187563134
2024-05-15,2024-05-14,17140600.65392534,0.05501359988449128,942966.1461548983,0.04749028976468988,0.06247244437951584,814012.0917957473,1070815.2209838436,0.014982154614825959,256803.12918809627
2024-05-16,2024-05-15,16955065.98289188,0.05407006130146883,916761.4570654129,0.04672219223626775,0.06178320706164878,792177.8522312784,1047538.3523649267,0.015061014825381032,255360.50013364828
2024-05-17,2024-05-16,16092570.811764164,0.05429469907667052,873741.2895947467,0.0468884380062466,0.06172764580286565,754555.5088685375,993356.5111261124,0.014839207796619049,238801.00225757493
2024-05-20,2024-05-17,15788161.553298136,0.054324564882535696,857685.0066781002,0.04684030315586539,0.06155906205913114,739522.2734302633,971904.4168590683,0.014718758903265752,232382.14342880505
2024-05-21,2024-05-20,15838813.572271809,0.05424790187584229,859222.4044983601,0.047741203271118145,0.06159205746283462,756164.0183271733,975545.1156864902,0.013850854191716479,219381.0973593169
2024-05-22,2024-05-21,15504155.38778095,0.05320143671492973,824843.341681465,0.04653104694959403,0.06123991434946106,721424.5822626365,949473.1480084405,0.014708867399867029,228048.565745804
2024-05-23,2024-05-22,15186150.161832927,0.05350159722627288,812483.289376084,0.04662235050941856,0.06191109810640234,708014.0157336382,940191.2325277962,0.01528874759698378,232177.21679415798
2024-05-24,2024-05-23,14772321.07520755,0.052990126825758585,782787.1672860745,0.04594934468049799,0.06080408260762885,678778.4728156964,898217.4309633365,0.014854737927130865,219438.9581476401
2024-05-28,2024-05-24,14865429.193567581,0.05276320176739857,784347.6398991833,0.04584524353660251,0.06047042076086101,681509.2216552264,898918.7581258185,0.014625177224258497,217409.53647059202
2024-05-29,2024-05-28,14651385.591017855,0.05157432042053408,755635.255075951,0.04482272633474686,0.05915395589087257,656715.0467710467,866687.4169912362,0.014331229556125709,209972.37022018945
2024-05-30,2024-05-29,14785901.015791973,0.05046548572741346,746177.676679398,0.044393009450138354,0.059761349115106374,656390.6435228634,883625.3925861501,0.01536833966496802,227234.7490632867
2024-05-31,2024-05-30,14861625.361046994,0.05012029230029556,744869.0071531609,0.04378527261353778,0.057907242465431365,650720.3179137096,860595.7432125523,0.014121969851893582,209875.42529884272
2024-06-03,2024-05-31,14881630.103594411,0.049333283255065474,734159.6731977324,0.04333680232802413,0.05711482726033345,644922.2621182442,849961.732718973,0.01377802493230932,205039.47060072876
2024-06-04,2024-06-03,14925974.317314632,0.04907463876533253,732486.7978428464,0.043514510749642035,0.0573301746117037,649496.4698796686,855708.7138614528,0.013815663862061664,206212.2439817842
2024-06-05,2024-06-04,14666888.751380736,0.04986477792070982,731361.1503753574,0.044809881260838,0.05866376354373667,657221.5434152912,860414.8936332907,0.013853882282898668,203193.35021799942
2024-06-06,2024-06-05,15122500.087884266,0.0495820459577353,749804.4943533337,0.04389224674514891,0.06030649733532988,663760.5052609523,911985.0112535184,0.016414250590180972,248224.50599256612
2024-06-07,2024-06-06,15654955.421599966,0.05101935760826359,798705.7689960335,0.04415882183077133,0.060882276296566944,691304.3872311005,953109.3213882877,0.016723454465795616,261804.93415718724
2024-06-10,2024-06-07,14962913.306378143,0.05038941725499075,753972.4819453415,0.04409580568109558,0.059665408326383056,659801.71758113,892768.3321773222,0.015569602645287478,232966.61459619226
2024-06-11,2024-06-10,14956984.051198823,0.0493225249121089,737716.2184752695,0.04434640348676147,0.059949104728233164,663288.4496795192,896657.8033038314,0.015602701241471693,233369.3536243122
2024-06-12,2024-06-11,15073492.640534328,0.04901673286163711,738853.3620529241,0.043854966393175265,0.058394963059101225,661047.5131784077,880216.0459156362,0.01453999666592596,219168.53273722855
2024-06-13,2024-06-12,15203911.263707351,0.04964689693577462,754827.0155299418,0.044541078196435796,0.06031539283044679,677198.6004884602,917029.8804297636,0.015774314634010994,239831.27994130342
2024-06-14,2024-06-13,14967612.127779074,0.04904421105231144,734074.7281439331,0.04389186670212061,0.05698194698957528,656956.436361523,852883.6808256313,0.013090080287454668,195927.24446410825
2024-06-17,2024-06-14,14534288.83148771,0.04905282619578412,712947.9439302929,0.044127817571289155,0.057079025110576415,641366.4460843151,829603.0371768574,0.01295120753928726,188236.59109254228
2024-06-18,2024-06-17,14884987.605050875,0.04929704051549153,733785.8370387822,0.044523441854573145,0.05869486042044384,662730.8801395246,873672.2698384977,0.014171418565870696,210941.38969897316
2024-06-20,2024-06-18,14922675.779183988,0.04941689118863603,737432.2452232295,0.045082337874447924,0.05917876461844805,672749.1114680129,883105.517413745,0.014096426744000128,210356.40594573214
2024-06-21,2024-06-20,14968766.56369705,0.04926111691989099,737378.1598408353,0.04472743538627094,0.06039989545678234,669514.5392899327,904111.9355642808,0.0156724600705114,234597.39627434814
2024-06-24,2024-06-21,14908881.73355671,0.04988904818031247,743789.9191199912,0.04536299638396591,0.05944220986668574,676311.5481683085,886216.8768836755,0.01407921348271983,209905.328715367
2024-06-25,2024-06-24,15013943.21048184,0.051000700111085075,765721.6151626462,0.04509427104771863,0.061709705521030875,677042.824628523,926506.0142283152,0.016615434473312242,249463.18959979224
2024-06-26,2024-06-25,15083565.415879944,0.05237414530322805,789988.8467820416,0.04497262423367293,0.06256301738164136,678347.5195523934,943673.3652908214,0.017590393147968425,265325.84573842806
2024-06-27,2024-06-26,15005746.17477113,0.052262439660619275,784236.9040215447,0.04536331299168013,0.060424367793271705,680710.3603998496,906712.7258768508,0.015061054801591575,226002.36547700118
2024-06-28,2024-06-27,15300262.632848624,0.052743924596165705,806995.8986084996,0.04553199848471514,0.061718218166199754,696651.5350146072,944304.9471743052,0.016186219681484613,247653.41215969797
2024-07-01,2024-06-28,15253317.704538045,0.051958635256025024,792541.5710543612,0.045350889154899994,0.06073102489205057,691751.5204629785,926349.6172006556,0.015380135737150573,234598.09673767712
2024-07-02,2024-07-01,14795422.276446614,0.051686259620134,764720.0369699337,0.04499028218778274,0.06104766752879064,665650.22330474,903226.0200805757,0.016057385341007903,237575.79677583568
2024-07-03,2024-07-02,14883446.439410888,0.05238820733109367,779717.0778690855,0.045393533500530256,0.0592372568058942,675612.2245507459,881654.5388881544,0.013843723305363945,206042.31433740852
2024-07-05,2024-07-03,14950755.799626416,0.05225124799872511,781195.6490546576,0.045381400002872316,0.059269345763016575,678486.2292881095,886121.5149064834,0.013887945760144259,207635.2856183739
2024-07-08,2024-07-05,14904264.12225232,0.05240581531759242,781070.1130353739,0.04542809089085412,0.059428462654989925,677072.2652069745,885737.5037893782,0.014000371764135808,208665.23858240375
2024-07-09,2024-07-08,14807847.351022063,0.051379523186293255,760820.1363109292,0.04496761082309442,0.05597657324052247,665873.5168085498,828892.5517789632,0.011008962417428055,163019.03497041343
2024-07-10,2024-07-09,14873035.965568041,0.0519334849542674,772408.5895421058,0.04423083982644167,0.05948904151420063,657846.8715259463,884782.6539978763,0.01525820168775896,226935.78247193003
2024-07-11,2024-07-10,15055257.52106661,0.052637718572619716,792474.4084322206,0.045656179150873874,0.05725715664771745,687365.5345443584,862021.2382554372,0.011600977496843579,174655.70371107885
2024-07-12,2024-07-11,15414848.718352525,0.05207509780734251,802729.754693596,0.045068903233491976,0.05679340285709314,694730.3252463477,875461.7132425408,0.011724499623601163,180731.38799619314
2024-07-15,2024-07-12,15855446.549730701,0.05267787596981466,835231.2467927396,0.044306376454629294,0.060855052867293716,702497.3836886216,964884.0380184116,0.016548676412664422,262386.65432979004
2024-07-16,2024-07-15,15884529.624735367,0.05278230710856148,838422.120927825,0.04586010335239991,0.06004175449822,728466.1702946221,953735.0280480636,0.014181651145820096,225268.85775344155
2024-07-17,2024-07-16,16395428.914674629,0.05273574772546693,864625.2030951072,0.045146365847594724,0.060959387566874995,740194.0320101337,999455.3055347994,0.01581302171928027,259261.27352466562
2024-07-18,2024-07-17,15688776.62059909,0.05181094973262035,812850.4168561688,0.045639139442044487,0.05718077398330403,716022.2638626093,897096.390017021,0.011541634541259546,181074.1261544117
2024-07-19,2024-07-18,15198804.783000518,0.05197444494422126,789949.4424120272,0.044403769703927745,0.057098077913988805,674884.2273593105,867822.5396992692,0.01269430821006106,192938.31233995873
2024-07-22,2024-07-19,15100631.473826708,0.051767032268338384,781714.8767778734,0.04407601056468848,0.057267448492447484,665575.5923738534,864774.6351308024,0.013191437927759002,199199.04275694897
2024-07-23,2024-07-22,14955561.562947804,0.05192817878977013,776615.0747421676,0.04440705964266524,0.06030130363148402,664132.5143153749,901839.8587866672,0.01589424398881878,237707.34447129234
2024-07-24,2024-07-23,15093616.604588307,0.051841934925039586,782482.2897985639,0.044335870264452036,0.05696643889202204,669188.6276024062,859829.587964889,0.012630568627570005,190640.96036248282
2024-07-25,2024-07-24,14399068.053732026,0.05189523537550184,747243.0258362928,0.04409270815847201,0.05705148204432683,634893.9054471838,821488.1725225328,0.01295877388585482,186594.267075349
2024-07-26,2024-07-25,14485733.176539052,0.05192532500951144,752176.4031928529,0.04389294536928283,0.05721504759035547,635821.4949518364,828801.913076873,0.013322102221072642,192980.41812503664
2024-07-29,2024-07-26,15060044.332910093,0.0525148988593372,790876.7049599079,0.04517352078231204,0.057493011669735715,680315.2256552548,865847.3045787371,0.012319490887423672,185532.07892348233
2024-07-30,2024-07-29,14895049.276368253,0.05191694293722177,773305.423328317,0.04411124677026329,0.06070196826989009,657039.1942851116,904158.808552555,0.0165907214996268,247119.61426744342
2024-07-31,2024-07-30,14817729.57507768,0.05187717616296057,768701.9675014158,0.04376059190945383,0.057684306439888686,648432.6169596191,854750.4535521825,0.013923714530434853,206317.83659256343
2024-08-01,2024-07-31,15212841.666131051,0.05221572264817359,794349.521129278,0.044005035023117034,0.06152604808474943,669441.630319231,935986.0278560587,0.017521013061632396,266544.3975368277
2024-08-02,2024-08-01,15094291.871093823,0.054413582806692666,821334.5006361516,0.04599192674432564,0.060811528023755765,694215.565992817,917906.9531177708,0.014819601279430127,223691.3871249538
2024-08-05,2024-08-02,14202948.668603607,0.054979392006176235,780869.4824947566,0.04548863108614442,0.06169011228472154,646072.6923215555,876181.4981402928,0.016201481198577124,230108.80581873737
2024-08-06,2024-08-05,13903494.083264029,0.05519346673532389,767382.0381894057,0.045480473944753005,0.061944313700578846,632337.5003949172,861242.3990278488,0.01646383975582584,228904.89863293164
2024-08-07,2024-08-06,14115026.541712452,0.055001579871816066,776348.7597268011,0.04514967956395322,0.0608197167779168,637288.925395012,858471.9165797298,0.01567003721396358,221182.99118471774
2024-08-08,2024-08-07,13580030.515195964,0.054107075455287625,734775.7357708164,0.04447770878035358,0.059484339567099136,604008.642483201,807799.1464974849,0.015006630786745558,203790.50401428388
2024-08-09,2024-08-08,13963453.964094156,0.05443278967474839,760069.7527605689,0.04467882383181496,0.059694878306165246,623870.6997454211,833546.6851203414,0.015016054474350289,209675.9853749203
2024-08-12,2024-08-09,14060603.036633594,0.054364246730466276,764394.0926626921,0.04451447865118645,0.060277907354956486,625900.4136970334,847543.7271970196,0.015763428703770038,221643.3134999862
2024-08-13,2024-08-12,13852028.823073657,0.05421624417734609,751004.9770233975,0.04443660123653034,0.06026858205362299,615537.0811278488,834842.1357325654,0.015831980817092646,219305.0546047166
2024-08-14,2024-08-13,14698781.338620756,0.05516033984659372,810789.7739690907,0.04540539886634782,0.06261957722531677,667404.0295293054,920431.4731518074,0.017214178358968955,253027.44362250203
2024-08-15,2024-08-14,14484239.602382386,0.054785751499530216,793529.9515157758,0.04554928020342591,0.06114714417620244,659746.6881824736,885669.8872495369,0.01559786397277653,225923.19906706328
2024-08-16,2024-08-15,15096281.401103936,0.055697078518971654,840818.7705417774,0.04595676261751764,0.06183834834863158,693776.2207577801,933529.1080504332,0.015881585731113944,239752.8872926531
2024-08-19,2024-08-16,15259312.658769106,0.055606292509107556,848513.8031914426,0.04562314901150868,0.059579304172415276,696177.8952442236,909139.2303587914,0.013956155160906598,212961.33511456777
2024-08-20,2024-08-19,15360275.207058515,0.05418183089619129,832247.8337878041,0.04519937936343801,0.05926580629625833,694274.9062106491,910339.0950787492,0.014066426932820321,216064.18886810017
2024-08-21,2024-08-20,15210709.887121037,0.054119351624215384,823193.7568350328,0.045172734197336986,0.0592199115475416,687109.3546837242,900776.8940906243,0.014047177350204616,213667.53940690006
2024-08-22,2024-08-21,15592644.824061785,0.05380311211247523,838932.8175990029,0.045142248825717185,0.0586342161154476,703887.0524988283,914262.506425454,0.013491967289730414,210375.45392662578
2024-08-23,2024-08-22,15300949.775916917,0.05358543322151099,819908.0224430895,0.04505651587459501,0.058970334849405025,689407.4864749815,902302.1317997493,0.013913818974810012,212894.6453247678
2024-08-26,2024-08-23,15978565.569785953,0.052784799673586416,843425.3826724167,0.04485901984805227,0.05870996830001911,716782.7900384326,938101.07808191,0.01385094845196684,221318.28804347746
2024-08-27,2024-08-26,15699957.510709936,0.05289881683565217,830509.1766865664,0.044837804791629174,0.058712148673829595,703951.6301020844,921778.2395416093,0.013874343882200421,217826.60943952494
2024-08-28,2024-08-27,15644150.434816984,0.053150591117308646,831495.8431386237,0.04541480733925006,0.05873681017286136,710476.0779834584,918887.4944055317,0.013322002833611298,208411.41642207326
2024-08-29,2024-08-28,15233110.10771658,0.053075870777900526,808510.5836226956,0.04514020261930979,0.05852413905942656,687625.6767845824,891504.6542515614,0.013383936440116768,203878.97746697895
2024-08-30,2024-08-29,15075417.089963622,0.0526807390178661,794184.113301852,0.04501245032525532,0.05824937970503287,678581.4628944927,878133.6942850327,0.013236929379777551,199552.23139054002
2024-09-03,2024-08-30,15193312.207655957,0.052716537062800876,800938.8061016003,0.0448503952467674,0.05833598187875319,681426.0576209058,886316.7856240575,0.013485586631985791,204890.72800315171
2024-09-04,2024-09-03,14822223.523579068,0.05205730030999858,771604.9412288809,0.043915790717291035,0.05850079290715006,650929.6662264065,867111.8287763871,0.014585002189859024,216182.16254998068
2024-09-05,2024-09-04,14688560.30063105,0.05250157289782766,771172.5193877185,0.04489125802755133,0.05853661731987995,659387.9505088754,859818.6332980206,0.013645359292328615,200430.68278914515
2024-09-06,2024-09-05,14672963.000279758,0.0520648250539335,763945.2516324047,0.04447996427633717,0.0587287329902964,652652.8700804607,861724.5262199283,0.014248768713959227,209071.6561394676
2024-09-09,2024-09-06,14323257.627840701,0.051593646761506386,738989.094524865,0.044110297505741684,0.058617039462868475,631803.1552154373,839586.9576079703,0.014506741957126791,207783.80239253305
2024-09-10,2024-09-09,14438598.299397586,0.05181668679621029,748160.3258561792,0.04419995188928245,0.05874724904774679,638185.3501820486,848227.9301950833,0.01454729715846434,210042.58001303463
2024-09-11,2024-09-10,14262799.329773609,0.05108575931419392,728625.933707461,0.04386979893720819,0.056148148846645596,625706.1388789159,800829.7797379657,0.012278349909437408,175123.64085904974
2024-09-12,2024-09-11,14489752.70384316,0.051325507196963764,743693.9066833273,0.04339048481309795,0.058028740457605116,628717.3946416515,840822.0989461967,0.014638255644507166,212104.7043045452
2024-09-13,2024-09-12,14820913.880025208,0.05207677780389217,771825.4389806942,0.04438920847400856,0.05734374370896512,657888.635995766,849886.6870688093,0.012954535234956557,191998.05107304326
2024-09-16,2024-09-13,15261595.96196956,0.051292334344034636,782802.8827049116,0.04387712257199809,0.05686870465725699,669634.9166676495,867907.1933596329,0.012991582085258899,198272.27669198334
2024-09-17,2024-09-16,15638392.023314614,0.052455407043633426,820318.2190908781,0.0443801201545572,0.05791316516468947,694033.7170187715,905668.7801563817,0.01353304501013227,211635.0631376102
2024-09-18,2024-09-17,15903762.031204669,0.05118318657864948,814005.21934559,0.04443627034405371,0.05922336711602425,706703.8691061074,941874.3372999217,0.014787096771970543,235170.46819381427
2024-09-19,2024-09-18,16040998.596066829,0.05166342987202471,828733.0060451454,0.04479108542829106,0.05851653055609551,718493.7384715262,938663.5844970298,0.01372544512780445,220169.8460255036
2024-09-20,2024-09-19,16584410.875167845,0.050010991080435545,829402.8243522973,0.0450130935846821,0.05837803579283931,746515.6387707498,968165.331673702,0.013364942208157211,221649.6929029522
2024-09-23,2024-09-20,16653578.610529777,0.05038807377411787,839141.7476304458,0.04344580126725209,0.058695751947595805,723528.0667016369,977494.3191634429,0.015249950680343717,253966.25246180606
2024-09-24,2024-09-23,16802876.748212036,0.050399284088668415,846852.9587400194,0.044821426330195244,0.05888509554414562,753128.9023053363,989439.0027349687,0.014063669213950379,236310.10042963235
2024-09-25,2024-09-24,16784990.95658808,0.05014617914418686,841703.1634426222,0.04333608261474982,0.058255693957468005,727395.7547825295,977821.2962458632,0.014919611342718186,250425.54146333365
2024-09-26,2024-09-25,16659293.673722614,0.04984081089776426,830312.7056823293,0.043275677128191546,0.0586104092394417,720942.2142077439,976408.0198569245,0.015334732111250152,255465.80564918066
2024-09-27,2024-09-26,16910913.03708899,0.04826672543696791,816234.3964496154,0.04206955258455586,0.05758029524107665,711434.5452666664,973735.3654717562,0.01551074265652079,262300.82020508975
2024-09-30,2024-09-27,16826406.999419987,0.048412811553031176,814613.6711775246,0.042700904073052756,0.05694583608613338,718502.7911763763,958193.814907538,0.014244932013080622,239691.02373116172
2024-10-01,2024-09-30,16834338.441578493,0.04913726928649268,827193.4212637979,0.04297057200942611,0.05810172443155903,723381.1522348988,978104.0931201945,0.01513115242213292,254722.94088529574
2024-10-02,2024-10-01,16624954.370540937,0.04982285153894963,828302.6334452729,0.043326307677062276,0.05815380767847532,720297.8881751779,966804.3991278654,0.014827500001413044,246506.5109526876
2024-10-03,2024-10-02,16524952.545698699,0.05024328924549061,830267.9705215461,0.043352801475239636,0.058644000211308944,716402.9871014315,969089.3205818248,0.015291198736069309,252686.33348039328
2024-10-04,2024-10-03,16508953.865964074,0.05044832318119369,832849.0400135726,0.04333721515860523,0.05870038298275459,715452.0857327727,969081.9145767181,0.015363167824149357,253629.8288439454
2024-10-07,2024-10-04,16874303.296317454,0.05007277754001237,844943.2350992013,0.043444362095913965,0.05897182629587157,733093.3425214901,995108.482854286,0.015527464199957604,262015.1403327959
2024-10-08,2024-10-07,16664498.058303207,0.05062151641384981,843582.161986964,0.04287032491141473,0.059355026262582246,714412.4462450984,989121.7199033377,0.016484701351167516,274709.2736582393
2024-10-09,2024-10-08,16976549.342038408,0.05187428582234243,880646.3728459997,0.04351508639078443,0.05937363259739485,738736.0112362158,1007959.4034057338,0.015858546206610424,269223.39216951793
2024-10-10,2024-10-09,16868298.350670557,0.0517465367450187,872876.0204289124,0.0434233323220005,0.05952765932504861,732477.7249878205,1004130.3176119963,0.016104327003048112,271652.5926241758
2024-10-11,2024-10-10,16939986.860068027,0.05180796654026791,877626.2724389824,0.043539086813985516,0.05880304229116862,737551.5585282757,996122.7637444208,0.015263955477183101,258571.20521614514
2024-10-14,2024-10-11,17127806.403318603,0.051309411695173564,878817.6701831041,0.0433508759711473,0.05950708197121079,742505.4110480873,1019225.7796293091,0.01615620600006349,276720.3685812218
2024-10-15,2024-10-14,16963706.159963716,0.051058419349159036,866140.0228313397,0.043345197501163286,0.059387156752749914,735295.1938553276,1007426.2768293545,0.016041959251586628,272131.0829740269
2024-10-16,2024-10-15,17199889.007822674,0.051028119874212574,877677.9981143266,0.04327858108382442,0.05943664455277704,744386.7910578339,1022303.6893051732,0.01615806346895262,277916.8982473393
2024-10-17,2024-10-16,17384969.762084424,0.050407755172726575,876337.2994524062,0.04270988797149799,0.058395864804560854,742510.1109265058,1015210.3438580605,0.015685976833062866,272700.2329315548
2024-10-18,2024-10-17,17315971.735432774,0.05013034540146462,868055.6440592436,0.04254658179059337,0.058522786638670735,736735.4077251935,1013378.9193139853,0.015976204848077366,276643.51158879173
2024-10-21,2024-10-18,17451693.602077466,0.04935642010534686,861353.1209739294,0.04245464462703309,0.05853635386716312,740905.4500160658,1021558.5122725131,0.016081709240130027,280653.0622564473
2024-10-22,2024-10-21,17110194.419347093,0.050141950372071066,857938.5194313892,0.04257412133327444,0.05934589332569967,728451.4932451984,1015419.7727925543,0.01677177199242523,286968.27954735595
2024-10-23,2024-10-22,17191484.838732194,0.05128559176264024,881675.4732328384,0.0433340233369628,0.05791899901935882,744976.205198663,995713.593515852,0.014584975682396022,250737.38831718895
2024-10-24,2024-10-23,16907691.00433595,0.052061710712114594,880243.3178775605,0.04316522406903046,0.05950721584773752,729824.2706920919,1006129.6180818694,0.016341991778707064,276305.34738977754
2024-10-25,2024-10-24,17017753.492238887,0.05229228447681984,889897.2067725502,0.04334358705669477,0.05958707873959034,737610.4800002276,1014038.2173129771,0.016243491682895572,276427.7373127495
2024-10-28,2024-10-25,17052738.98225808,0.05262738167728685,897441.0030624442,0.043868339777487976,0.05841945875436547,748075.3478105121,996211.7816229862,0.014551118976877497,248136.43381247413
2024-10-29,2024-10-28,17215134.558149315,0.05272172974984395,907611.6717819475,0.043860693579009256,0.05860774374343472,755067.7417764,1008940.1946927623,0.014747050164425464,253872.45291636232
2024-10-30,2024-10-29,17203890.20881316,0.0533770233211369,918292.4488900988,0.04412922256027446,0.05926833070750989,759194.2999272427,1019645.8543516299,0.01513910814723543,260451.55442438717
2024-10-31,2024-10-30,17206639.419288173,0.0508361983337412,874720.134176103,0.04412545586756022,0.05901722956915089,759250.8083248223,1015488.1887217313,0.014891773701590671,256237.38039690896
2024-11-01,2024-10-31,17978774.300285697,0.054098722730672295,972628.7259084927,0.04542947336801298,0.062039931533203835,816766.2482643452,1115401.9266406493,0.016610458165190856,298635.6783763041
2024-11-04,2024-11-01,17439670.853123903,0.050915888766864675,887956.3412883886,0.044403074940198975,0.06042695778721181,774375.0118236644,1053826.2544645863,0.016023882847012838,279451.24264092185
2024-11-05,2024-11-04,17561447.548693478,0.050381207893966995,884766.9398697232,0.044118598010459475,0.059986432693848506,774786.4448825765,1053448.591386252,0.01586783468338903,278662.1465036756
2024-11-06,2024-11-05,18076378.035824183,0.05085157668321289,919212.3238434587,0.04433049745480244,0.05987358890156508,801334.8305091508,1082297.6273462176,0.015543091446762636,280962.7968370669
2024-11-07,2024-11-06,18230494.219671343,0.05068723658799946,924053.3736286379,0.04453980610998988,0.06019310136183827,811982.6778334528,1097349.9864410837,0.015653295251848387,285367.3086076309
2024-11-08,2024-11-07,18442369.465770993,0.05059972920912056,933178.9009425656,0.04467665448004279,0.060187052696256814,823943.3684155421,1109991.8628801964,0.01551039821621402,286048.49446465436
2024-11-11,2024-11-08,18653167.347684637,0.050548981865937155,942898.6180004018,0.04459295696901854,0.059907951874754284,831799.8888712027,1117473.0517768292,0.015314994905735742,285673.16290562646
2024-11-12,2024-11-11,19078353.465510592,0.04933424925373464,941216.2452183516,0.04433809172786555,0.05709226733442754,845897.7859704501,1089226.456353633,0.012754175606561995,243328.67038318282
2024-11-13,2024-11-12,18891029.592538577,0.04907212066424947,927022.8836369605,0.04412414091889932,0.056971421466223617,833550.4518442693,1076248.8088474178,0.0128472805473243,242698.35700314853
2024-11-14,2024-11-13,18628911.61337234,0.04839328681248304,901514.2627103239,0.043225498834761976,0.056205565111646864,805243.9972367099,1047048.5046445136,0.012980066276884888,241804.50740780367
2024-11-15,2024-11-14,18773230.210045762,0.04829505076228255,906654.1059661764,0.04293060659222409,0.05571744149272989,805946.1606127311,1045996.355857774,0.012786834900505799,240050.1952450429
2024-11-18,2024-11-15,18537999.660558436,0.0481927469343605,893397.1263105535,0.04320751514677941,0.056135914023086396,800980.9011245702,1040647.5551051132,0.012928398876306986,239666.65398054302
2024-11-19,2024-11-18,18966959.38250939,0.046568636006559666,883265.4276352816,0.0430757419271496,0.05582883097844354,817015.8475037033,1058903.1695411205,0.012753089051293937,241887.3220374172
2024-11-20,2024-11-19,19163280.988177076,0.0467238808615179,895382.8578073768,0.04318696327607599,0.05610582779205386,827603.9122855286,1075171.7430534028,0.012918864515977867,247567.83076787414
2024-11-21,2024-11-20,19004955.475062978,0.04649013360317301,883542.9191580322,0.043153010554449214,0.05581115539455692,820121.04420223,1060688.5232853752,0.012658144840107709,240567.47908314515
2024-11-22,2024-11-21,19257968.177698772,0.04656893097206783,896822.990729533,0.043060868494737295,0.05593201524316609,829264.8351757225,1077136.9696674552,0.012871146748428798,247872.1344917327
2024-11-25,2024-11-22,19829851.101055708,0.04688724641141661,929767.1148769,0.043321790067766555,0.0562291109318281,859064.6464750048,1115014.897322895,0.012907320864061544,255950.25084789016
2024-11-26,2024-11-25,20382709.29444621,0.04631646509943454,944055.043668138,0.042681814869956376,0.05578079448907756,869971.0246536924,1136963.7182841152,0.013098979619121182,266992.6936304228
2024-11-27,2024-11-26,20060935.862999946,0.04614753064261602,925762.6524573447,0.04298881035104304,0.055755424388057216,862395.7672789425,1118505.9926631588,0.012766614037014179,256110.2253842163
2024-11-29,2024-11-27,20103491.198197052,0.046000677604419046,924774.2173315386,0.042978609864943076,0.05627083182103012,864020.1051306281,1131240.1722293056,0.013292221956087043,267220.0670986775
2024-12-02,2024-11-29,20195684.673507847,0.04651176849025295,939337.0100363467,0.043169166826278235,0.05573925855206807,871830.8808415708,1125692.4896526923,0.012570091725789836,253861.60881112155
2024-12-03,2024-12-02,20265321.59297948,0.045962159549262964,931437.9443736468,0.04260230602962921,0.05484547364708783,863349.4322929647,1111461.161377516,0.012243167617458625,248111.72908455145
2024-12-04,2024-12-03,20172935.56181203,0.046128740081009624,930552.1012017829,0.042823302373699815,0.0552615894150305,863871.7193286384,1114788.482312724,0.012438287041330688,250916.7629840856
2024-12-05,2024-12-04,20523470.861581624,0.04594592303348992,942969.8125863023,0.04270978388108257,0.05472572029363583,876553.0049878466,1123161.7258255011,0.01201593641255326,246608.72083765455
2024-12-06,2024-12-05,20331883.294422995,0.04582569985136235,931722.7812631566,0.04254222923114209,0.05437841793143801,864963.6398121716,1105615.6471173563,0.011836188700295916,240652.00730518473
2024-12-09,2024-12-06,20394658.098350234,0.04539125801752152,925739.1879213504,0.04205225716674801,0.054405261375045234,857641.407179724,1109576.7044954274,0.012353004208297227,251935.29731570347
2024-12-10,2024-12-09,20210060.007356748,0.044962249825807585,908689.7670453368,0.041261720107168304,0.05361355797125803,833901.8393726299,1083533.2238070245,0.012351837864089728,249631.38443439465
2024-12-11,2024-12-10,19882743.47729669,0.044775859670854054,890266.9318110254,0.04071764146902381,0.05290523891743102,809578.4203291385,1051901.2940003746,0.012187597448407209,242322.8736712361
2024-12-12,2024-12-11,20478770.258867476,0.045281023494790275,927299.6772361905,0.04173726305693466,0.05403679694527806,854727.8213768818,1106607.1501674212,0.0122995338883434,251879.3287905394
2024-12-13,2024-12-12,20192600.498642705,0.045211063734431324,912928.948108045,0.041839576670288495,0.05411664168264725,844849.8567354672,1092755.7258258916,0.012277065012358757,247905.86909042438
2024-12-16,2024-12-13,20381040.38922955,0.04536680565908469,924622.6984681329,0.04110288803891235,0.05377300873104876,837719.6212350528,1095949.862797898,0.01267012069213641,258230.24156284519
2024-12-17,2024-12-16,20571816.429098587,0.04493770641746847,924450.2471648869,0.04166169543430394,0.053484101627393074,857056.7505995154,1100265.1205539834,0.011822406193089136,243208.36995446798
2024-12-18,2024-12-17,20724827.72771772,0.04474036867983255,927236.433364107,0.04004483613444001,0.0515029175429293,829922.3302709548,1067389.0935520607,0.011458081408489293,237466.7632811059
2024-12-19,2024-12-18,19497668.761500977,0.04460042493617907,869604.3120278079,0.040829717799084876,0.05265348995392998,796084.3132721176,1026620.3062587461,0.011823772154845105,230535.99298662844
2024-12-20,2024-12-19,19197150.177391887,0.043942959911293024,843579.6006562035,0.04004732116098267,0.05188618478682243,768794.4385296283,996066.8814845365,0.01183886362583976,227272.44295490813
2024-12-23,2024-12-20,19599733.579137903,0.04388386074323313,860111.978991358,0.03994364002985313,0.05120988756238988,782884.7027661093,1003700.1528404494,0.011266247532536751,220815.4500743401
2024-12-24,2024-12-23,19572787.202182118,0.04382760853992816,857828.4555325536,0.03961038188611855,0.05089402508847318,775285.5756541674,996137.9229192035,0.011283643202354636,220852.34726503608
2024-12-26,2024-12-24,19731274.965724308,0.043815544189352254,864536.5501729533,0.03962980460314215,0.05087777363931636,781946.5714625247,1003883.341321231,0.011247969036174206,221936.76985870628
2024-12-27,2024-12-26,19831016.440159142,0.04430506494122626,878614.4712317764,0.03948698542920138,0.05106213783138346,783067.0572188171,1012614.0948038375,0.011575152402182085,229547.03758502041
2024-12-30,2024-12-27,19399267.49227902,0.044311116657196184,859603.2049145293,0.03887181017213292,0.05001177874274706,754084.6434382991,970191.8735952239,0.01113996857061414,216107.2301569248
2024-12-31,2024-12-30,19095394.929699335,0.04443018753833412,848411.977845096,0.03800033106415076,0.05017956413657343,725631.3291292805,958198.5945880469,0.01217923307242267,232567.26545876637
2025-01-02,2024-12-31,18772625.764101733,0.04437011845190175,832943.6288064165,0.038212367330574565,0.04938030334313284,717346.4714572635,926997.9547784545,0.011167936012558277,209651.48332119104
2025-01-03,2025-01-02,18656821.270839844,0.044259170092538574,825735.4260121924,0.036823711107635916,0.04900706032144426,687013.3966642031,914315.9654264526,0.012183349213808342,227302.56876224943
2025-01-06,2025-01-03,18175867.62042345,0.04317153024792411,784680.0187573754,0.036768643307638335,0.0470722660613268,668301.9933422031,855579.2765240275,0.010303622753688464,187277.28318182437
2025-01-07,2025-01-06,18670339.613698263,0.04421239750104824,825460.476480395,0.037725663890509215,0.047800796146899735,704350.9569880404,892457.0978677775,0.01007513225639052,188106.1408797371
2025-01-08,2025-01-07,18886019.08174717,0.044634122916162366,842960.8970916911,0.03719749585210116,0.04842541621120284,702512.6164559937,914563.3346063256,0.011227920359101681,212050.71815033187
2025-01-10,2025-01-08,19025755.02227408,0.04438361089028989,844431.7078025914,0.03615743627690574,0.04804248759909357,687922.5248378945,914044.5997209947,0.011885051322187826,226122.07488310023
2025-01-13,2025-01-10,18832454.379897695,0.044240929184150096,833165.2805847912,0.0378986441243407,0.048015340467418545,713724.4865316241,904246.7088879154,0.010116696343077845,190522.22235629125
2025-01-14,2025-01-13,18732188.520343095,0.04437221017698879,831188.6060996404,0.036094724614004696,0.04807795686514207,676133.1860594042,900605.3516707647,0.011983232251137371,224472.16561136057
2025-01-15,2025-01-14,18559333.42627941,0.04301166714019101,798267.8716749507,0.037390720339165066,0.048023507836435435,693946.8458233316,891284.2942359474,0.010632787497270368,197337.4484126158
2025-01-16,2025-01-15,19285629.473445404,0.04351226205722163,839161.3635870337,0.0381366644695715,0.05010678978957981,735489.5803132663,966340.9819856536,0.01197012532000831,230851.40167238738
2025-01-17,2025-01-16,19884863.432116967,0.044099166415716394,876905.9016467195,0.0383056266286493,0.051683184252450866,761702.1541923544,1027713.0605969237,0.013377557623801564,266010.9064045693
2025-01-21,2025-01-17,19946988.506261766,0.04398191484026936,877306.7498022367,0.03771978306910823,0.05251722581283588,752396.0793381891,1047560.4996693911,0.01479744274372765,295164.420331202
2025-01-22,2025-01-21,20451927.25163198,0.043479271847423756,889234.904777441,0.03907847143428437,0.05082616347579286,799230.0548789623,1039492.9978864698,0.011747692041508488,240262.94300750748
2025-01-23,2025-01-22,20393892.630743302,0.043676178643912475,890727.2977851146,0.03949851587409621,0.05116718803786449,805528.4918100281,1043498.1390612616,0.011668672163768282,237969.64725123346
2025-01-24,2025-01-23,20874862.063491903,0.04398413432901434,918162.7371002733,0.03804505133718993,0.051766409047134816,794185.198862308,1080616.6483812386,0.013721357709944884,286431.4495189305
2025-01-27,2025-01-24,20670016.211232558,0.04382228695336529,905807.3817393456,0.038041600354632624,0.05166866311732711,786320.4960314865,1067992.104247865,0.013627062762694486,281671.6082163785
2025-01-28,2025-01-27,20627800.01732055,0.044001651328501167,907657.2640361892,0.03774415550246963,0.05200230690964573,778578.8915275926,1072693.187371499,0.014258151407176102,294114.29584390635
2025-01-29,2025-01-28,20974006.603719197,0.0439519350923618,921848.176873434,0.038241451617083644,0.0527025916880294,802076.4587525205,1105384.506097845,0.014461140070945754,303308.04734532454
2025-01-30,2025-01-29,20855547.877938155,0.044105526501930906,919844.9196426901,0.03853600670474832,0.05220530741093032,803689.5328554243,1088770.288191137,0.013669300706181997,285080.7553357126
2025-01-31,2025-01-30,21118255.64568433,0.04370143770658104,922898.1335715272,0.038118007167506074,0.051520147150842806,804985.820067421,1088015.6384347735,0.013402139983336732,283029.8183673526
2025-02-03,2025-01-31,20885933.48217413,0.04420610908895021,923285.8539375472,0.038815663914755556,0.05250145664758676,810701.3745900112,1096541.9312587457,0.0136857927328312,285840.5566687345
2025-02-04,2025-02-03,20682280.92184764,0.04444902925996699,919307.3098580629,0.039168721872559646,0.054228075817818695,810098.5091179968,1121560.297915379,0.01505935394525905,311461.78879738227
2025-02-05,2025-02-04,21076142.24342612,0.04450917360972915,938081.6741359996,0.03959341756461563,0.053600132612860917,834476.5004952053,1129684.01921516,0.014006715048245286,295207.51871995477
2025-02-06,2025-02-05,21219669.839568537,0.044414601145039936,942463.1723538701,0.039851899901482586,0.053180595385077536,845644.1583889944,1128474.6759430275,0.01332869548359495,282830.5175540331
2025-02-07,2025-02-06,21395698.018929765,0.04433625613626899,948605.147581533,0.03978021170679801,0.053976309609819806,851125.3968077449,1154860.8205879612,0.014196097903021794,303735.42378021637
2025-02-10,2025-02-07,21241046.555414952,0.043922814410352534,932966.545735149,0.03755226070614914,0.053173056279914206,797649.3179203935,1129451.363935357,0.015620795573765063,331802.0460149634
2025-02-11,2025-02-10,21629920.99857034,0.04367978130138444,944790.2187837755,0.03659446020746184,0.05424386298063963,791535.2832727256,1173290.4709285095,0.017649402773177787,381755.18765578384
2025-02-12,2025-02-11,21721631.464069985,0.043564229194630426,946286.1315820405,0.036687564888632354,0.052568800772649485,796913.7638250258,1141880.1168916095,0.01588123588401713,344966.35306658375
2025-02-13,2025-02-12,21793001.739644513,0.0435961554374947,950091.0912911345,0.037476502859420495,0.05222581536016899,816725.4920111434,1138157.2849985159,0.014749312500748492,321431.7929873725
2025-02-14,2025-02-13,22155727.82965422,0.04363523975198079,966770.4957265949,0.036615417807325704,0.05380802882728035,811241.2313081828,1192156.0417474117,0.017192611019954646,380914.8104392289
2025-02-18,2025-02-14,23132170.014385156,0.044076482369676616,1019584.6838114094,0.035750752275957705,0.04875162946810549,826992.4797896207,1127730.9813345256,0.013000877192147785,300738.5015449049
2025-02-19,2025-02-18,23118718.468919724,0.0438333871014952,1013371.7359386447,0.03566038152687591,0.04808563943155629,824422.3210141099,1111678.360416135,0.012425257904680381,287256.03940202517
2025-02-20,2025-02-19,22783064.82431398,0.04335218364490986,987695.6102575456,0.035692921790628544,0.04744032400281281,813194.1509250591,1080835.9770425428,0.011747402212184267,267641.82611748367
2025-02-21,2025-02-20,21584333.287564486,0.042695000769111056,921543.1263133151,0.035194236584926514,0.047198189310436074,759644.1322504493,1018741.4486460156,0.01200395272550956,259097.31639556633
2025-02-24,2025-02-21,20089636.52001195,0.042066893975073696,845108.6094851112,0.034533371080533934,0.04815237821051666,693762.872818619,967363.7758234232,0.013619007129982728,273600.90300480416
2025-02-25,2025-02-24,19780046.93905622,0.041670008683511436,824234.7277107366,0.03430652397117777,0.046291640329121836,678584.6544657537,915650.8185959379,0.011985116357944067,237066.16413018422
2025-02-26,2025-02-25,19634766.772005085,0.04217564407050492,828108.9347834632,0.03478870161224662,0.04632819528330365,683068.0424573397,909643.3093555731,0.011539493671057027,226575.26689823344
2025-02-27,2025-02-26,20070311.447294954,0.042642311956013486,855844.4817899,0.034931914748433206,0.046540604069940684,701094.4084514104,934084.4186289527,0.011608689321507479,232990.01017754234
2025-02-28,2025-02-27,19122678.73791581,0.04294218702311931,821169.6467466078,0.035560449806947766,0.047089256380038316,680011.0574340425,900472.7217628252,0.01152880657309055,220461.6643287827
2025-03-03,2025-02-28,19517085.53920162,0.04346232409026195,848257.8970021456,0.0372209543104558,0.04754424550510074,726444.5491278812,927925.1064198533,0.010323291194644937,201480.5572919721
2025-03-04,2025-03-03,18504407.313604474,0.043600410940387906,806799.7630814745,0.037157698025214285,0.05174720393712025,687581.1790944817,957551.3389926301,0.014589505911905963,269970.1598981484
2025-03-05,2025-03-04,18191128.620315347,0.04319601381150338,785784.2431299761,0.03600991179565397,0.051706113302080414,655060.9370809522,940592.5575347431,0.015696201506426442,285531.6204537909
2025-03-06,2025-03-05,18514275.17247059,0.04328508356037108,801391.947900093,0.03562465419569977,0.051648896758217135,659564.6507032944,956241.8869361562,0.016024242562517367,296677.23623286176
2025-03-07,2025-03-06,17185774.994112987,0.04284601724997624,736342.0118519753,0.035750486548176516,0.049208688794351495,614399.8177470247,845689.4533750538,0.013458202246174979,231289.63562802912
2025-03-10,2025-03-07,17118257.202557277,0.042968010181886285,735537.4497756293,0.03428514819787466,0.050799589726381524,586901.9850790115,869600.4427205852,0.01651444152850686,282698.4576415736
2025-03-11,2025-03-10,16061866.421539605,0.042394202959801515,680930.0249879708,0.03500184355165775,0.048347030734423854,562194.9356343541,776543.5495343858,0.013345187182766102,214348.61390003166
2025-03-12,2025-03-11,16006271.998771654,0.04263986801659451,682505.3254653357,0.035127497965592384,0.04887185746676257,562260.2870735696,782256.2436982011,0.013744359501170186,219995.95662463154
2025-03-13,2025-03-12,16178676.057429036,0.04304961084872308,696485.7083198734,0.036184703201825916,0.05004791690547573,585420.5913365567,809709.034962818,0.013863213703649811,224288.44362626132
2025-03-14,2025-03-13,15374892.753732244,0.04288279798495261,659318.4199986116,0.03762853148171497,0.04911886853768526,578534.6360118052,755197.3359515838,0.011490337055970287,176662.69993977866
2025-03-17,2025-03-14,16094188.285626119,0.043301325813034475,696899.6906522193,0.036959395041338224,0.05041299101886017,594831.4627181337,811356.169499114,0.013453595977521944,216524.70678098034
2025-03-18,2025-03-17,16421219.490691818,0.04338452002228568,712426.7257842671,0.03880012340296289,0.050730208353184994,637145.342665982,833051.8861761783,0.011930084950222103,195906.54351019638
2025-03-19,2025-03-18,15547192.825771082,0.04405308967987363,684901.8798239814,0.03758388368380309,0.050190701262953365,584323.8867734382,780324.5105958082,0.012606817579150276,196000.62382236996
2025-03-20,2025-03-19,16185452.580621678,0.044315571791200645,717267.5858096137,0.03555052768477551,0.05030076767041615,575401.3800580122,814140.6898983886,0.014750239985640637,238739.30984037637
2025-03-21,2025-03-20,16366656.606310077,0.04481008846434003,733391.3303942297,0.0396816701168048,0.05161648211934074,649456.2683666204,844789.238072994,0.01193481200253594,195332.96970637364
2025-03-24,2025-03-21,16786089.813181084,0.044990522011897245,755214.9432336077,0.03745341951183754,0.0512869019252412,628696.4637364538,860906.5419569087,0.01383348241340366,232210.07822045486
2025-03-25,2025-03-24,18014902.207491558,0.04542022184753079,818240.8548258388,0.03960986931970138,0.05214244904292948,713567.9222459405,939341.1203674864,0.012532579723228097,225773.19812154584
2025-03-26,2025-03-25,18129781.13549031,0.045585342541370144,826452.2832613963,0.041259750391965846,0.05277387363645449,748030.2443113013,956778.778700942,0.011514123244488646,208748.5343896408
2025-03-27,2025-03-26,17463036.87974926,0.04525624684367316,790311.5076701004,0.03938614804570711,0.0516763312907085,687801.7558734475,902425.6791397833,0.01229018324500139,214623.92326633574
2025-03-28,2025-03-27,17130830.881819863,0.04520879087171785,774464.1507949601,0.04002777444073073,0.052585090431998105,685709.0345197899,900826.2910957633,0.012557315991267373,215117.25657597347
2025-03-31,2025-03-28,16771212.381597137,0.045108427384225575,756523.0158606994,0.04060434249802771,0.053044712377143234,680984.0516495332,889624.1369978035,0.012440369879115523,208640.08534827025
2025-04-01,2025-03-31,16682900.780930502,0.04491427744377803,749300.4342417337,0.04125137578107662,0.05360639154218077,688192.6092325808,894310.1113219138,0.012355015761104149,206117.50208933302
2025-04-02,2025-04-01,16881004.517069936,0.04481708167966387,756557.358276298,0.041276454016451705,0.053776040416086836,696788.0067003508,907793.5811740973,0.01249958639963513,211005.57447374647
2025-04-03,2025-04-02,17497673.71697042,0.045018851610748485,787725.1765975853,0.04044338472073704,0.054457907495529194,707665.1498533636,952886.6966657276,0.014014522774792156,245221.54681236402
2025-04-04,2025-04-03,14657688.769302186,0.04472220661842729,655524.1856893336,0.041144979450935155,0.0523852059929605,603090.3032111415,767846.0455605987,0.011240226542025347,164755.74234945723
2025-04-07,2025-04-04,13971133.046931166,0.04414424408288992,616745.107338259,0.03830463232461337,0.05078795249191285,535159.1145209536,709565.2414457337,0.012483320167299479,174406.12692478008
2025-04-08,2025-04-07,14250128.461014953,0.044381776461428754,632446.0159034093,0.04044128932582057,0.051192186853130574,576293.5680220159,729495.2388573915,0.010750897527310004,153201.67083537567
2025-04-09,2025-04-08,14093322.740442198,0.04475422404006061,630735.7233946311,0.04133310713797369,0.0522069185677002,582520.8187607384,735768.9526585832,0.010873811429726508,153248.13389784482
2025-04-10,2025-04-09,16745702.432925839,0.04520196686812826,756938.6865566486,0.04231236610647171,0.05366840132051865,708550.2920519921,898715.0785642494,0.01135603521404694,190164.7865122573
2025-04-11,2025-04-10,15728246.400017582,0.04509548187244322,709272.8504173132,0.0426410890114019,0.05321813395744489,670669.5547364112,837027.923831836,0.010577044946042988,166358.36909542477
2025-04-14,2025-04-11,15730642.24376019,0.045352580769334856,713425.222913645,0.04250213990280165,0.053574364530492705,668585.9574052172,842759.1618659762,0.011072224627691057,174173.20446075895
2025-04-15,2025-04-14,15785493.374925751,0.04524559573126442,714224.0516604433,0.04284045354880935,0.05289864038309899,676257.6956735444,835031.1373099888,0.010058186834289634,158773.44163644442
2025-04-16,2025-04-15,15934939.177686045,0.04564053334707804,727279.1229228402,0.04322614039812529,0.05698540220081899,688805.9181302441,908058.9180860271,0.013759261802693698,219252.99995578302
2025-04-17,2025-04-16,15669001.367564801,0.045547666669209494,713686.4513292293,0.043079137262737974,0.056724502432454346,675007.0606833531,888816.3061885601,0.013645365169716372,213809.24550520699
2025-04-21,2025-04-17,15908788.965777049,0.045463120074189615,723263.1829860648,0.04302011201297399,0.05352723458101695,684397.8832984932,851553.4788710421,0.01050712256804296,167155.59557254892
2025-04-22,2025-04-21,15185177.192393955,0.04532116176681504,688209.8719942367,0.04286363523167422,0.05317524381987487,650891.8961031133,807475.4996535515,0.010311608588200655,156583.6035504382
2025-04-23,2025-04-22,15985693.50315679,0.04561808732172137,729236.7621252806,0.04382822980008021,0.053650210623934255,700624.648370005,857635.8234140192,0.009821980823854048,157011.17504401424
2025-04-24,2025-04-23,16401019.408696542,0.04565669711719076,748816.3755560251,0.04338775844170674,0.05424372048129606,711603.4683022695,889652.3124136468,0.010855962039589322,178048.84411137737
2025-04-25,2025-04-24,17047974.86805843,0.04611796282922019,786217.8712785986,0.04350674825542622,0.055094122301473404,741701.950849451,939243.212373256,0.011587374046047184,197541.26152380498
2025-04-28,2025-04-25,17121600.447269224,0.04629178434377283,792589.4355252314,0.043647985768514024,0.05543262469598851,747323.3726565904,949095.2517881439,0.011784638927474486,201771.87913155346
2025-04-29,2025-04-28,17376406.877072774,0.04649286797294785,807878.9907799675,0.04361972041324444,0.055439394206845245,757954.0097646923,963337.4707565742,0.011819673793600806,205383.4609918819
2025-04-30,2025-04-29,17471015.809542738,0.04655271789688415,813323.2703536461,0.043631703413650094,0.05558910601240352,762290.1801371606,971198.1499810492,0.011957402598753428,208907.96984388866
2025-05-01,2025-04-30,17443678.101344444,0.046598563832612815,812850.3474810494,0.043689039333525005,0.056050210354512554,762097.5386909862,977721.8269367602,0.01236117102098755,215624.288245774
2025-05-02,2025-05-01,17663141.181736015,0.046798905565399944,826615.6761523905,0.04403191842024598,0.05632490640519002,777741.9915594874,994874.7738829385,0.012292987984944041,217132.78232345113
2025-05-05,2025-05-02,18056238.462416373,0.04690290575527325,846890.0508974551,0.044297628712014474,0.055349953386832754,799848.5473437156,999411.957236283,0.01105232467481828,199563.40989256743
2025-05-06,2025-05-05,17897167.137194198,0.04728504335042746,846268.3239320733,0.043402516743747364,0.055613505468621684,776782.0963377162,995324.2024571858,0.01221098872487432,218542.10611946962
2025-05-07,2025-05-06,17716739.023136478,0.04740733113690212,839903.3135359067,0.04422270455168613,0.05674013189069725,783482.1154394927,1005250.1088458266,0.012517427339011122,221767.99340633384
2025-05-08,2025-05-07,17896268.026548572,0.047303038577872186,846547.8568597676,0.044063889554085446,0.056593495190474574,788579.177752147,1012812.3584879205,0.012529605636389128,224233.18073577352
2025-05-09,2025-05-08,18996732.60521287,0.04804600955669336,912717.196296006,0.04465336362463296,0.05640473732494871,848268.0087004913,1071505.7126293206,0.011751373700315752,223237.7039288293
2025-05-12,2025-05-09,18488945.249760967,0.04731767850455529,874853.967216514,0.04353805184247884,0.05548635003568123,804972.6567968458,1025884.0879187827,0.011948298193202395,220911.43112193688
2025-05-13,2025-05-12,19765785.196477655,0.04654897581945493,920077.0571633786,0.04277469621259984,0.055337201682727155,845475.4571828347,1093783.241834947,0.012562505470127314,248307.78465211217
2025-05-14,2025-05-13,20198447.661153693,0.04690103514047762,947328.1035388674,0.04350911480160163,0.05586148678206746,878816.578103278,1128315.3170418185,0.012352371980465834,249498.73893854057
2025-05-15,2025-05-14,20535298.98451392,0.04719359371104433,969134.5570099711,0.04263787567868113,0.05307291565734591,875581.5251262514,1089868.1910034884,0.010435039978664781,214286.66587723698
2025-05-16,2025-05-15,19956020.974268086,0.047434251159449034,946598.9110366652,0.042399939339054865,0.05285320907287423,846134.0787578734,1054739.7488156545,0.010453269733819368,208605.67005778116
2025-05-19,2025-05-16,20138043.038170375,0.04738660083198321,954273.406987078,0.042429122119801224,0.054101263948171545,854439.4873203437,1089493.581807694,0.01167214182837032,235054.0944873502
2025-05-20,2025-05-19,20170954.75182591,0.047633620804745015,960815.609918145,0.04306777443930415,0.05286293655976793,868718.1294770485,1066295.9013957225,0.009795162120463781,197577.771918674
2025-05-21,2025-05-20,20101972.096335657,0.04754958857890401,955840.5028053691,0.04297593431205069,0.05276781487959085,863901.0323547971,1060737.1422941408,0.009791880567540157,196836.10993934365
2025-05-22,2025-05-21,19422004.938850816,0.04752754438062609,923080.2016919713,0.04273224901264298,0.052806075552250205,829945.9513717549,1025599.8601771329,0.010073826539607228,195653.908805378
2025-05-23,2025-05-22,19805295.930070043,0.047760253225169504,945905.9488195642,0.043455691403501355,0.0532510030857712,860652.8280921452,1054651.8746867715,0.009795311682269846,193999.0465946264
2025-05-27,2025-05-23,19769446.335038777,0.048051225901147555,949946.1317855619,0.04409393469942068,0.053050798032231256,871712.6757409014,1048784.9047291765,0.008956863332810573,177072.22898827516
2025-05-28,2025-05-27,20471564.840738777,0.048086722714126146,984410.4620208596,0.04362762562554739,0.05282546844449342,893125.76684087,1081420.0025038472,0.009197842818946034,188294.2356629772
2025-05-29,2025-05-28,20548584.4621212,0.04832138533946257,992936.0679746517,0.042720835655392954,0.053733775498954375,877852.699757241,1104153.0243089227,0.011012939843561421,226300.32455168176
2025-05-30,2025-05-29,20438665.50461539,0.048328052510148094,987760.899744405,0.04256921909558238,0.05417145868334989,870058.0298872943,1107192.3239260812,0.011602239587767509,237134.2940387869
2025-06-02,2025-05-30,20583287.82314257,0.04861668639227487,1000691.2490196524,0.044520115883589936,0.05526449119342745,916370.3591515928,1137524.928633845,0.01074437530983751,221154.56948225212
2025-06-03,2025-06-02,20497138.516323652,0.04892336139139743,1002788.9151236337,0.04444629095107106,0.054147983856734166,911021.782160926,1109878.7254911372,0.009701692905663105,198856.94333021122
2025-06-04,2025-06-03,20877493.32705522,0.04910773759012535,1025246.4638446207,0.044583806978007574,0.05409388943297088,930798.132678071,1129344.8156713124,0.009510082454963306,198546.68299324135
2025-06-05,2025-06-04,21113883.26313035,0.04928219112338484,1040538.4303304262,0.0446429042424395,0.0539743437195667,942585.0687019742,1139607.992499004,0.009331439477127196,197022.92379702965
2025-06-06,2025-06-05,20972305.262839116,0.049250069273875936,1032887.4870276994,0.04449317738989003,0.05427140669882307,933124.498334425,1138196.5083314092,0.009778229308933038,205072.00999698415
2025-06-09,2025-06-06,21211545.438564003,0.04891530325175954,1037569.177565835,0.04533390118092214,0.05608507098785236,961602.1048065003,1189651.031683918,0.010751169806930222,228048.92687741783
2025-06-10,2025-06-09,21311816.141052708,0.04875498573281984,1039057.2918975044,0.042473585531224524,0.05367290571434564,905189.2456927336,1143867.0983401914,0.011199320183121114,238677.85264745785
2025-06-11,2025-06-10,21377945.009190388,0.048626959458624414,1039544.4652706031,0.04436238970095623,0.05338348850385112,948376.7275033164,1141229.2816340765,0.009021098802894888,192852.55413076014
2025-06-12,2025-06-11,21369538.971559696,0.048724985032124996,1041230.466532658,0.043046209555474266,0.05362337169128337,919877.6526736327,1145906.731143311,0.010577162135809101,226029.07846967818
2025-06-13,2025-06-12,20418963.4458099,0.04814568997367639,983085.0836457944,0.043146334820023786,0.0536593468457726,881003.4335107406,1095668.2417698656,0.010513012025748815,214664.80825912498
2025-06-16,2025-06-13,19537579.332532723,0.04772715621003155,932473.1007696731,0.043355164556679066,0.05352887204334572,847054.9670011281,1045824.58412786,0.010173707486666655,198769.6171267319
2025-06-17,2025-06-16,19746895.997522198,0.04707633695252422,929611.5297458069,0.04183938750449885,0.05249873559405494,826198.0336513686,1036687.0717772197,0.01065934808955609,210489.03812585108
2025-06-18,2025-06-17,19800516.34186236,0.047267947591836,935929.7687384422,0.042140704999887896,0.052562946226894586,834407.7180078811,1040773.4757420586,0.01042224122700669,206365.75773417752
2025-06-20,2025-06-18,20345720.180980437,0.04769754800999879,970440.9651303157,0.04317304603884368,0.05303012837417549,878386.7140668993,1078936.1530624456,0.009857082335331814,200549.4389955463
2025-06-23,2025-06-20,20784363.062687825,0.04796779390505757,996980.0438389009,0.04411602399891804,0.05342063030135644,916923.4596757619,1110313.7752210146,0.009304606302438394,193390.31554525276
2025-06-24,2025-06-23,20851461.03937045,0.04775968791766511,995859.2718676857,0.042938302343315346,0.053080832416358865,895326.3384083488,1106812.909067059,0.01014253007304352,211486.5706587101
2025-06-25,2025-06-24,21148216.19806443,0.04776403938514427,1010124.2314098956,0.043247330210129,0.052166938664000434,914603.8892728913,1103237.6972574478,0.008919608453871436,188633.80798455642
2025-06-26,2025-06-25,21111799.053821184,0.047387540117922934,1000436.2246244788,0.042686635827125896,0.05252199330325487,901191.677865926,1108833.7685244586,0.009835357476128972,207642.0906585327
2025-06-27,2025-06-26,20987346.241705254,0.04686713074690477,983616.7003405605,0.041820962115220545,0.05120826088432136,877711.0120733717,1074725.501614824,0.009387298769100813,197014.48954145226
2025-06-30,2025-06-27,21488911.96069925,0.04700446293082971,1010074.7656805511,0.04231323866217158,0.051619610754307294,909265.4603834607,1109249.2709448736,0.009306372092135716,199983.81056141283
2025-07-01,2025-06-30,22022547.57101815,0.04761717347668589,1048651.4680877386,0.042835785343074716,0.053052927576653884,943353.1204597849,1168360.6213386408,0.010217142233579168,225007.50087885594
2025-07-02,2025-07-01,22245383.167725425,0.04728327904394824,1051834.6597591105,0.04291974096260428,0.05298791105808133,954766.0831726526,1178736.3847443743,0.010068170095477051,223970.30157172168
2025-07-03,2025-07-02,22487272.493502323,0.04745601819177091,1067156.4125349557,0.04305253470113743,0.053228377459941724,968134.079360442,1196961.0283287065,0.010175842758804295,228826.9489682645
2025-07-07,2025-07-03,22678552.870787535,0.04760343694173849,1079577.061514417,0.04269052009466124,0.053310889568768074,968159.2170481926,1209013.8276740224,0.010620369474106835,240854.61062582978
2025-07-08,2025-07-07,22823361.100027878,0.04787231834154475,1092607.2082045635,0.043202348414938654,0.053551250172696914,986022.7982433619,1222219.520049392,0.01034890175775826,236196.72180603014
2025-07-09,2025-07-08,22556418.451497056,0.04736645918362743,1068417.673911656,0.04292988082391342,0.053322998305785914,968344.3559370902,1202775.8628737757,0.010393117481872494,234431.50693668541
2025-07-10,2025-07-09,22772960.85476942,0.04747520085000703,1081150.890529526,0.04298570107190638,0.05349870072259062,978911.6878253438,1218323.8173365807,0.010512999650684245,239412.1295112369
2025-07-11,2025-07-10,22891041.90177051,0.04700017241073183,1075882.9160445007,0.040954658157575916,0.053399348165571014,937494.7959577577,1222366.7163853182,0.012444690007995099,284871.92042756046
2025-07-14,2025-07-11,22566737.322235037,0.04720751836774669,1065319.6666395252,0.04267128910732817,0.05342479745960334,962951.772486224,1205623.370764478,0.01075350835227517,242671.59827825415
2025-07-15,2025-07-14,22701639.642112207,0.047398351655733174,1076020.298918567,0.042840860351017626,0.05319206108830692,972557.7736468548,1207547.0026479627,0.010351200737289297,234989.22900110786
2025-07-16,2025-07-15,22507488.721140373,0.04775524055276291,1074850.5381166565,0.04334996989429471,0.05349642615716917,975698.9584576129,1204070.208353804,0.010146456262874463,228371.24989619106
2025-07-17,2025-07-16,22671224.311288945,0.0478575038017805,1084988.2036685292,0.04308195690480767,0.05341384621832763,976720.7087581783,1210957.2889443985,0.010331889313519957,234236.58018622024
2025-07-18,2025-07-17,22754201.457148537,0.04717778882815746,1073492.9112987064,0.04315536931880356,0.053121573777691736,981965.9674377032,1208738.9914583769,0.009966204458888177,226773.0240206737
2025-07-21,2025-07-18,22792600.509058047,0.04707323561243808,1072921.4539830654,0.04119753856691329,0.05215432746428613,938999.0385121665,1188732.750712068,0.010956788897372838,249733.71219990158
2025-07-22,2025-07-21,22756989.477257002,0.04678382445920755,1064659.000924025,0.040958941224717216,0.05185739200758295,932102.1944504777,1180118.1242345565,0.010898450782865735,248015.92978407873
2025-07-23,2025-07-22,22975632.011338565,0.04649301617565043,1068206.4307489558,0.04067207529291057,0.05167364219677702,934466.6350673685,1187234.5877987253,0.011001566903866444,252767.95273135684
2025-07-24,2025-07-23,23195626.116865233,0.046378255169248754,1075772.6668584663,0.04178639836281184,0.051559561656076,969261.6731941729,1195956.3149237998,0.009773163293264164,226694.64172962692
2025-07-25,2025-07-24,22483654.303743016,0.04608398886203096,1036136.4745114476,0.04077142709215541,0.051272109606239416,916690.6722102845,1152784.3878103085,0.010500682514084009,236093.71560002398
2025-07-28,2025-07-25,22813144.59018894,0.046095289799574425,1051578.5111243527,0.04019190745419425,0.05074854338076092,916903.796108026,1157733.8578867747,0.010556635926566672,240830.06177874864
2025-07-29,2025-07-28,23058564.278627116,0.046149652146507035,1064144.7204565143,0.04025953206868407,0.05106597880493166,928327.0080332014,1177508.1547245267,0.010806446736247588,249181.14669132524
2025-07-30,2025-07-29,22728902.477657594,0.04653409911229736,1057669.0006090596,0.04068404124665122,0.05174300241247356,924703.6058921346,1176061.6557343132,0.011058961165822341,251358.0498421786
2025-07-31,2025-07-30,22679605.181852795,0.046455285364002556,1053587.5306658826,0.040583143110669705,0.051029987175073524,920409.6627886182,1157339.9615656792,0.01044684406440382,236930.29877706093
2025-08-01,2025-07-31,24289199.149186235,0.04815336839045021,1169606.7545397745,0.0427405332449059,0.05368118457346482,1038133.3237279344,1303872.9826691109,0.010940651328558919,265739.6589411765
2025-08-04,2025-08-01,23203829.978793193,0.048023190189185445,1114321.9401891085,0.04348852271348081,0.053647473493217086,1009100.2870724947,1244826.8537284238,0.010158950779736275,235726.56665592908
2025-08-05,2025-08-04,23466331.85607089,0.047256360369584374,1108933.4347427438,0.04213559964844532,0.05128677773783779,988767.9643049618,1203512.5462246502,0.009151178089392469,214744.58191968838
2025-08-06,2025-08-05,23146506.10913301,0.046976330209700365,1087337.914183479,0.04169131540101459,0.052744416452700234,965008.2866273753,1220848.9576450814,0.011053101051685645,255840.67101770616
2025-08-07,2025-08-06,23426341.229472224,0.047027377733396554,1101679.3979098317,0.04181599904351658,0.05112751191491973,979595.8624447035,1197730.5403328165,0.009311512871403152,218134.67788811307
2025-08-08,2025-08-07,23378458.398958918,0.046268139736425365,1081677.7800252384,0.04065609796307297,0.052976011587253215,950476.8948936998,1238497.483035365,0.012319913624180244,288020.5881416651
2025-08-11,2025-08-08,22847692.149251893,0.04615955168663523,1054639.2266837226,0.04068086641124581,0.048964320186087984,929463.912128986,1118721.7139091385,0.008283453774842173,189257.80178015248
2025-08-12,2025-08-11,22714451.50479762,0.04609809635173213,1047092.9740449075,0.04072368613949985,0.04874885216019348,925016.1939122684,1107303.4383072634,0.008025166020693628,182287.24439499504
2025-08-13,2025-08-12,23106808.099878434,0.04600932002647406,1063128.5286576299,0.040376737134707054,0.052532755049182346,932977.5166709113,1213864.2898793763,0.012156017914475292,280886.77320846496
2025-08-14,2025-08-13,23586400.420822266,0.04610401629464126,1087427.7893335233,0.039779925707007766,0.05234806749170874,938265.2564360464,1234702.4811156716,0.012568141784700976,296437.2246796251
2025-08-15,2025-08-14,23282343.976342507,0.04611879033357432,1073753.540319097,0.040000590542256645,0.05224116127851241,931307.5082616521,1216296.6866099108,0.012240570736255764,284989.1783482587
2025-08-18,2025-08-15,23690311.500787724,0.046110493292418245,1092371.9495523712,0.04110033197368667,0.04882643664879161,973679.6672424227,1156713.4936833512,0.007726104675104942,183033.8264409285
2025-08-19,2025-08-18,24133528.89469247,0.04625542687772719,1116306.6810899638,0.04015269856029026,0.04879944816327626,969026.3109046416,1177702.892293475,0.008646749602986004,208676.58138883347
2025-08-20,2025-08-19,23573362.387138657,0.04586459734285096,1081182.7739032225,0.039685399821743045,0.048484034584639873,935518.3114764367,1142931.7172542794,0.008798634762896829,207413.40577784274
2025-08-21,2025-08-20,23249595.82373009,0.04568781593162324,1062223.2544792166,0.03958459420905088,0.047723319564520875,920325.8162067996,1109547.891241821,0.008138725355469993,189222.0750350214
2025-08-22,2025-08-21,23297489.490696985,0.04568913822562382,1064442.217650473,0.03953022156515149,0.04758693209732826,920954.9214790402,1108656.0504320161,0.00805671053217677,187701.12895297597
2025-08-25,2025-08-22,24345195.954836603,0.04580892588209346,1115227.2770801515,0.03960425157569512,0.04761948736909236,964173.265254944,1159305.7512694201,0.008015235793397246,195132.48601447616
2025-08-26,2025-08-25,24316725.488425154,0.045835323481423586,1114564.978770945,0.03993162204708334,0.04784572740205033,971006.2916264712,1163451.4190296791,0.007914105354966991,192445.12740320794
2025-08-27,2025-08-26,24607654.30808197,0.04615369691297961,1135734.2186745922,0.040003391590077354,0.04840152394474077,984389.631399457,1191047.9692165328,0.008398132354663412,206658.33781707578
2025-08-28,2025-08-27,24633958.415945202,0.04590740798631012,1130881.1793185943,0.03981789175152003,0.0480089409337382,980872.2896175518,1182650.2545552761,0.00819104918221817,201777.9649377243
2025-08-29,2025-08-28,24836077.984939143,0.046263561754443794,1149005.427594414,0.04028271066268455,0.04840385937637118,1000464.5434631731,1202162.0262435824,0.008121148713686625,201697.48278040928
2025-09-02,2025-08-29,24513146.762733247,0.04631313451756924,1135280.6634713819,0.04021741826706079,0.04842932559212919,985855.4763986901,1187155.165860056,0.0082119073250684,201299.6894613658
2025-09-03,2025-09-02,24455007.790416483,0.04611173680443121,1127662.8827819997,0.040072601851530054,0.04822106896139768,979975.7904614254,1179246.6171131907,0.008148467109867628,199270.82665176527
2025-09-04,2025-09-03,24429614.548638176,0.046022639339777724,1124315.3395817615,0.03983837817950839,0.04800959930321663,973236.2231682678,1172856.0056121503,0.008171221123708244,199619.78244388255
2025-09-05,2025-09-04,24941590.32852864,0.04613147225456964,1150592.2822253616,0.037870620757681175,0.047831229807715016,944553.5084251567,1192986.9387737357,0.00996060905003384,248433.43034857896
2025-09-08,2025-09-05,24978688.526829716,0.046196191715894855,1153920.2839970489,0.03961261467820911,0.04788524277288675,989471.1637803083,1196110.564255562,0.008272628094677638,206639.40047525358
2025-09-09,2025-09-08,25061712.427347507,0.046040240655045035,1153847.2713826122,0.03989514051063566,0.049032179697509934,999840.5387261728,1228830.3872650207,0.009137039186874273,228989.848538848
2025-09-10,2025-09-09,24947817.322293255,0.04597442313734249,1146961.5099282328,0.04026495761118733,0.04814608182549545,1004522.8069737828,1201139.654166644,0.007881124214308123,196616.84719286114
2025-09-11,2025-09-10,24710405.111034695,0.04590011274243448,1134210.3805077218,0.039608542844930164,0.047734779252316756,978743.1395559991,1179545.7332105609,0.008126236407386592,200802.5936545618
2025-09-12,2025-09-11,24596093.544835977,0.04551156651658656,1119406.747413988,0.03880079549683364,0.04725113080089454,954347.9956541709,1162193.2332780827,0.008450335304060898,207845.23762391182
2025-09-15,2025-09-12,24450126.881803676,0.045974995106878476,1124094.4637534819,0.04046152195623011,0.047665980372188256,989289.3456607115,1165439.2680455665,0.007204458415958147,176149.922384855
2025-09-16,2025-09-15,24607351.09655922,0.04597734518081902,1131380.6753521087,0.039799500597980424,0.04899657497801791,979360.2846822229,1205675.9230129751,0.009197074380037487,226315.63833075226
2025-09-17,2025-09-16,24676552.081718124,0.045789029307012424,1129915.3664658098,0.038767108135222064,0.04912087826851546,956638.5629564057,1212133.9108927578,0.010353770133293395,255495.34793635213
2025-09-18,2025-09-17,25054062.7682316,0.04593910312208237,1150961.173136916,0.03838483536864639,0.047905934478711644,961696.0746743031,1200238.289400432,0.009521099110065254,238542.21472612896
2025-09-19,2025-09-18,25273811.15130586,0.04601537360582493,1162983.8625704036,0.03823126506603722,0.04770416163681535,966249.7733545416,1205665.972340241,0.009472896570778135,239416.19898569945
2025-09-22,2025-09-19,25629512.37266342,0.046018754506582875,1179438.2380010262,0.03816824566077137,0.04849194730745096,978233.5244055968,1242824.963490857,0.01032370164667959,264591.43908526027
2025-09-23,2025-09-22,25428667.444840338,0.04613070981581655,1173042.478900831,0.038853321520535194,0.0484253302388856,987988.1920731479,1231391.6185511926,0.009572008718350407,243403.4264780447
2025-09-24,2025-09-23,25201887.609507393,0.04585519237785687,1155637.4046190889,0.03793588801427395,0.047730450061450005,956055.9861025907,1202897.4379998683,0.009794562047176054,246841.4518972776
2025-09-25,2025-09-24,25055224.279808093,0.04579049309752059,1147291.074441383,0.0378150095939911,0.04783286515335201,947463.5465205419,1198463.1643630518,0.010017855559360904,250999.61784250988
2025-09-26,2025-09-25,24932390.535084516,0.045782966800088476,1141478.8081146146,0.0374742860449839,0.04777368608570705,934323.5346970063,1191112.1987893812,0.010299400040723147,256788.66409237485
2025-09-29,2025-09-26,25054113.15179097,0.04550830843860364,1140170.3089673794,0.03736494865217571,0.047820021298873826,936145.6514424697,1198088.224543039,0.010455072646698114,261942.5731005693
2025-09-30,2025-09-29,25712872.37322133,0.04619910564382738,1187911.7071767026,0.03873763951889783,0.048584795770001375,996055.9809892749,1249254.652913069,0.009847156251103543,253198.67192379397
2025-10-01,2025-09-30,24940310.32442677,0.04617049842463225,1151506.5585437857,0.03804120961117867,0.048617471619590985,948759.5728193623,1212534.8293816105,0.010576262008412315,263775.2565622482
2025-10-02,2025-10-01,25498804.068147,0.046268465105573336,1179790.5262609108,0.03895153248162565,0.04897351082353347,993217.4949030362,1248765.9570185563,0.010021978341907815,255548.46211552015
2025-10-03,2025-10-02,25407556.539806105,0.0463324980336742,1177195.5634210324,0.03882252053808836,0.04994992330045956,986385.3855892636,1269105.5004154046,0.011127402762371202,282720.1148261409
2025-10-06,2025-10-03,24797792.813589483,0.04597630696981462,1140110.9345714531,0.038244974490244533,0.04840023692537575,948390.953570099,1200219.0474041111,0.010155262435131214,251828.09383401216
2025-10-07,2025-10-06,24524202.049318325,0.04606423217199449,1129688.5370327025,0.037551959137739205,0.048334539203207585,920931.8332416618,1185366.0053801604,0.01078258006546838,264434.17213849863
2025-10-08,2025-10-07,24209041.711674936,0.045991144436979596,1113401.5340425058,0.038246578554791445,0.04863409826217316,925913.0155617982,1177384.9134386475,0.010387519707381714,251471.89787684928
2025-10-09,2025-10-08,23999134.112286508,0.04589243204730638,1101378.631442301,0.03839518721284676,0.048321422907477055,921451.2471874574,1159672.3088530554,0.009926235694630296,238221.06166559795
2025-10-10,2025-10-09,23798168.840000194,0.045832263557406314,1090723.9464585434,0.03784944214629987,0.04837919920856758,900747.4146974636,1151336.351109495,0.010529757062267706,250588.9364120313
2025-10-13,2025-10-10,22195320.20457371,0.045533772582235676,1010636.6625849599,0.03753610977433134,0.048234808846814525,833125.9756753132,1070587.027361453,0.010698699072483185,237461.0516861399
2025-10-14,2025-10-13,22975170.25337245,0.04507860236649269,1035688.5641542479,0.037459264464198366,0.047766321812923014,860632.978631062,1097439.3760292844,0.010307057348724648,236806.39739822247
2025-10-15,2025-10-14,23354054.37454236,0.04512444283415363,1053838.691569752,0.037085709516197336,0.047821428179247324,866101.6765597556,1116824.2339664141,0.010735718663049988,250722.55740665854
2025-10-16,2025-10-15,23753225.360259533,0.04551662390397971,1081166.6252294062,0.03797467523260141,0.04796903701060582,902021.0187826473,1139419.3464275503,0.009994361778004411,237398.32764490298
2025-10-17,2025-10-16,23328738.751619767,0.045309728015657254,1057018.8077842153,0.03708582343118349,0.048070903601105996,865165.4862147786,1121433.5516644998,0.010985080169922508,256268.06544972118
2025-10-20,2025-10-17,22879811.457260657,0.04500897174575985,1029796.7874281574,0.03665928332264392,0.0476725140552888,838757.4905803929,1090738.1332786165,0.011013230732644881,251980.6426982236
2025-10-21,2025-10-20,23003227.184426676,0.045363964697338,1043517.5859191775,0.0372752792902531,0.047871755443060694,857451.7178766468,1101204.8661740394,0.010596476152807593,243753.14829739265
2025-10-22,2025-10-21,23587622.180426408,0.04587119033086467,1081992.3064908648,0.037663741756881544,0.04945321586130731,888398.1104624714,1166483.7713435874,0.011789474104425768,278085.66088111605
2025-10-23,2025-10-22,22746795.60363754,0.04456284730054884,1013661.9790616953,0.0362282109052299,0.04752404610925086,824075.7085467371,1081019.7631049752,0.011295835204020957,256944.05455823813
2025-10-24,2025-10-23,23342982.44050947,0.04499936412865368,1050419.3666892545,0.03451625821508887,0.047740100740566734,805712.4094269102,1114396.3332952023,0.013223842525477862,308683.9238682921
2025-10-27,2025-10-24,23494455.129432417,0.045417012381103024,1067047.9595007016,0.03650504968153429,0.049449423859114494,857666.2517405086,1161787.2700342503,0.012944374177580202,304121.01829374174
2025-10-28,2025-10-27,23803309.534855723,0.0453954947550155,1080563.0131415536,0.03659021657352652,0.04955719653334029,870968.2510470598,1179625.288762778,0.012966979959813774,308657.03771571827
2025-10-29,2025-10-28,24285179.55854547,0.04611783099344387,1119979.8065264376,0.03780531213451757,0.05010272923054678,918108.7934536171,1216753.7757370134,0.01229741709602921,298644.9822833963
2025-10-30,2025-10-29,23840053.530490533,0.045881231302434655,1093811.01029486,0.035930764418755576,0.050087510936434876,856591.3471345775,1194088.9419336375,0.0141567465176793,337497.59479906
2025-10-31,2025-10-30,22118414.079119585,0.04471297013936311,988979.9882497427,0.03685593012049862,0.049638225694419905,815194.7236762843,1097918.8300619728,0.012782295573921285,282724.10638568853
2025-11-03,2025-10-31,22334506.608497556,0.04462620976412074,996704.3768889528,0.03603666357046137,0.049636090800299036,804861.1006626725,1108597.5979992636,0.013599427229837667,303736.497336591
2025-11-04,2025-11-03,23082599.35179246,0.04577598985713761,1056628.8338040228,0.03666924305728262,0.05031849113177119,846421.4460247519,1161481.5707813962,0.01364924807448857,315060.12475664436
2025-11-05,2025-11-04,22052746.947212912,0.04503765443729222,993203.996401626,0.03731900377409372,0.050077289629755384,822986.5465521725,1104341.796007285,0.01275828585566166,281355.2494551124
2025-11-06,2025-11-05,22159391.368499435,0.04479399099314588,992607.5773741582,0.03735089095249229,0.05005254526705161,827673.0105784213,1109133.9395621307,0.012701654314559316,281460.9289837094
2025-11-07,2025-11-06,21334559.538280774,0.044438931404568505,948085.027868342,0.036956463545751765,0.049808310592278825,788449.871841144,1062638.3678321536,0.01285184704652706,274188.4959910095
2025-11-10,2025-11-07,22087447.920346458,0.04460155908469739,985134.6134495089,0.03675714269591954,0.049364532107430734,811871.474996866,1090336.5320351468,0.012607389411511197,278465.0570382809
2025-11-11,2025-11-10,22797839.14003455,0.04504768199626466,1026989.8077822721,0.037254546568324325,0.04831356962921659,849323.1598995841,1101444.9886877385,0.011059023060892265,252121.8287881544
2025-11-12,2025-11-11,22893251.190318204,0.04517543726820575,1034212.6330134966,0.03680679490588345,0.048454087264574425,842627.2012909143,1109271.5909455006,0.011647292358690976,266644.3896545863
2025-11-13,2025-11-12,23035816.69571204,0.045216324322375295,1041594.9587441033,0.037130919771936916,0.04834128390818993,855341.0616095287,1113580.9549444374,0.011210364136253016,258239.89333490864
2025-11-14,2025-11-13,22587282.100147817,0.04481323698710767,1012209.2256485792,0.036602288903892555,0.050024628430920884,826746.2249833314,1129920.394324285,0.013422339527028329,303174.1693409536
2025-11-17,2025-11-14,22277670.874487136,0.04473078455237814,996497.6962154736,0.03672198562866542,0.048248144825973706,818080.3096930548,1074856.2907376315,0.011526159197308289,256775.98104457674
2025-11-18,2025-11-17,21983454.233452495,0.04553441989266121,1001003.8357571266,0.03777780534410943,0.048718454669875025,830486.6548225068,1070999.9185597275,0.010940649325765592,240513.26373722067
2025-11-19,2025-11-18,21779953.30767625,0.04518655631887229,984161.0867597216,0.03724303478033831,0.048424444257394075,811151.5585519309,1054682.1348762142,0.011181409477055766,243530.57632428326
2025-11-20,2025-11-19,22142250.197371352,0.04577660156762431,1013596.9650957191,0.038175689409298975,0.0489682921979124,845295.6663578377,1084268.1775841638,0.010792602788613423,238972.5112263261
2025-11-21,2025-11-20,21311604.268594734,0.045473175285988085,969106.3165314202,0.037839802770055816,0.050210528774148826,806426.9022371044,1070066.919351549,0.01237072600409301,263640.0171144445
2025-11-24,2025-11-21,21611472.492586605,0.04510769293023577,974843.6649658335,0.03716581448929629,0.04843558202527456,803207.9775000034,1046764.2486016434,0.011269767535978269,243556.27110163996
2025-11-25,2025-11-24,22226208.161495056,0.04595173808556417,1021332.8960722496,0.03784761645856878,0.05050620664212957,841209.0018245761,1122561.462275456,0.012658590183560789,281352.4604508799
2025-11-26,2025-11-25,23372841.562431477,0.04612742966746218,1078129.1052997948,0.038332365572112934,0.04899629266395898,895936.3072301986,1145182.585581237,0.010663927091846048,249246.27835103835
2025-11-28,2025-11-26,23724753.049797807,0.04627078576066236,1097762.9655918153,0.03849401755107993,0.05066639152728022,913261.0602939539,1202047.6269090911,0.012172373976200287,288786.5666151373
2025-12-01,2025-11-28,24302066.26212644,0.04655392260145882,1131356.5118225578,0.038796560078998205,0.050788442226826616,942836.5737823837,1234264.088346521,0.011991882147828412,291427.5145641372
2025-12-02,2025-12-01,24465561.90658977,0.046401192137259434,1135231.238773687,0.037867088110870674,0.049199076556558044,926439.5883987959,1203683.0532415202,0.01133198844568737,277243.46484272426
2025-12-03,2025-12-02,24511076.336967684,0.04626528737421111,1134011.9905810356,0.03901304784858791,0.050642783386219664,956251.7939545112,1241309.129496149,0.011629735537631754,285057.33554163785
2025-12-04,2025-12-03,25039807.83016706,0.04645925160796985,1163330.732196945,0.039262815170742885,0.050279798621900344,983133.3467467696,1258996.4952318831,0.01101698345115746,275863.1484851135
2025-12-05,2025-12-04,25164028.98309711,0.04654179711559556,1171179.1315422722,0.0377788002471096,0.049357004502663136,950666.8243649022,1242021.0918238696,0.011578204255553538,291354.2674589674
2025-12-08,2025-12-05,25357101.979367737,0.046510817289789695,1179379.5371609374,0.037509249589991925,0.04941132830400234,951125.8670229827,1252928.090740607,0.011902078714010417,301802.2237176242
2025-12-09,2025-12-08,26774122.620593127,0.04767408337359913,1276431.7540691232,0.040519552013315835,0.05091784854303349,1084875.4541360193,1363280.7204679677,0.010398296529717653,278405.26633194834
2025-12-10,2025-12-09,27115501.099305548,0.04770390075977122,1293515.1734927392,0.039710728445774945,0.0511558520897019,1076776.3008256345,1387116.5635742238,0.011445123643926955,310340.2627485893
2025-12-11,2025-12-10,27481149.880478255,0.047879872136300086,1315793.9424357973,0.04007832897777649,0.05124064408277854,1101398.5655973905,1408151.8200110784,0.011162315105002055,306753.25441368786
2025-12-12,2025-12-11,27726384.446851924,0.04802006053681785,1331422.6596049143,0.03997389439400603,0.05142311464894705,1108331.5638060702,1425777.0462112487,0.011449220254941016,317445.4824051785
2025-12-15,2025-12-12,27141467.67195781,0.047802296993199864,1297424.4984862602,0.039497672005960084,0.05035966487013811,1072024.7878673587,1366835.216043483,0.010861992864178029,294810.42817612435
2025-12-16,2025-12-15,26947771.105236076,0.047606667995173615,1282893.5922169066,0.039192064148360725,0.05014896232210647,1056138.7738117538,1351402.7578212335,0.010956898173745747,295263.98400947964
2025-12-17,2025-12-16,27075067.584288083,0.0478460753863845,1295435.724729303,0.039688790426840356,0.050526591625968745,1074576.6831453484,1368010.883076828,0.010837801199128388,293434.1999314795
2025-12-18,2025-12-17,26745911.336549755,0.04768410605838733,1275354.8728002624,0.03934617586784124,0.05042738370597355,1052349.3311935754,1348726.3335341425,0.01108120783813231,296377.00234056707
2025-12-19,2025-12-18,27360408.708989624,0.047007842670230386,1286153.7879853856,0.040023112142930806,0.05125107244663747,1095048.7060363123,1402250.288914038,0.011227960303706666,307201.5828777258
2025-12-22,2025-12-19,26892139.1043831,0.046575932897219376,1252526.4663884365,0.039673133644630224,0.0503965800639602,1066895.4286781773,1355271.841465198,0.010723446419329978,288376.4127870207
2025-12-23,2025-12-22,26282560.39332983,0.04670763807653706,1227596.3185763771,0.03879963886188463,0.05028260329640995,1019753.8516268699,1321555.55787174,0.011482964434525317,301801.7062448702
2025-12-24,2025-12-23,26369201.809453454,0.04661647590583137,1229239.260806392,0.039117117276040295,0.0500852306880353,1031487.1596559647,1320707.555685834,0.010968113411995002,289220.3960298693
2025-12-26,2025-12-24,26547201.28869019,0.0465554199004304,1235916.1031762187,0.03810900118087855,0.05009628480299285,1011687.3252597151,1329916.1564806027,0.011987283622114299,318228.8312208876
2025-12-29,2025-12-26,26518307.924662165,0.04663997105995056,1236813.114165101,0.038988472093053256,0.05143177852241447,1033908.3084756838,1363883.739970413,0.012443306429361214,329975.43149472924
2025-12-30,2025-12-29,26237419.36171697,0.04678498711185897,1227517.3266863674,0.03894429109154478,0.04999068510621401,1021797.6971136387,1311626.5693112756,0.011046394014669232,289828.87219763687
2025-12-31,2025-12-30,25957851.87057325,0.046609675887885116,1209887.0624331515,0.038918590714574076,0.05000120317596489,1010243.0127803814,1297923.8253921333,0.011082612461390813,287680.81261175196
2026-01-02,2025-12-31,25601140.03999148,0.04664415577571094,1194143.5640611532,0.03872493677752288,0.04995163259622402,991402.5294811797,1278818.7413221342,0.011226695818701136,287416.2118409545
2026-01-05,2026-01-02,25381552.307826515,0.04642738042210179,1178398.9846989373,0.03686841945560982,0.04930289634115554,935777.7169194494,1251384.042410388,0.01243447688554572,315606.3254909385
2026-01-06,2026-01-05,26512010.083545018,0.046741562392160894,1239212.7734616182,0.037587998711205134,0.04948171157969212,996533.4008517476,1311859.6363518636,0.011893712868486984,315326.235500116
2026-01-07,2026-01-06,27042700.885657348,0.04664668097769005,1261452.2409883544,0.03778586989935946,0.05139606815236849,1021831.9773927415,1389888.4977433607,0.013610198253009027,368056.5203506192
2026-01-08,2026-01-07,27223944.365807503,0.046639876530990505,1269721.4039078166,0.037937228666484094,0.050273221040710386,1032801.0026092805,1368635.3727022428,0.012335992374226293,335834.3700929623
2026-01-09,2026-01-08,27388776.48620683,0.04649135476643722,1273341.3242388954,0.03789072443834851,0.049626277619860916,1037780.5825423822,1359203.025572819,0.011735553181512405,321422.44303043676
2026-01-12,2026-01-09,28018273.44059323,0.04661341763062283,1306027.4811753598,0.038119236970536485,0.050055651320696795,1068035.204787262,1402472.9259502746,0.01193641435016031,334437.72116301255
2026-01-13,2026-01-12,28001996.507260688,0.046753094395133456,1309179.9859561562,0.03452215402923595,0.05017735892178398,966689.2365497806,1405066.229271361,0.015655204892548027,438376.9927215803
2026-01-14,2026-01-13,28251318.221152574,0.04674412448032232,1320583.135662754,0.03589292349318077,0.050238179296266894,1014022.4034933331,1419294.7901501548,0.014345255803086127,405272.3866568217
2026-01-15,2026-01-14,27528200.544660714,0.046858877859957564,1289940.5870266736,0.0359462359684156,0.05047941154813688,989535.1925642408,1389607.3644735739,0.01453317557972128,400072.1719093331
2026-01-16,2026-01-15,27861602.28537493,0.04663836566643292,1299419.595438039,0.038071290975130755,0.051525028599508645,1060727.167639877,1435569.8545820785,0.01345373762437789,374842.6869422016
2026-01-20,2026-01-16,27105218.358238257,0.04642543819353486,1258371.6396126568,0.03620289717272331,0.04993079381846092,981287.4330675119,1353385.0692495562,0.013727896645737606,372097.6361820443
2026-01-21,2026-01-20,26771482.29679437,0.046322654132539796,1240126.1150498176,0.03634950011294849,0.05010590832172009,973129.9987711255,1341409.4375997311,0.013756408208771602,368279.4388286057
2026-01-22,2026-01-21,27259443.87863717,0.04658001711027281,1269745.3622834408,0.03453208326274523,0.05035376493181796,941325.3857132295,1372615.6292369799,0.015821681669072725,431290.24352375034
2026-01-23,2026-01-22,27943287.80538479,0.046490191820415167,1299088.8101654067,0.036389434897665524,0.05198367153409897,1016840.4524207807,1452594.694857916,0.015594236636433445,435754.2424371354
2026-01-26,2026-01-23,27554823.91725719,0.04653083708137676,1282149.022499918,0.03644177595576559,0.05204216190293615,1004146.7196932576,1434012.607508796,0.015600385947170566,429865.88781553844
2026-01-27,2026-01-26,27541967.077138428,0.04664112446597734,1284588.3144826635,0.03550375556704028,0.05207004903366152,977843.2669421936,1434111.576190089,0.016566293466621237,456268.3092478955
2026-01-28,2026-01-27,27571866.147350494,0.046623343835410135,1285492.595571827,0.03561921774859391,0.0526334151740733,982088.3040375623,1451201.4780574755,0.01701419742547939,469113.1740199132
2026-01-29,2026-01-28,25342080.673135854,0.046693904900282024,1183320.7049266805,0.037551254367770216,0.05153917239860699,951626.9175654779,1306109.864752155,0.013987918030836773,354482.94718667713
2026-01-30,2026-01-29,25778113.60003815,0.04655661212775385,1200141.6362621526,0.03706194966566992,0.05471142768280181,955387.1487205351,1410357.398027537,0.01764947801713189,454970.2493070018
2026-02-02,2026-01-30,24666289.48072585,0.046423680182729396,1145099.9341478392,0.038401477444672615,0.05415469714383423,947221.9591378592,1335795.4364908526,0.015753219699161616,388573.47735299345
2026-02-03,2026-02-02,25086827.68163917,0.04639013346212537,1163781.2842925822,0.038671698867307286,0.05389853531135056,970150.2456403784,1352143.2676485954,0.015226836444043275,381993.02200821694
2026-02-04,2026-02-03,25051630.165471096,0.046238733621547914,1158355.6540067522,0.038740850425325345,0.05170232770898869,970521.4571510841,1295227.5924595732,0.012961477283663349,324706.1353084891
2026-02-05,2026-02-04,24471345.82767927,0.04564011323632547,1116874.9946205628,0.03816237616344805,0.05096643420011786,933884.7047017213,1247217.2369147441,0.012804058036669806,313332.5322130228
2026-02-06,2026-02-05,23742975.96358412,0.04552021476640155,1080785.365055859,0.03844000570621562,0.050996946218179066,912680.1315227139,1210819.2682744178,0.012556940511963446,298139.1367517039
2026-02-09,2026-02-06,24757871.989585668,0.04543072299655383,1124768.0243430056,0.038764416661056476,0.051048535814428544,959724.4654453981,1263853.1149494012,0.012284119153372068,304128.6495040031
2026-02-10,2026-02-09,24912456.41668292,0.04570813269718735,1138701.8637066395,0.03913718940874484,0.051291186036722676,975003.5254168202,1277789.4366998293,0.012153996627977837,302785.9112830091
2026-02-11,2026-02-10,24216612.04121885,0.04577524781763691,1108521.417490363,0.03854131095138715,0.0511383457660405,933339.974869722,1238397.4798459094,0.012597034814653345,305057.50497618737
2026-02-12,2026-02-11,23262704.865918003,0.04322513836867711,1005533.636659004,0.03815613580449446,0.049413586477772865,887614.9260438414,1149493.678598947,0.011257450673278407,261878.7525551055
2026-02-13,2026-02-12,22338225.668833144,0.042586215732636525,951300.497417247,0.03745467322523474,0.05240520638584329,836670.9428576962,1170639.3264687432,0.01495053316060855,333968.38361104694
2026-02-17,2026-02-13,22274622.30821138,0.042562345418245905,948060.1687430586,0.03746241393012646,0.05250949821167196,834461.1210474436,1169629.2402586937,0.015047084281545497,335168.1192112501
2026-02-18,2026-02-17,22733585.778279293,0.04222715064592818,959974.5513815301,0.03699321472347543,0.048800864838085004,840988.4201304332,1109418.6468508192,0.011807650114609575,268430.22672038607
2026-02-19,2026-02-18,23245997.49257844,0.04230583827465465,983441.410454051,0.03714605642410268,0.04854352062567777,863497.1344938681,1128442.5587454352,0.011397464201575093,264945.4242515671
2026-02-20,2026-02-19,22053635.032923505,0.0421817731968234,930261.4311242981,0.038356884976018794,0.049467696953387916,845908.7422609454,1090942.534529279,0.011110811977369121,245033.7922683336
2026-02-23,2026-02-20,22261188.993361253,0.04209683789018224,937125.6642962379,0.038457478653845,0.04879385987954886,856109.2005213997,1086209.3364942244,0.010336381225703857,230100.13597282465
2026-02-24,2026-02-23,21474061.991896514,0.04204498492744989,902876.6127804135,0.03645670697179244,0.04905066803691674,782873.5855326767,1053317.0861686869,0.012593961065124303,270443.5006360102
2026-02-25,2026-02-24,21410129.32093652,0.04262884302383504,912689.0419422108,0.03692651909391995,0.04838497865389696,790601.5491728578,1035928.6501706869,0.011458459559977006,245327.1009978291
2026-02-26,2026-02-25,21864630.42385454,0.04302612676720546,940750.3603348626,0.03720411020094033,0.04857603309821889,813454.119791917,1062097.0111494819,0.011371922897278557,248642.89135756483
2026-02-27,2026-02-26,22612548.610876724,0.04326618138735555,978358.6298285872,0.037922844327269584,0.05036499585863149,857532.1608130941,1138880.9171399095,0.012442151531361904,281348.75632681535
2026-03-02,2026-02-27,21816063.5601499,0.043536121302594856,949786.7894998054,0.03736450737603138,0.048552567106579514,815146.4678091903,1059225.890005582,0.011188059730548136,244079.42219639174
2026-03-03,2026-03-02,21403873.37756279,0.04333364171404308,927507.7802360512,0.03679517737732059,0.0482539212164467,787559.3174891329,1032820.8196877158,0.01145874383912611,245261.50219858298
2026-03-04,2026-03-03,21277372.265298463,0.042877086747127084,912311.7363701181,0.03566844824069786,0.048178371395521204,758930.8513428585,1025109.1433183117,0.01250992315482334,266178.29197545315
2026-03-05,2026-03-04,21446916.992303982,0.042543540771350814,912427.7874818611,0.03624757651598283,0.04801592217753556,777398.7647104709,1029793.497250533,0.011768345661552729,252394.73254006205
2026-03-06,2026-03-05,21876001.655531354,0.04319875009827527,945015.9286667551,0.03704045459862932,0.048422403514007756,810297.046121249,1059288.579437241,0.011381948915378436,248991.53331599198
2026-03-09,2026-03-06,21178480.82855769,0.043351466294113405,918118.1977997456,0.036891090683668706,0.04829433925219875,781297.2567886609,1022800.7379805523,0.01140324856853004,241503.48119189136
2026-03-10,2026-03-09,21512539.223981436,0.043748379547058736,941138.7309917283,0.03742526645727245,0.04967907616243053,805112.5126300303,1068723.074555448,0.012253809705158082,263610.56192541774
2026-03-11,2026-03-10,21189044.669967167,0.04346574549189308,920997.6228411465,0.03693195553233616,0.04842582986917331,782552.8555239119,1026097.0722781436,0.011493874336837157,243544.21675423172
2026-03-12,2026-03-11,20957441.962197866,0.042441883490812654,889473.31002507,0.03486353002734493,0.047996553983567225,730650.4071454239,1005884.9944961069,0.013133023956222296,275234.58735068294
2026-03-13,2026-03-12,20148386.06654105,0.042090626811311364,848058.1987770051,0.037249064960260286,0.047801728227586195,750508.5414369908,963127.6749772796,0.010552663267325908,212619.13354028878
2026-03-16,2026-03-13,20333097.671072874,0.042513613751792766,864433.4607654692,0.03738322906487589,0.0480733001276005,760116.8478362118,977479.106865301,0.010690071062724606,217362.25902908924
2026-03-17,2026-03-16,20556386.41381164,0.04304131925072013,884773.9902780326,0.0366240759110585,0.048295794541743486,752858.656476489,992787.0147621341,0.011671718630684988,239928.35828564502
2026-03-18,2026-03-17,20911870.199300155,0.04330241123663045,905534.4030971325,0.037063000488225556,0.04863362377015105,775056.6554063711,1017020.0276029974,0.011570623281925492,241963.37219662627
2026-03-19,2026-03-18,20113287.801588845,0.04172663462341551,839259.8111724979,0.036971511731196456,0.04766153178627963,743618.6559093725,958630.1058820171,0.010690020055083176,215011.44997264456
2026-03-20,2026-03-19,20285148.581846703,0.04161990827166723,844266.0232536003,0.03695132569165241,0.04777063657011047,749563.1319513785,969034.4606740907,0.010819310878458062,219471.32872271212
2026-03-23,2026-03-20,19536964.676262356,0.04151691721244807,811114.5450469066,0.03677118773687263,0.04777230619341632,718397.3959194921,933325.858604364,0.011001118456543689,214928.46268487186
2026-03-24,2026-03-23,20209069.477186564,0.04277160044349992,864374.2450131535,0.03744776388591712,0.049258073740293076,756784.462135777,995459.8345299618,0.011810309854375957,238675.37239418481
2026-03-25,2026-03-24,20118311.86995309,0.04326938241954943,870506.9299367608,0.037556347818966045,0.04836465783793611,755570.3181183913,973015.2698671697,0.010808310018970063,217444.95174877835
2026-03-26,2026-03-25,20362938.682157155,0.04343841360965773,884533.7527836412,0.037855950062654804,0.05012970365615481,770858.3898806431,1020788.0817049898,0.012273753593500004,249929.69182434666
2026-03-27,2026-03-26,19798333.88117034,0.04327284093035088,856730.1527258605,0.037079544710549306,0.04883761115291855,734113.2063412388,966903.3315642498,0.011758066442369243,232790.125223011
2026-03-30,2026-03-27,19642447.22324322,0.043307113535059005,850657.6920033987,0.03797861530956378,0.048902402409564276,745992.9468299635,960562.8584196684,0.010923787100000498,214569.91158970492
2026-03-31,2026-03-30,19371762.678992875,0.04308905274654987,834710.9038687702,0.03796349597182753,0.04837863807584606,735419.8344311449,937179.4955381784,0.010415142104018532,201759.6611070335
2026-04-01,2026-03-31,20552997.21116355,0.04356429490740199,895376.8317381396,0.03706487131468367,0.048940484982657094,761794.1967628293,1005873.6513615429,0.011875613667973427,244079.45459871355
2026-04-02,2026-04-01,20402820.887368537,0.043612999022635816,889828.2074198177,0.03697302790650632,0.04887889793635646,754354.066040127,997267.3997674485,0.011905870029850142,242913.3337273216
2026-04-06,2026-04-02,20506131.653193794,0.04390974975131496,900419.109259258,0.037189209689375384,0.048827108955732626,762606.8299685619,1001255.124491091,0.011637899266357242,238648.29452252912
2026-04-07,2026-04-06,20664861.371825013,0.04395335273967232,908289.9411922536,0.03713959064946024,0.049466596259775356,767484.4921774244,1022220.3542442954,0.012327005610315113,254735.86206687102
2026-04-08,2026-04-07,20737711.910529245,0.04408824464265066,914289.3160402238,0.0372792257847464,0.0488620718816159,773085.8445716443,1013287.5700325221,0.0115828460968695,240201.72546087776
2026-04-09,2026-04-08,21626317.55024587,0.04419460259094495,955766.5096386945,0.03765012391122894,0.049110063485562634,814233.5355103421,1062069.827851512,0.011459939574333694,247836.2923411699
2026-04-10,2026-04-09,21324408.349969782,0.04374886945273374,932918.7570596134,0.03684008849796297,0.04881707146005062,785593.0907795873,1040995.166263775,0.01197698296208765,255402.0754841877
2026-04-13,2026-04-10,21582846.670904905,0.04422732839099463,954551.6473265964,0.037369953021014944,0.049113874101416155,806549.9661514851,1060017.2141449922,0.011743921080401211,253467.24799350707
2026-04-14,2026-04-13,22323531.639788833,0.043786004520909756,977458.2573024658,0.03842934648129748,0.050527535987652306,857878.7320716518,1127953.0483009252,0.012098189506354828,270074.31622927333
2026-04-15,2026-04-14,23044448.559170768,0.043754993258417425,1008309.6913504641,0.037921604607555635,0.04870183590823278,873882.466660029,1122306.952324446,0.010780231300677144,248424.48566441704
2026-04-16,2026-04-15,23127126.72367765,0.04368112955657304,1010219.0186882459,0.03755189259709342,0.0483651770285238,868467.3788069121,1118547.5781517732,0.010813284431430377,250080.1993448611
2026-04-17,2026-04-16,22976066.9718148,0.04330302058958487,994933.1011481772,0.03782194173273003,0.05004833123758188,868999.4662552822,1149913.810342252,0.012226389504851852,280914.34408696985
2026-04-20,2026-04-17,24038065.381893657,0.0436047158209562,1048173.009863038,0.03777130564914556,0.048441348683089414,907949.1147536503,1164436.3068312116,0.010670043033943852,256487.19207756128
2026-04-21,2026-04-20,24795936.84595742,0.0437988992075848,1086034.7386737273,0.037823438041581295,0.048881903818461754,937867.5809760332,1212072.5999927425,0.01105846577688046,274205.0190167093
2026-04-22,2026-04-21,24662154.39268265,0.04388145601835263,1082211.2433003257,0.03832726925554959,0.049166858381375,945233.031830283,1212560.6524046331,0.01083958912582541,267327.6205743501
2026-04-23,2026-04-22,25124860.0255091,0.044389939815525276,1115291.024405846,0.03860956025815281,0.050136032027767785,970059.7971325484,1259660.7869321068,0.011526471769614972,289600.9897995584
2026-04-24,2026-04-23,24462968.001812957,0.04415581915617281,1080182.391111295,0.03845294340931253,0.04966315611494401,940673.124197537,1214908.198908917,0.011210212705631481,274235.07471137994
2026-04-27,2026-04-24,24681879.3563998,0.044381588885587284,1095421.0225193996,0.03829472550494355,0.0499642464690753,945185.7948994631,1233211.5034831413,0.011669520964131756,288025.70858367824
2026-04-28,2026-04-27,24614863.086431146,0.04432748321252723,1091114.930242433,0.03834233454712571,0.0496922353743684,943791.3152916384,1223167.5701987888,0.011349900827242687,279376.2549071504
2026-04-29,2026-04-28,24397084.22060026,0.04456243269073422,1087193.4234306728,0.03846743634910953,0.051091430760939784,938493.2843598048,1246481.9392256148,0.012623994411830257,307988.65486580995
2026-04-30,2026-04-29,23920214.180458643,0.04447429899259376,1063834.7574285988,0.03838812499297468,0.04999078330184748,918252.1718181717,1195790.2436290872,0.011602658308872804,277538.0718109155
2026-05-01,2026-04-30,23939873.40709581,0.04445101826224082,1064151.7500145491,0.0377915642856872,0.049534075706981165,904725.2648554748,1185839.5017626288,0.011742511421293962,281114.236907154
2026-05-04,2026-05-01,23657852.529436085,0.04395141914729115,1039796.1926460476,0.03700118792108174,0.04939088478387324,875368.6472509035,1168482.2685152418,0.012389696862791504,293113.62126433826
2026-05-05,2026-05-04,23280943.365063846,0.04415523655897486,1027975.5616004904,0.03837569496736305,0.04817782433280663,893422.3811301449,1121625.199744066,0.009802129365443578,228202.81861392106
2026-05-06,2026-05-05,23373361.843966328,0.04417294464743352,1032470.2189579593,0.036880599105612775,0.049452790827909224,862023.5879177484,1155877.9742147014,0.012572191722296448,293854.3862969531
2026-05-07,2026-05-06,24093954.16269423,0.04402236170290285,1060672.7650032872,0.03696485382058736,0.049337923625275074,890629.4935839246,1188745.6703098863,0.012373069804687713,298116.17672596173
2026-05-08,2026-05-07,24349959.59686547,0.04451668171930379,1083979.401251567,0.03724865847296984,0.049387093768444294,907003.3288542563,1202573.737868225,0.012138435295474453,295570.40901396866
2026-05-11,2026-05-08,24246619.045113754,0.04402527365604385,1067464.0386949775,0.03701049126141062,0.04806233081619692,897379.2822879349,1165349.025720558,0.011051839554786301,267969.743432623
2026-05-12,2026-05-11,23627485.614887968,0.04412092407484346,1042466.498893928,0.03805730527570502,0.04900926238345462,899198.4329431204,1157965.641961344,0.0109519571077496,258767.2090182237
2026-05-13,2026-05-12,23109396.167574573,0.04390342646158318,1014581.6752147024,0.0379532363379451,0.0487003312057436,877076.3743751604,1125435.2473256236,0.010747094867798505,248358.8729504632
2026-05-14,2026-05-13,22411406.60277431,0.043396479850366175,972576.1550556588,0.03795261880356415,0.04730767651516976,850571.5716467741,1060231.5738139867,0.009355057711605608,209660.00216721266
2026-05-15,2026-05-14,22448709.880566847,0.04330783352505926,972204.9903599418,0.03671943727090957,0.04724779745958511,824303.9942723223,1060652.0976660093,0.010528360188675534,236348.10339368705
2026-05-18,2026-05-15,21906934.15161467,0.04306832869567009,943495.0407561411,0.03652634076705684,0.04691886447988166,800180.1419833526,1027848.4746293,0.01039252371282482,227668.33264594735
2026-05-19,2026-05-18,21712857.71660967,0.04292761836582227,932081.2696900191,0.03452960473938631,0.04671274294511023,749736.3947170659,1014267.1411197406,0.01218313820572392,264530.7464026747
2026-05-20,2026-05-19,21201260.63437475,0.042462423415184775,900256.9059925096,0.03616579788419301,0.04636925594296034,766760.5069928948,983086.6806687324,0.01020345805876733,216326.17367583758
2026-05-21,2026-05-20,21789005.904201426,0.04225763051232761,920751.7607306686,0.036180662762229206,0.04635435125690766,788340.6745441328,1010015.2332221877,0.010173688494678451,221674.55867805495
2026-05-22,2026-05-21,21966562.362240944,0.041863032975552716,919586.9245300278,0.03373042910511823,0.04654276424751015,740941.5744427267,1022384.53335401,0.012812335142391919,281442.9589112833
2026-05-26,2026-05-22,22894655.008037325,0.04239689279881527,970662.2340416176,0.03414451152366018,0.046558119129666696,781726.8117521547,1065932.075296822,0.012413607606006516,284205.2635446673
2026-05-27,2026-05-26,23391578.703851815,0.0424477213998009,992919.2159226177,0.03456146566635149,0.046884199952835874,808447.2442549331,1096695.453163886,0.012322734286484387,288248.2089089529
2026-05-28,2026-05-27,24004536.456797242,0.04271724900779679,1025407.7611417439,0.036642858190009286,0.04715864730426622,879594.8253033293,1132021.4684685015,0.010515789114256935,252426.6431651722
2026-05-29,2026-05-28,24243596.108978342,0.042552399299665186,1031623.1820890557,0.034838644020655306,0.04733126886961544,844614.0146212406,1147480.1658004166,0.012492624848960132,302866.15117917606
2026-06-01,2026-05-29,24087376.430232733,0.042622891558941625,1026673.6335252163,0.036528257598668394,0.04772762738572562,879869.8911196348,1149633.3269618577,0.011199369787057226,269763.4358422229
2026-06-02,2026-06-01,23860991.386163566,0.04223379766759587,1007740.28235148,0.03440716716861359,0.047363067321632285,820989.1194325788,1130129.741383753,0.012955900153018694,309140.6219511742
2026-06-03,2026-06-02,23055566.81823566,0.04110994894455457,947813.1747854344,0.034466241732608684,0.047641844563129844,794638.739239622,1098409.7306692374,0.01317560283052116,303770.9914296154
2026-06-04,2026-06-03,22779391.95596127,0.04067300620405239,926506.3503493537,0.03389270617677011,0.045548989583119905,772055.2384488757,1037578.2869118851,0.011656283406349797,265523.0484630094
2026-06-05,2026-06-04,23262560.260532968,0.04106192267978421,955205.4507518255,0.03427753019817718,0.047550461747720034,797383.1118173351,1106145.4818225051,0.013272931549542857,308762.37000517
2026-06-08,2026-06-05,22889602.86516783,0.04151946129711242,950363.9802666092,0.03409836517779211,0.04735642232664516,780498.0372711293,1083969.7001720748,0.013258057148853045,303471.6629009455
2026-06-09,2026-06-08,23353903.76217142,0.04199311832826438,980703.2441117631,0.036320572161708774,0.04750912419725383,848227.1468515492,1109523.5143277156,0.011188552035545057,261296.36747616646
2026-06-10,2026-06-09,23582990.493783273,0.04193158429314844,988872.1537745916,0.03600712791117234,0.047050785167521855,849155.7552376157,1109598.2193307069,0.011043657256349516,260442.4640930912
2026-06-11,2026-06-10,23023605.6723851,0.041777760106282966,961874.6745625604,0.03560621607006996,0.04680470878003711,819783.4782830322,1077613.1585623953,0.011198492709967152,257829.68027936306
2026-06-12,2026-06-11,23754411.63329183,0.04123681873351095,979556.366643259,0.03420035094952053,0.046857416904197834,812409.2144579537,1113070.3692150821,0.012657065954677305,300661.15475712845
2026-06-15,2026-06-12,23404698.144370195,0.04031635700000255,943592.165865726,0.033562108718194913,0.04662441513680965,785511.0236378872,1091230.3624348345,0.013062306418614736,305719.33879694727
2026-06-16,2026-06-15,23977237.984142333,0.041722181955922644,1000382.6859748462,0.034792010463755234,0.047087700236969475,834216.3148362295,1129032.9947077725,0.012295689773214241,294816.67987154296
2026-06-17,2026-06-16,24113111.167987686,0.04205881119366058,1014168.7899061425,0.03468569749351705,0.047598476364917305,836380.0796003684,1147747.3520140853,0.012912778871400257,311367.2724137169
2026-06-18,2026-06-17,22753325.499686144,0.04104262355353978,933856.1730747757,0.034574852517033,0.04768445035177296,786692.8734236947,1084979.8201275137,0.013109597834739958,298286.946703819
2026-06-22,2026-06-18,23504574.864736773,0.041724667765434584,980720.5771989264,0.035621410107916765,0.04762862914732032,837266.1006690208,1119490.6794979745,0.012007219039403556,282224.5788289537
2026-06-23,2026-06-22,23507986.257683292,0.04194942628104587,986146.5365325247,0.034894770993055026,0.04752123174680057,820305.7969697431,1117128.4628519707,0.012626460753745544,296822.6658822276
2026-06-24,2026-06-23,23182994.81934084,0.04129881536020913,957430.2225406421,0.034612475404495927,0.04769805573623656,802420.8379869913,1105783.7790258029,0.013085580331740634,303362.9410388116
2026-06-25,2026-06-24,23902454.40895641,0.04217009996763083,1007968.8918974301,0.035112708631252196,0.04799899827776489,839279.9172334758,1147293.8680098525,0.012886289646512693,308013.95077637665
2026-06-26,2026-06-25,23840928.89725305,0.04167803201117119,993642.9977557689,0.034829341348885406,0.04838107941025934,830363.8506369326,1153449.8741923466,0.013551738061373934,323086.02355541394
2026-06-29,2026-06-26,23685082.035122626,0.03990978769473696,945266.5955541723,0.03366653311269042,0.049497505995101415,797394.5986122448,1172352.490027951,0.015830972882410997,374957.89141570625
2026-06-30,2026-06-29,23924790.162467707,0.04020606073671465,961921.5663853298,0.03421877965708061,0.048203675602405044,818677.1229113722,1153262.823847205,0.013984895945324434,334585.7009358327
2026-07-01,2026-06-30,24104442.392239068,0.04140992904157858,998163.2490494384,0.03552986118848311,0.048260513171354734,856427.4922220417,1163292.759558815,0.012730651982871627,306865.26733677334
2026-07-02,2026-07-01,24630023.910594888,0.04183345890736637,1030359.0931513224,0.035170945253369765,0.04792472559270188,866261.2225487211,1180387.1372569462,0.012753780339332117,314125.91470822506
2026-07-06,2026-07-02,24658774.79625817,0.04182403013571883,1031329.3401886057,0.035354766233170305,0.05044290620882282,871805.2185180993,1243860.264272135,0.015088139975652518,372055.0457540357
2026-07-07,2026-07-06,24694085.639030762,0.04300464410026499,1061960.3642879827,0.03589501395068174,0.04756252353076948,886394.5485123388,1174513.0292772374,0.011667509580087741,288118.4807648986
2026-07-08,2026-07-07,24119014.195742313,0.04197458817551617,1012385.688065712,0.0354780130278879,0.04763179197392124,855694.699856359,1148831.866787651,0.012153778946033339,293137.16693129204
2026-07-09,2026-07-08,23653974.385892097,0.04202516100280058,994062.0819232363,0.035923875460561194,0.0474905838393156,849742.4299860921,1123341.0537062322,0.011566708378754405,273598.6237201401
2026-07-10,2026-07-09,23892643.985060923,0.042274614222170444,1010052.3072161116,0.03553040582630925,0.04762431197792778,848915.3370527413,1137870.7311221012,0.012093906151618532,288955.39406935987
2026-07-13,2026-07-10,23670709.50014536,0.04159805506247435,984655.4771548813,0.035487323963501675,0.04771688351953664,840010.1364775952,1129492.4880432256,0.012229559556034962,289482.3515656304
2026-07-14,2026-07-13,23456937.034713954,0.04124343343861897,967444.6212651012,0.03533866645253258,0.05011656963836954,828936.873867815,1175581.2184030912,0.014777903185836959,346644.3445352762
2026-07-15,2026-07-14,24294971.00893161,0.04368095673575605,1061227.5775375892,0.03571901497329362,0.047875856340265935,867792.4332437626,1163142.5418145356,0.012156841366972315,295350.10857077304
2026-07-16,2026-07-15,24431863.100208763,0.043423698899112295,1060921.8668077975,0.03682753627500637,0.050932605324667486,899765.3245889279,1244378.44062924,0.014105069049661113,344613.116040312
2026-07-17,2026-07-16,24286522.289614573,0.04134140315925383,1004038.9093111604,0.03588986145779963,0.047715075701244565,871639.9202660297,1158833.249568923,0.011825214243444938,287193.32930289325
2026-07-20,2026-07-17,23745049.014082134,0.04074979804018188,967605.9517780669,0.035407019155623644,0.04760071463666003,840741.4052928285,1130281.3021528292,0.012193695481036389,289539.8968600008
2026-07-21,2026-07-20,23119761.601194292,0.040232441220108904,930164.4496429802,0.03467529384865157,0.047997449210258086,801684.5272321831,1109689.5832065982,0.013322155361606518,308005.05597441504
2026-07-22,2026-07-21,23252266.591278564,0.0405613700029278,943143.7886155667,0.0353382443017682,0.0471451790718877,821694.2773724447,1096232.2722730997,0.011806934770119501,274537.994900655
2026-07-23,2026-07-22,22797249.275245853,0.04000055513699122,911902.6266062048,0.03438653677343084,0.04721175644740265,783918.4505363111,1076298.180453634,0.012825219673971808,292379.72991732275
2026-07-24,2026-07-23,22059825.42357315,0.03963022856235721,874235.9235819025,0.03397269505798567,0.046502006657570816,749431.7221474502,1025826.1487118487,0.012529311599585147,276394.42656439845
2026-07-27,2026-07-24,22220973.259157058,0.039567174584708306,879221.128387202,0.033967865346916266,0.046421872472917555,754799.027544474,1031539.1868607001,0.012454007126001289,276740.15931622614
2026-07-28,2026-07-27,23091648.365034513,0.04005423382006484,924918.2829038103,0.03275413778408106,0.04834603935041114,756347.0322098905,1116389.7405218156,0.015591901566330078,360042.70831192506
2026-07-29,2026-07-28,23527529.379965767,0.040204601720253016,945914.9481830751,0.034667258809097774,0.047885122257847634,815634.950153925,1126618.620784763,0.01321786344874986,310983.670630838
2026-07-30,2026-07-29,23334612.442612313,0.04047409902786546,944447.4147791523,0.033984380113182736,0.048015356185409384,793012.3390435403,1120419.7278805159,0.014030976072226649,327407.38883697556
2026-07-31,2026-07-30,22621978.08735119,0.03945229648018707,892488.9864704744,0.032254700774773416,0.048552316022706994,729665.1341409937,1098349.4291558277,0.016297615247933578,368684.29501483403
