date,previous_date,portfolio_value,base_var_return,base_var_dollar,marginal_var_GME,marginal_var_dollar_GME,var_change_1pct_GME,var_change_1pct_dollar_GME,marginal_var_DKS,marginal_var_dollar_DKS,var_change_1pct_DKS,var_change_1pct_dollar_DKS
2022-09-01,2022-08-31,10000000.0,0.04886590592414925,488659.05924149253,0.009623492623365981,96234.92623365982,9.623492623365981e-05,962.3492623365981,-0.029135093833497494,-291350.9383349749,-0.00029135093833497494,-2913.5093833497494
2022-09-02,2022-09-01,9910863.084908051,0.048895873778024596,484600.3104309475,0.009611358960572025,95256.8627181335,9.611358960572025e-05,952.568627181335,-0.04734521028568542,-469231.8968676086,-0.0004734521028568542,-4692.318968676086
2022-09-06,2022-09-02,9765568.814044613,0.04851245541443253,473751.72168791207,0.020486072090455942,200058.14672882628,0.00020486072090455942,2000.581467288263,-0.052159033872603566,-509362.634556994,-0.0005215903387260357,-5093.62634556994
2022-09-07,2022-09-06,9545855.815239774,0.04841863608378643,462197.31882639107,0.021632059992240937,206496.5256725488,0.00021632059992240937,2064.965256725488,-0.050063409797367064,-477898.09154492826,-0.0005006340979736706,-4778.980915449282
2022-09-08,2022-09-07,9866089.355528995,0.048332531665598095,476853.0761917255,0.0197323236026406,194680.86785586597,0.000197323236026406,1946.8086785586597,-0.050076045651017975,-494054.7409644925,-0.0005007604565101798,-4940.547409644925
2022-09-09,2022-09-08,10073299.088432483,0.04796122001975075,483127.713905065,0.06525874595727371,657370.8661636523,0.0006525874595727371,6573.708661636523,-0.014211562254162063,-143157.3171000522,-0.00014211562254162063,-1431.573171000522
2022-09-12,2022-09-09,10561095.858705463,0.04875980572457242,514956.9823090647,0.04379608065557539,462534.6060391276,0.00043796080655575387,4625.346060391276,-0.04607244704808236,-486575.5297199293,-0.0004607244704808236,-4865.755297199294
2022-09-13,2022-09-12,10936069.526943505,0.049327597995889046,539450.0412801617,0.08278329598308404,905323.88054055,0.0008278329598308404,9053.238805405499,-0.04657482880115402,-509345.56597491115,-0.00046574828801154017,-5093.455659749111
2022-09-14,2022-09-13,10219278.640886892,0.04922545743461717,503048.66574947006,0.07864969072100825,803743.1044975595,0.0007864969072100825,8037.431044975596,-0.05212463454166705,-532676.1644356932,-0.0005212463454166705,-5326.761644356931
2022-09-15,2022-09-14,10285957.397098104,0.04911030661377444,505146.52158770914,0.04182831469838749,430244.26298002613,0.0004182831469838749,4302.442629800262,-0.05199844675315424,-534853.8080182187,-0.0005199844675315424,-5348.538080182187
2022-09-16,2022-09-15,10403226.93156138,0.04962585569575531,516269.0384758604,0.0218700103423293,227518.68058684608,0.000218700103423293,2275.186805868461,-0.044750511931846565,-465549.7309305451,-0.00044750511931846565,-4655.4973093054505
2022-09-19,2022-09-16,10069695.93734168,0.048775853391598845,491158.0127377563,0.029757371964993923,299647.68758186453,0.00029757371964993923,2996.476875818645,-0.03683501373160647,-370917.3881250827,-0.0003683501373160647,-3709.173881250827
2022-09-20,2022-09-19,10272395.238878025,0.04855955377110033,498822.9289602924,0.05447621734235367,559601.2356596782,0.0005447621734235367,5596.012356596783,-0.034585405130616725,-355274.95099841483,-0.00034585405130616725,-3552.7495099841485
2022-09-21,2022-09-20,9802091.920171957,0.04818215401117154,472285.9025293854,0.06719872130103166,658688.0431107297,0.0006719872130103166,6586.880431107296,-0.020305274272448826,-199034.16488284615,-0.00020305274272448826,-1990.3416488284615
2022-09-22,2022-09-21,9612777.29183756,0.0480643922505633,462032.29837218806,0.10142080472389445,974935.608569744,0.0010142080472389445,9749.35608569744,-0.01836512297404766,-176539.83708672962,-0.0001836512297404766,-1765.398370867296
2022-09-23,2022-09-22,9088915.013723046,0.04831246896803683,439107.92455361865,0.009467736322958664,86051.45081171002,9.467736322958664e-05,860.5145081171003,-0.028600934115847326,-259951.45949202843,-0.00028600934115847326,-2599.5145949202843
2022-09-26,2022-09-23,8902873.753148405,0.04844422213313557,431292.79372078367,0.00935645246688474,83299.31509000881,9.35645246688474e-05,832.993150900088,-0.028752875128268407,-255983.21730701436,-0.00028752875128268407,-2559.8321730701437
2022-09-27,2022-09-26,8615478.021966236,0.04815127182507335,414846.2241386415,0.01609711764927954,138684.36332437268,0.0001609711764927954,1386.8436332437268,-0.020033529778079595,-172598.43550545088,-0.00020033529778079595,-1725.9843550545088
2022-09-28,2022-09-27,8845779.858522119,0.047990987817487396,424517.7134265104,0.021889306795361274,193627.9891674181,0.00021889306795361274,1936.279891674181,-0.027701997476488327,-245045.771318351,-0.00027701997476488327,-2450.45771318351
2022-09-29,2022-09-28,9183085.897106625,0.048372064702292786,444204.8251815541,0.013006279978549501,119437.78624483818,0.000130062799785495,1194.3778624483818,-0.04262742255398411,-391451.28288549633,-0.00042627422553984107,-3914.512828854963
2022-09-30,2022-09-29,8628969.85637097,0.04803366216762567,414481.02293554856,-0.004262412003744331,-36780.22469574362,-4.2624120037443314e-05,-367.80224695743624,-0.014816022042970362,-127847.00760011909,-0.00014816022042970362,-1278.470076001191
2022-10-03,2022-09-30,8418017.28615826,0.0482597217396298,406251.1718293912,-0.009292595376558799,-78225.2285131463,-9.292595376558799e-05,-782.2522851314629,-0.014967665585867429,-125998.06763526812,-0.0001496766558586743,-1259.9806763526813
2022-10-04,2022-10-03,8693006.964426368,0.048430894933650194,421010.1069516229,-0.019643534058310513,-170761.37837483987,-0.00019643534058310513,-1707.6137837483986,-0.008276966994721913,-71951.73172944477,-8.276966994721913e-05,-719.5173172944477
2022-10-05,2022-10-04,9201864.703786252,0.04827079980704976,444181.3689680234,0.040514546865168255,372809.3787884857,0.00040514546865168255,3728.093787884857,-0.014905292695387845,-137156.48675329247,-0.00014905292695387845,-1371.5648675329246
2022-10-06,2022-10-05,8976931.371761924,0.0482075873157403,432756.2029316213,-0.009218043546873472,-82749.74430219602,-9.218043546873472e-05,-827.4974430219603,-0.014910062982541328,-133846.6121429214,-0.00014910062982541328,-1338.466121429214
2022-10-07,2022-10-06,8833166.651424365,0.04827626795314562,426432.3201389527,-0.00929550709191651,-82108.7632523956,-9.29550709191651e-05,-821.087632523956,-0.015028266194669349,-132747.17977948143,-0.00015028266194669349,-1327.4717977948144
2022-10-10,2022-10-07,8608165.781962337,0.04811370690824747,414170.76545094076,-0.009115240788967749,-78465.50385393955,-9.115240788967749e-05,-784.6550385393955,-0.03218469223063569,-277051.16636274726,-0.0003218469223063569,-2770.5116636274724
2022-10-11,2022-10-10,8305283.356284683,0.04832811228572415,401378.66660728207,0.019500640296633148,161958.3432925217,0.00019500640296633148,1619.5834329252168,-0.02274089677135535,-188869.59146212568,-0.0002274089677135535,-1888.6959146212566
2022-10-12,2022-10-11,8220955.169655784,0.04821680143029768,396388.16298267216,0.022387992328419537,184050.68127053464,0.00022387992328419537,1840.5068127053462,-0.027800312641325375,-228545.12392675088,-0.00027800312641325375,-2285.4512392675088
2022-10-13,2022-10-12,8266355.698303169,0.0483693167183935,399837.97687812283,0.010860675521025265,89778.20698064893,0.00010860675521025265,897.7820698064893,-0.038520024944881104,-318420.22770189814,-0.00038520024944881104,-3184.202277018981
2022-10-14,2022-10-13,8229014.32980892,0.048283657758987034,397326.91159429395,0.02234126287194646,183846.5723192754,0.0002234126287194646,1838.465723192754,-0.03366956010781366,-277067.2926055614,-0.0003366956010781366,-2770.672926055614
2022-10-17,2022-10-14,7865238.579174562,0.04812467906279704,378512.0823751056,0.010753193979241155,84576.43613487516,0.00010753193979241155,845.7643613487515,-0.013432558126057204,-105650.27439006988,-0.00013432558126057204,-1056.5027439006988
2022-10-18,2022-10-17,8309529.572625647,0.048285048750863445,401226.04051097087,0.025426471452590776,211282.01646282486,0.00025426471452590776,2112.8201646282487,-0.023856235870131637,-198234.09745439157,-0.00023856235870131637,-1982.3409745439158
2022-10-19,2022-10-18,8475385.571800193,0.04831940554738136,409525.59261423815,0.025410450242446814,215363.36335778044,0.00025410450242446814,2153.633633577804,-0.03136176586480688,-265803.05791676004,-0.0003136176586480688,-2658.0305791676
2022-10-20,2022-10-19,8047921.131607957,0.048697250095054746,391911.6280911887,0.03508103634992932,282329.41375930305,0.0003508103634992932,2823.2941375930304,-0.029783978249142695,-239699.10793462727,-0.00029783978249142695,-2396.9910793462727
2022-10-21,2022-10-20,8038114.597897899,0.048529278836092114,390083.9046378496,0.03312688398300068,266277.68972662784,0.00033126883983000677,2662.7768972662784,-0.013826892876139807,-111142.14947126985,-0.00013826892876139807,-1111.4214947126986
2022-10-24,2022-10-21,8176419.805981873,0.04833828647572371,395234.12292733305,0.035545316597957594,290633.43064143666,0.00035545316597957594,2906.3343064143664,-0.01735973942040142,-141940.51722365446,-0.0001735973942040142,-1419.4051722365446
2022-10-25,2022-10-24,8124296.558224041,0.048391868495755636,393149.8906660979,-0.008725197370692411,-70886.09096854182,-8.725197370692411e-05,-708.860909685418,-0.013753980386506381,-111741.41551597476,-0.00013753980386506381,-1117.4141551597477
2022-10-26,2022-10-25,8585772.031449905,0.04857832904699898,417082.4588662943,0.03532505705265421,303292.8868520507,0.0003532505705265421,3032.928868520507,-0.01917775723896467,-164655.8517282388,-0.0001917775723896467,-1646.5585172823883
2022-10-27,2022-10-26,8481233.015316255,0.04850392293025459,411373.0725284304,0.03522578098739612,298758.0567006036,0.0003522578098739612,2987.5805670060363,-0.02944741977735782,-249750.428831604,-0.0002944741977735782,-2497.50428831604
2022-10-28,2022-10-27,8434569.515798034,0.048389526617924845,408144.8260954464,0.03546009292811625,299090.6188388548,0.0003546009292811625,2990.906188388548,-0.020095018270995663,-169492.82852794454,-0.00020095018270995663,-1694.9282852794454
2022-10-31,2022-10-28,8727216.804063976,0.04838489224308007,422265.4446466331,0.035679621548265206,311383.7927386632,0.00035679621548265206,3113.837927386632,-0.01868611349273644,-163077.76367645603,-0.0001868611349273644,-1630.7776367645604
2022-11-01,2022-10-31,8774433.100745654,0.04847202710347049,425314.55907693197,0.006847332201941753,60081.458324519335,6.847332201941753e-05,600.8145832451934,-0.013681581022421951,-120048.11739367273,-0.00013681581022421951,-1200.4811739367274
2022-11-02,2022-11-01,8922225.658638278,0.04862946828645984,433883.0897113884,0.03529906265501842,314946.2025464856,0.0003529906265501842,3149.4620254648557,-0.029516258414245128,-263350.71817057586,-0.0002951625841424513,-2633.5071817057587
2022-11-03,2022-11-02,8435588.836819543,0.05047695330461565,425802.8238130771,-0.0065780056968937906,-55489.351425252615,-6.57800569689379e-05,-554.8935142525262,-0.03132131375763736,-264213.72468844807,-0.0003132131375763736,-2642.1372468844806
2022-11-04,2022-11-03,8445473.101478592,0.0499208362096079,421605.079411562,0.036749113412196804,310363.6488258942,0.00036749113412196804,3103.6364882589423,-0.028278040232524587,-238821.42814631583,-0.00028278040232524587,-2388.2142814631584
2022-11-07,2022-11-04,7906678.758059866,0.048278016289195556,381718.7658750507,0.030745841125997403,243097.4889296071,0.00030745841125997403,2430.974889296071,-0.03484686454883895,-275522.9637132943,-0.0003484686454883895,-2755.2296371329435
2022-11-08,2022-11-07,8011890.26207373,0.04805224611502968,384989.32271977654,0.004927469219980635,39478.34266023088,4.927469219980635e-05,394.78342660230885,-0.04393316467546857,-351987.6942454682,-0.00043933164675468567,-3519.876942454682
2022-11-09,2022-11-08,8043952.324439615,0.0489495320947116,393747.7024734869,-0.009278575209139411,-74636.41662104476,-9.278575209139411e-05,-746.3641662104476,-0.026525394844197775,-213369.01151366328,-0.00026525394844197775,-2133.690115136633
2022-11-10,2022-11-09,7640113.384689374,0.04875544578201638,372497.1338956804,0.004203713180625512,32116.845336692117,4.2037131806255124e-05,321.16845336692114,-0.030007758113836935,-229262.67441004672,-0.00030007758113836935,-2292.6267441004675
2022-11-11,2022-11-10,8522095.78712951,0.04950351366004862,421873.68521040847,0.03371460360506659,287319.08134747937,0.0003371460360506659,2873.1908134747937,-0.041330954340971365,-352226.3518672342,-0.00041330954340971365,-3522.2635186723423
2022-11-14,2022-11-11,9044516.296930967,0.05005104260099309,452687.47048306814,0.033061552280075346,299025.74839897663,0.00033061552280075346,2990.257483989766,-0.04149059965047677,-375262.40470817545,-0.0004149059965047677,-3752.6240470817543
2022-11-15,2022-11-14,8768759.117851237,0.04985019533946446,437124.3549095942,0.01398665034390012,122645.56773127131,0.0001398665034390012,1226.455677312713,0.0038764914021251207,33992.01932765658,3.876491402125121e-05,339.9201932765658
2022-11-16,2022-11-15,9078945.653473025,0.049650386948115174,450773.1647758441,0.01424739532925462,129351.32789784811,0.0001424739532925462,1293.5132789784811,0.004094258785673072,37171.55300638028,4.094258785673072e-05,371.7155300638028
2022-11-17,2022-11-16,8642136.21533389,0.04937971079316434,426746.1869483193,0.026548171236832202,229432.9120967131,0.000265481712368322,2294.329120967131,0.005205738312250019,44988.699595847014,5.205738312250019e-05,449.8869959584701
2022-11-18,2022-11-17,8795362.682145962,0.04949023604675257,435284.5752562024,-0.014254937354055142,-125377.3440401851,-0.00014254937354055142,-1253.773440401851,-0.027003612409691458,-237506.56487133386,-0.0002700361240969146,-2375.0656487133388
2022-11-21,2022-11-18,8744073.175252141,0.04955349577041108,433299.393106022,0.007455080527320884,65187.76965829113,7.455080527320884e-05,651.8776965829113,-0.02675880814068804,-233980.97646470892,-0.0002675880814068804,-2339.809764647089
2022-11-22,2022-11-21,8502188.19172071,0.04902674063350534,416834.575292743,0.014009316764326124,119109.84756772855,0.00014009316764326124,1191.0984756772855,-0.029273226018022847,-248886.4765840053,-0.00029273226018022847,-2488.8647658400528
2022-11-23,2022-11-22,8795456.055794125,0.04867630831773842,428130.33076695434,0.027276884755728092,239912.64120796713,0.0002727688475572809,2399.1264120796714,-0.026018705176918122,-228846.37801224645,-0.0002601870517691812,-2288.4637801224644
2022-11-25,2022-11-23,8953961.63792393,0.04914167250763445,440012.6504567799,0.028662750345206933,256645.16702837375,0.00028662750345206933,2566.4516702837377,-0.014102736098519503,-126275.35801590861,-0.00014102736098519503,-1262.7535801590861
2022-11-28,2022-11-25,8936060.066386767,0.049111716392831586,438865.2476496947,-0.011119817628894857,-99367.35825907091,-0.00011119817628894857,-993.6735825907091,-0.014118771317175871,-126166.18855386219,-0.0001411877131717587,-1261.6618855386218
2022-11-29,2022-11-28,8727896.347131198,0.048710419203696564,425139.4898351726,0.023473811117794008,204876.99030824204,0.00023473811117794008,2048.76990308242,-0.02586413341175292,-225739.4755261523,-0.0002586413341175292,-2257.3947552615227
2022-11-30,2022-11-29,8735395.091992255,0.04873884055069384,425753.0285359241,0.02371239105900813,207137.10447626066,0.0002371239105900813,2071.3710447626067,-0.02612662952250072,-228226.43130115277,-0.0002612662952250072,-2282.2643130115275
2022-12-01,2022-11-30,9101754.3875616,0.04938454658933507,449486.01359722076,-0.012852175080962924,-116977.34093286417,-0.00012852175080962924,-1169.7734093286417,-0.014357227198882883,-130675.95565065103,-0.00014357227198882883,-1306.7595565065103
2022-12-02,2022-12-01,9254402.47009653,0.04935876371251967,456785.864822053,0.009684936301192215,89628.29842848079,9.684936301192215e-05,896.2829842848079,-0.014260095828330654,-131968.66605751644,-0.00014260095828330654,-1319.6866605751643
2022-12-05,2022-12-02,9349180.623296767,0.04938535317417159,461712.5869706325,0.02057913710829598,192398.06989704826,0.0002057913710829598,1923.9806989704825,-0.014297962866296338,-133674.23738219443,-0.00014297962866296338,-1336.7423738219443
2022-12-06,2022-12-05,8885305.624578955,0.04937701755489823,438729.891805471,-0.0077940406497854775,-69252.43322373592,-7.794040649785478e-05,-692.5243322373591,-0.014322458254173442,-127259.41888360457,-0.00014322458254173442,-1272.5941888360455
2022-12-07,2022-12-06,8599795.142574808,0.04905524020809749,421865.0164594372,-0.03473963023602686,-298753.70335862867,-0.0003473963023602686,-2987.5370335862867,-0.013491079519065835,-116020.52011615284,-0.00013491079519065835,-1160.2052011615283
2022-12-08,2022-12-07,8435382.894525763,0.04763822164333864,401846.63997584576,0.005167607363956717,43590.74676354585,5.1676073639567166e-05,435.90746763545854,-0.026368449138203243,-222427.96481557222,-0.0002636844913820324,-2224.279648155722
2022-12-09,2022-12-08,8639528.81302812,0.048256834807890336,416916.3147483068,-0.013213822773066458,-114161.20257815479,-0.00013213822773066458,-1141.612025781548,-0.024861440195544232,-214791.12890277983,-0.0002486144019554423,-2147.9112890277984
2022-12-12,2022-12-09,8513009.572852641,0.048435894552886154,412335.2339984009,-0.019748166461253103,-168116.33013093512,-0.00019748166461253103,-1681.1633013093513,-0.04106968579572143,-349626.62833302666,-0.0004106968579572143,-3496.2662833302666
2022-12-13,2022-12-12,8448102.889969693,0.048582279108278094,410428.09253595845,0.008028352205129152,67824.34546584616,8.028352205129152e-05,678.2434546584615,-0.02926120693432649,-247201.68686588484,-0.0002926120693432649,-2472.0168686588486
2022-12-14,2022-12-13,8370319.7116756085,0.048696723277803215,407607.1427462087,0.0159908680036909,133848.67765809674,0.000159908680036909,1338.4867765809672,-0.020014600008946837,-167528.60097619053,-0.00020014600008946837,-1675.2860097619052
2022-12-15,2022-12-14,8383152.4693261115,0.04874410866392657,408629.29491109634,-0.03269632515137608,-274098.2789306478,-0.00032696325151376077,-2740.982789306478,-0.029522486108805868,-247491.50232368172,-0.0002952248610880587,-2474.9150232368174
2022-12-16,2022-12-15,8112937.788582365,0.04792135241310466,388782.9508722495,0.024380295761158854,197795.82277752014,0.00024380295761158854,1977.9582277752013,-0.0170785061350473,-138556.857795561,-0.000170785061350473,-1385.56857795561
2022-12-19,2022-12-16,7920930.421644214,0.04805327720770766,380626.6652942341,0.024901337106154886,197241.75862376014,0.00024901337106154886,1972.4175862376012,-0.017253184364576096,-136661.27290360708,-0.00017253184364576096,-1366.612729036071
2022-12-20,2022-12-19,7737814.672503866,0.04740762679631944,366831.43021314807,0.02597406535961369,200982.50404419322,0.0002597406535961369,2009.8250404419323,-0.016531028142015985,-127914.03210886562,-0.00016531028142015985,-1279.1403210886563
2022-12-21,2022-12-20,7748437.531121597,0.04742165503380212,367443.7316518137,0.018096578041160855,140220.20447900172,0.00018096578041160855,1402.2020447900172,-0.011267191976808283,-87303.13318345344,-0.00011267191976808283,-873.0313318345343
2022-12-22,2022-12-21,7858472.582786587,0.04798979309253016,377126.4732712494,-0.024418942819025985,-191895.59264394912,-0.00024418942819025985,-1918.9559264394911,-0.011954252575539781,-93942.16611258531,-0.00011954252575539781,-939.4216611258531
2022-12-23,2022-12-22,7636027.047471923,0.04782376372561309,365183.55332068814,0.0130020270411986,99283.83015855384,0.000130020270411986,992.8383015855384,-0.017442758580947515,-133193.3763066382,-0.00017442758580947515,-1331.933763066382
2022-12-27,2022-12-23,7704091.375627687,0.04759222213669271,366654.8281102514,0.019737442041693753,152059.05701036417,0.00019737442041693753,1520.5905701036418,-0.01720661848486349,-132561.36107295274,-0.0001720661848486349,-1325.6136107295274
2022-12-28,2022-12-27,7589372.111756637,0.04694394751940433,356275.0861195344,0.021092868238572343,160081.6259667783,0.00021092868238572343,1600.8162596677828,-0.01672050377084927,-126898.12501300513,-0.0001672050377084927,-1268.9812501300514
2022-12-29,2022-12-28,7442589.488450528,0.047081162316572375,350405.76376135467,0.020145948795627366,149938.02674119882,0.00020145948795627366,1499.3802674119881,-0.01680435093983426,-125067.88566504423,-0.00016804350939834262,-1250.6788566504422
2022-12-30,2022-12-29,7679143.353085926,0.04747792695452564,364589.8071911447,0.01969716396337251,151257.34572397565,0.0001969716396337251,1512.5734572397564,-0.017264599275159526,-132577.33276753337,-0.00017264599275159526,-1325.7733276753336
2023-01-03,2022-12-30,7734616.3404145995,0.04756274378550469,367879.5752783175,0.019604402323879916,151632.53055834354,0.00019604402323879916,1516.3253055834355,-0.017388522122749328,-134493.54734627772,-0.00017388522122749328,-1344.935473462777
2023-01-04,2023-01-03,7628441.59779021,0.04755219233865934,362749.1221023498,0.019517813829238867,148890.50291289078,0.00019517813829238867,1488.905029128908,-0.01742520785755694,-132927.18047072817,-0.0001742520785755694,-1329.2718047072817
2023-01-05,2023-01-04,8097237.69264383,0.04773242199154241,386500.7665110984,0.019237810755773355,155773.12637559688,0.00019237810755773355,1557.731263755969,-0.01753793790966185,-142008.85189336105,-0.0001753793790966185,-1420.0885189336107
2023-01-06,2023-01-05,8006826.994138036,0.047317204349750244,378860.66907472594,0.025233310084965543,202038.74833975764,0.00025233310084965543,2020.3874833975765,-0.05817211239471584,-465774.0398280426,-0.0005817211239471584,-4657.740398280426
2023-01-09,2023-01-06,8163808.782071837,0.047270095849672636,385904.02362693497,0.02961460844293981,241768.0004840908,0.0002961460844293981,2417.680004840908,-0.034419832716144766,-280996.93260550615,-0.00034419832716144766,-2809.9693260550616
2023-01-10,2023-01-09,8182564.219233433,0.04680047911597124,382947.92585732776,0.07784758463155947,636992.860559945,0.0007784758463155947,6369.92860559945,0.0006780571731729301,5548.246363799385,6.780571731729301e-06,55.48246363799385
2023-01-11,2023-01-10,8458721.028625637,0.04754218192155733,402146.0539666226,0.019415411677915773,164229.5510394099,0.00019415411677915773,1642.2955103940992,-0.019736797202069,-166948.0615308607,-0.00019736797202069,-1669.480615308607
2023-01-12,2023-01-11,8749695.678655498,0.0481119078186885,420964.55193305045,0.018854071871349243,164967.39117780465,0.00018854071871349243,1649.6739117780464,-0.0178366366640606,-156065.14274127924,-0.000178366366640606,-1560.6514274127926
2023-01-13,2023-01-12,8983952.662185391,0.04865495699522692,437113.83042578463,-0.013754469365841182,-123569.5016761963,-0.00013754469365841182,-1235.695016761963,-0.014275464868099275,-128250.1006056945,-0.00014275464868099275,-1282.501006056945
2023-01-17,2023-01-13,9030271.070497906,0.048851867135749134,441145.6025357628,-0.034330183634574685,-310010.8641201804,-0.00034330183634574685,-3100.1086412018044,-0.018681548455709573,-168699.446571699,-0.00018681548455709573,-1686.99446571699
2023-01-18,2023-01-17,9103856.110745644,0.04880348566292806,444299.9111781351,-0.05324311982070687,-484717.7017349048,-0.0005324311982070687,-4847.177017349048,-0.022724319448075986,-206878.93446990266,-0.00022724319448075986,-2068.7893446990265
2023-01-19,2023-01-18,8937983.511601796,0.04839486619322975,432552.51608126273,-0.025317988974789263,-226291.7680035825,-0.00025317988974789263,-2262.917680035825,-0.012374561604903273,-110603.62758792611,-0.00012374561604903273,-1106.0362758792612
2023-01-20,2023-01-19,8659961.071111618,0.04831040692616278,418366.2433101307,0.0031308370668781116,27112.927119157728,3.1308370668781116e-05,271.1292711915773,-0.01793495568262332,-155316.01802363005,-0.00017934955682623321,-1553.1601802363004
2023-01-23,2023-01-20,8955409.588080833,0.04906101659644639,439361.4984288089,-0.046674205394834495,-417986.62650895497,-0.00046674205394834495,-4179.866265089549,-0.019105646347993693,-171098.88849130427,-0.00019105646347993693,-1710.9888849130427
2023-01-24,2023-01-23,9497439.866007164,0.04916936930937307,466983.128265269,0.023770435249687027,225758.27937271952,0.00023770435249687027,2257.582793727195,-0.018370967751191875,-174477.16149730168,-0.00018370967751191875,-1744.771614973017
2023-01-25,2023-01-24,9320744.96806209,0.04873703317718972,454265.4567445662,-0.004418522388948548,-41183.920323061866,-4.418522388948548e-05,-411.83920323061864,-0.012443296504469764,-115980.79328014115,-0.00012443296504469764,-1159.8079328014114
2023-01-26,2023-01-25,9306644.197444541,0.0488546562390749,454672.9030055342,-0.012177479696585947,-113331.47075773032,-0.00012177479696585947,-1133.3147075773031,-0.013496429639115598,-125606.46858709371,-0.00013496429639115598,-1256.064685870937
2023-01-27,2023-01-26,9321334.853814503,0.048898414388673976,455798.49433741136,-0.011785922804691956,-109860.53302374232,-0.00011785922804691956,-1098.6053302374232,-0.013867132770856161,-129260.18801945481,-0.0001386713277085616,-1292.6018801945481
2023-01-30,2023-01-27,9697526.210146612,0.04879506233736383,473191.39594232355,-0.012195687333205196,-118267.99756451043,-0.00012195687333205196,-1182.6799756451042,-0.013362751793254135,-129585.63575476561,-0.00013362751793254135,-1295.856357547656
2023-01-31,2023-01-30,9529689.652963664,0.04860847032812901,463223.6367323623,-0.011936401401357877,-113750.20092814114,-0.00011936401401357877,-1137.5020092814113,-0.013193085527812842,-125726.0106450627,-0.00013193085527812842,-1257.260106450627
2023-02-01,2023-01-31,9807043.991302852,0.0487869903120044,478456.1601930932,-0.025717926183436296,-252216.8334460392,-0.00025717926183436296,-2522.168334460392,-0.0133994226672908,-131408.72755618146,-0.000133994226672908,-1314.0872755618147
2023-02-02,2023-02-01,10333189.129155876,0.04856880432980946,501870.6409168859,0.016498189534337043,170478.91274696478,0.00016498189534337043,1704.7891274696478,-0.012101774246091324,-125049.92208320941,-0.00012101774246091324,-1250.4992208320941
2023-02-03,2023-02-02,10734308.710603993,0.04933235506999836,529548.7287424925,-6.214849926355903e-05,-667.1211769957876,-6.214849926355903e-07,-6.671211769957876,-0.03709415730509605,-398180.13587260724,-0.0003709415730509605,-3981.8013587260725
2023-02-06,2023-02-03,10532291.013944175,0.04912123324313226,517359.12348049774,-0.010295429312475596,-108434.45763248418,-0.00010295429312475596,-1084.3445763248417,-0.043192049976863156,-454911.2398451435,-0.00043192049976863156,-4549.112398451435
2023-02-07,2023-02-06,10406926.583571132,0.0492490773247116,512531.5320268914,-0.016410331231391656,-170781.11233717742,-0.00016410331231391656,-1707.811123371774,-0.0391929030067531,-407877.6641883038,-0.000391929030067531,-4078.776641883038
2023-02-08,2023-02-07,10331904.8677316,0.04912251321062505,507529.13335606677,0.010905015860180473,112669.58644848892,0.00010905015860180473,1126.6958644848892,0.004774108778096003,49325.637723490254,4.7741087780960034e-05,493.2563772349026
2023-02-09,2023-02-08,10158150.143698283,0.04928398999121333,500634.1700112684,0.010594745342960843,107623.0139280444,0.00010594745342960843,1076.230139280444,0.004444026953247249,45143.09303372758,4.444026953247249e-05,451.4309303372758
2023-02-10,2023-02-09,9765623.456244012,0.048468493250514146,473325.0545760255,-0.01152703632291488,-112568.69629603428,-0.0001152703632291488,-1125.6869629603427,-0.013768501799063526,-134458.00412627266,-0.00013768501799063526,-1344.5800412627266
2023-02-13,2023-02-10,9488840.046829449,0.048683134532109616,461946.4765534674,-0.028638613399492585,-271747.22171077173,-0.00028638613399492585,-2717.472217107717,-0.0379799653635042,-360385.81631841406,-0.00037979965363504203,-3603.8581631841407
2023-02-14,2023-02-13,9633362.520505086,0.048511181464938054,467325.79734975524,-0.03459075040376444,-333225.23849577055,-0.0003459075040376444,-3332.2523849577055,-0.022125774570453532,-213145.60748415158,-0.00022125774570453532,-2131.4560748415156
2023-02-15,2023-02-14,9675624.151893891,0.04876352332258358,471817.52399143076,-0.011270183801260353,-109046.06258375797,-0.00011270183801260353,-1090.4606258375798,-0.013838866404028427,-133899.6700136504,-0.00013838866404028427,-1338.9967001365042
2023-02-16,2023-02-15,10114137.057224695,0.04907720215335372,496373.54896414245,0.013876842484350504,140352.28680823944,0.00013876842484350504,1403.5228680823943,0.006064321949921653,61335.383360643704,6.064321949921653e-05,613.3538336064371
2023-02-17,2023-02-16,9979148.65134021,0.04970588031233512,496022.3684825169,-0.010518038306089883,-104961.06777696153,-0.00010518038306089883,-1049.6106777696152,-0.014676487032635327,-146458.8457781349,-0.00014676487032635327,-1464.5884577813492
2023-02-21,2023-02-17,10195812.33913862,0.04959491294230827,505660.4253356923,-0.010394957659169007,-105985.03756617887,-0.00010394957659169007,-1059.8503756617886,-0.01450858335580521,-147926.79320253996,-0.0001450858335580521,-1479.2679320253997
2023-02-22,2023-02-21,9516134.548646096,0.04995525214524068,475380.9008256518,0.02071016416091559,197080.70867982102,0.0002071016416091559,1970.8070867982103,-0.01871379544464008,-178082.9953670354,-0.0001871379544464008,-1780.829953670354
2023-02-23,2023-02-22,9629867.78743211,0.049960123872517755,481109.3875360767,0.020673511012805207,199083.17775533584,0.00020673511012805207,1990.8317775533583,-0.01897104167979738,-182688.62316631273,-0.0001897104167979738,-1826.8862316631273
2023-02-24,2023-02-23,9357416.160577,0.049762372340234035,465647.2271251558,-0.013542899378293782,-126726.54550351444,-0.00013542899378293782,-1267.2654550351444,-0.015964731726580278,-149388.63865757865,-0.00015964731726580278,-1493.8863865757862
2023-02-27,2023-02-24,9127348.317507455,0.04912653231757134,448394.9720937604,0.01728226824769738,157741.2820133332,0.0001728226824769738,1577.412820133332,-0.0189589648993245,-173045.07637553237,-0.00018958964899324499,-1730.4507637553236
2023-02-28,2023-02-27,9222330.819047598,0.04946075169710168,456143.4147094416,-0.010491135637508142,-96752.72351659992,-0.00010491135637508142,-967.5272351659991,-0.015971372876927292,-147293.28430538747,-0.00015971372876927292,-1472.9328430538746
2023-03-01,2023-02-28,9261891.056346277,0.049625724653069976,459628.05532897176,-0.011952998028043338,-110707.36553245927,-0.00011952998028043338,-1107.0736553245927,-0.014761036689438928,-136715.11369631367,-0.00014761036689438928,-1367.1511369631367
2023-03-02,2023-03-01,9055570.843991568,0.04965865615002913,449687.4787840064,-0.010597661451139384,-95967.87405143118,-0.00010597661451139384,-959.6787405143118,-0.019606732891669365,-177550.15871973158,-0.00019606732891669365,-1775.501587197316
2023-03-03,2023-03-02,9133433.085401302,0.04962567820576306,453252.81120999466,-0.011366009467453364,-103810.68691902299,-0.00011366009467453364,-1038.1068691902299,-0.015200229665519871,-138830.28053275755,-0.0001520022966551987,-1388.3028053275757
2023-03-06,2023-03-03,9336603.840656947,0.04957801857923978,462890.31867909164,-0.011278666538729748,-105304.44132299317,-0.00011278666538729748,-1053.0444132299317,-0.01598578433040093,-149252.93537513498,-0.00015985784330400932,-1492.5293537513498
2023-03-07,2023-03-06,9146913.879506528,0.049544212680015326,453176.64661205554,-0.010605460254473759,-97007.23160020086,-0.00010605460254473759,-970.0723160020086,-0.0147571293052505,-134982.19086386834,-0.000147571293052505,-1349.8219086386832
2023-03-08,2023-03-07,9172776.090603491,0.04928434859746933,452074.2944558344,-0.006590068370458668,-60449.221583985585,-6.590068370458668e-05,-604.4922158398558,-0.019558121944521917,-179402.2733498181,-0.00019558121944521917,-1794.022733498181
2023-03-09,2023-03-08,9227178.123908361,0.049188770466325346,453873.54678882693,0.004422468756871273,40806.90696707081,4.422468756871273e-05,408.06906967070813,-0.013386412441829254,-123518.81204086161,-0.00013386412441829254,-1235.188120408616
2023-03-10,2023-03-09,8921946.548276799,0.04903263508085597,437466.54931255884,0.012207077217907258,108910.89044885601,0.00012207077217907258,1089.10890448856,-0.008411258098527108,-75044.7951588192,-8.411258098527108e-05,-750.447951588192
2023-03-13,2023-03-10,8682710.087863334,0.0487914957202791,423642.412092408,0.012532580440448304,108816.76261723919,0.00012532580440448304,1088.167626172392,0.005351848033315759,46468.54490758228,5.351848033315759e-05,464.6854490758228
2023-03-14,2023-03-13,8590762.59804976,0.048907971292811096,420156.7705287729,0.012861182314102826,110487.36399069362,0.00012861182314102826,1104.8736399069362,-0.003050671566415253,-26207.59519169403,-3.050671566415253e-05,-262.07595191694026
2023-03-15,2023-03-14,8593621.396799335,0.0490373878459754,421408.7454363219,0.014263865814913984,122578.2624681194,0.00014263865814913984,1225.782624681194,-0.03641988333194096,-312978.6886703033,-0.0003641988333194096,-3129.786886703033
2023-03-16,2023-03-15,8500149.597657967,0.04919789485301455,418189.4661404706,0.027630201390933112,234860.84523634872,0.0002763020139093311,2348.6084523634872,-0.04297161788450396,-365265.18047167826,-0.0004297161788450396,-3652.6518047167824
2023-03-17,2023-03-16,8637348.301665371,0.049282091173483436,425666.58649980515,0.03239968531655868,279847.36694347055,0.0003239968531655868,2798.4736694347057,-0.042994340479812765,-371357.0937245335,-0.00042994340479812765,-3713.5709372453352
2023-03-20,2023-03-17,8498148.12908112,0.04904404621747552,416783.5696056076,0.0345930754709442,293977.0795925665,0.000345930754709442,2939.7707959256645,-0.0269355064524468,-228901.92376471322,-0.000269355064524468,-2289.0192376471323
2023-03-21,2023-03-20,8413465.878672367,0.04860451175266757,408932.40118059865,0.03730409311553037,313856.71456233156,0.00037304093115530373,3138.5671456233154,-0.028353899444778785,-238554.56550595368,-0.00028353899444778785,-2385.545655059537
2023-03-22,2023-03-21,8745575.46290097,0.04908659858382627,429290.5521319805,0.03680373835424494,321869.8710939119,0.0003680373835424494,3218.698710939119,-0.02852128934235018,-249435.0882427567,-0.0002852128934235018,-2494.350882427567
2023-03-23,2023-03-22,8704241.628810266,0.04955941364339871,431377.1113342985,-0.01838022598727382,-159985.92818536903,-0.00018380225987273818,-1599.8592818536904,-0.014374636534805058,-125120.30972526713,-0.00014374636534805058,-1251.2030972526713
2023-03-24,2023-03-23,8651463.753245631,0.04973149883267918,430250.2595455014,-0.016854884792634472,-145819.42484860815,-0.00016854884792634472,-1458.1942484860815,-0.02750355421094336,-237946.00234140272,-0.0002750355421094336,-2379.460023414027
2023-03-27,2023-03-24,8669140.413506266,0.049649335024793025,430417.05676714535,-0.026564072488358126,-230287.6743561354,-0.00026564072488358126,-2302.8767435613536,0.008465153288568505,73385.6024804547,8.465153288568505e-05,733.856024804547
2023-03-28,2023-03-27,8645976.658335745,0.04962395994756926,429047.5994008717,-0.01564096362444284,-135231.40641081124,-0.00015640963624442838,-1352.3140641081125,-0.010274849758661747,-88836.11118129613,-0.00010274849758661747,-888.3611118129613
2023-03-29,2023-03-28,8634960.079217428,0.04949916994187344,427423.35640247643,-0.016556723658640166,-142966.64783499256,-0.00016556723658640166,-1429.6664783499255,-0.018021783386716617,-155617.38010060185,-0.00018021783386716617,-1556.1738010060185
2023-03-30,2023-03-29,8792889.848534692,0.04942022041356313,434546.5543867662,-0.034808700342157245,-306069.0678792405,-0.00034808700342157245,-3060.690678792405,0.00030291261500364763,2663.477257458671,3.0291261500364763e-06,26.63477257458671
2023-03-31,2023-03-30,8704221.447224688,0.04943490548813006,430292.36459130706,-0.01860883691735607,-161975.43740395724,-0.0001860883691735607,-1619.7543740395724,-0.006845611805565005,-59585.72109737343,-6.845611805565005e-05,-595.8572109737344
2023-04-03,2023-03-31,9081031.579310115,0.049560709911681246,450062.3718010052,-0.023052726039923116,-209342.53315772643,-0.00023052726039923116,-2093.4253315772644,-0.02748288266911994,-249572.92540875284,-0.0002748288266911994,-2495.7292540875287
2023-04-04,2023-04-03,9125995.074716726,0.04969081309867308,453478.1155971599,-0.022354128621522584,-204003.66769959932,-0.00022354128621522584,-2040.036676995993,-0.03701253999730189,-337776.25771813287,-0.0003701253999730189,-3377.762577181329
2023-04-05,2023-04-04,9082707.910788782,0.04956661014549134,450199.0420794377,-0.013661977712317586,-124087.75304468696,-0.00013661977712317586,-1240.8775304468695,-0.019634669039780145,-178335.9638133307,-0.00019634669039780145,-1783.359638133307
2023-04-06,2023-04-05,8742398.676998861,0.049645872811056375,434024.012781833,-0.018755896398620076,-163971.52386122386,-0.00018755896398620076,-1639.7152386122386,-0.026478107104324633,-231482.1685182818,-0.00026478107104324633,-2314.8216851828183
2023-04-10,2023-04-06,8798635.50961293,0.0495062430301327,435587.38787245314,-0.010452632614771362,-91968.90449326555,-0.00010452632614771362,-919.6890449326555,-0.014590054164843186,-128372.56866196527,-0.00014590054164843186,-1283.7256866196526
2023-04-11,2023-04-10,8938787.490595832,0.04975227640216727,444725.02593235904,-0.02264624972879159,-202430.01378463153,-0.0002264624972879159,-2024.3001378463152,-0.02033482189689323,-181768.65159544343,-0.0002033482189689323,-1817.686515954434
2023-04-12,2023-04-11,9005413.186673947,0.049502890027237706,445793.97862975666,0.01048271061260958,94401.14038288125,0.0001048271061260958,944.0114038288124,-0.020485030479583388,-184476.16361025797,-0.00020485030479583388,-1844.7616361025796
2023-04-13,2023-04-12,8750289.335287446,0.049395546427560014,432225.3231157743,0.007223699734960204,63209.46275214102,7.223699734960204e-05,632.0946275214102,-0.008857567251115833,-77506.27625403022,-8.857567251115833e-05,-775.0627625403022
2023-04-14,2023-04-13,8870893.622698091,0.04963459626787354,440303.22349787387,-0.02469298827240049,-219048.87219099625,-0.0002469298827240049,-2190.488721909963,-0.01952578789801776,-173211.1873426813,-0.0001952578789801776,-1732.1118734268132
2023-04-17,2023-04-14,8864838.726274652,0.0494646427415418,438496.0805565602,-0.014685338799080155,-130183.16009454946,-0.00014685338799080155,-1301.8316009454945,-0.007309957034444536,-64801.59020634774,-7.309957034444536e-05,-648.0159020634774
2023-04-18,2023-04-17,8954283.056763886,0.04957257829048532,443886.89786659396,-0.02100196987715186,-188057.5830296464,-0.0002100196987715186,-1880.5758302964641,-0.007335281828470264,-65682.1897932593,-7.335281828470264e-05,-656.821897932593
2023-04-19,2023-04-18,9066478.861035042,0.04941265867945363,447998.825384806,-0.017678295756253654,-160279.89477319922,-0.00017678295756253654,-1602.7989477319923,-0.006424238495442852,-58245.22251718018,-6.424238495442852e-05,-582.4522251718018
2023-04-20,2023-04-19,9095718.163550103,0.049493313039992916,450177.22639213473,-0.016141782764568513,-146821.10668376583,-0.00016141782764568513,-1468.211066837658,-0.019143096456304687,-174120.21014420214,-0.00019143096456304687,-1741.2021014420216
2023-04-21,2023-04-20,8961786.313209537,0.049048958200079595,439566.28227466,0.0174988379013509,156820.8460013988,0.000174988379013509,1568.208460013988,-0.019700674556984155,-176553.23560577596,-0.00019700674556984155,-1765.5323560577597
2023-04-24,2023-04-21,9050020.580259863,0.049033135472583034,443750.8851415464,0.018212404000709365,164822.63102242682,0.00018212404000709365,1648.2263102242682,-0.01943664192693567,-175902.00944990956,-0.00019436641926935672,-1759.0200944990956
2023-04-25,2023-04-24,9028184.560375435,0.04919111939010101,444106.50458529464,0.019231489246444855,173625.43428777964,0.00019231489246444855,1736.2543428777965,-0.020446831280038907,-184597.76647104876,-0.00020446831280038907,-1845.9776647104877
2023-04-26,2023-04-25,8744783.833514635,0.048923061657822835,427821.5986713688,0.014859757564067433,129945.36771620369,0.00014859757564067433,1299.453677162037,-0.014174030943724797,-123948.83665242078,-0.00014174030943724797,-1239.4883665242078
2023-04-27,2023-04-26,8652141.23501855,0.0488838250425961,422949.7583764781,0.012358904282600003,106930.98536313084,0.00012358904282600003,1069.3098536313082,-0.01462622404516667,-126548.15617380635,-0.0001462622404516667,-1265.4815617380634
2023-04-28,2023-04-27,8755062.82249572,0.04885249519181431,427706.66444000433,0.01135791332152955,99439.24466245224,0.0001135791332152955,994.3924466245223,-0.012930503608576255,-113207.37141959272,-0.00012930503608576255,-1132.073714195927
2023-05-01,2023-04-28,8783741.336599689,0.04876145353660451,428307.9950621581,-0.01071617769706143,-94128.13300802614,-0.0001071617769706143,-941.2813300802615,-0.012821367129175337,-112619.5724442579,-0.00012821367129175337,-1126.195724442579
2023-05-02,2023-05-01,8716905.07020684,0.048838868153957375,425723.7774343944,-0.01288619286670123,-112327.71993541115,-0.0001288619286670123,-1123.2771993541116,-0.013591288390510381,-118473.9706818833,-0.0001359128839051038,-1184.739706818833
2023-05-03,2023-05-02,8717583.748849822,0.04869911817081585,424538.64114922134,-0.012383440635085202,-107953.68083526527,-0.00012383440635085202,-1079.5368083526528,-0.01300894349772555,-113406.55442547782,-0.0001300894349772555,-1134.0655442547782
2023-05-04,2023-05-03,8669819.743638579,0.048525475033947676,420707.1215187605,-0.010598071252935354,-91883.36739318738,-0.00010598071252935354,-918.8336739318738,-0.013212979645914336,-114554.15180644278,-0.00013212979645914336,-1145.541518064428
2023-05-05,2023-05-04,8665108.225581845,0.04902850957234046,424837.34158330556,-0.015372269743915007,-133202.38100386085,-0.00015372269743915007,-1332.0238100386084,-0.01819440386584617,-157656.4785975018,-0.0001819440386584617,-1576.5647859750177
2023-05-08,2023-05-05,9216171.363043366,0.04938173525200853,455110.5342869501,-0.01423530155805347,-131194.978563619,-0.0001423530155805347,-1311.94978563619,-0.019022829934938618,-175317.6604904254,-0.00019022829934938618,-1753.1766049042537
2023-05-09,2023-05-08,9246411.750285458,0.04943572031815732,457103.0252336354,0.02289299958825111,211678.10039208524,0.00022892999588251112,2116.781003920852,-0.041172123712348435,-380694.4084780651,-0.00041172123712348435,-3806.944084780651
2023-05-10,2023-05-09,9207040.276752625,0.04919103025801821,452903.7968405307,0.014121682902906718,130018.90326259108,0.00014121682902906718,1300.1890326259108,-0.033595464640846784,-309314.796064495,-0.00033595464640846784,-3093.1479606449498
2023-05-11,2023-05-10,9243552.78765154,0.04958583072532115,458349.2438290597,-0.021238078053178316,-196315.29559281742,-0.00021238078053178316,-1963.1529559281744,-0.033977769273016434,-314075.3038817719,-0.00033977769273016434,-3140.7530388177192
2023-05-12,2023-05-11,9221310.437837642,0.04931138974056517,454715.6329189536,-0.01739799716667864,-160432.33287056346,-0.00017397997166678641,-1604.3233287056348,-0.033657318509410644,-310364.5824804544,-0.00033657318509410644,-3103.645824804544
2023-05-15,2023-05-12,9050084.960177796,0.04898862176325004,443351.18903942785,0.0012861407837141958,11639.683363363127,1.2861407837141958e-05,116.39683363363127,-0.040747158589529014,-368765.24712107604,-0.00040747158589529014,-3687.6524712107603
2023-05-16,2023-05-15,9220171.617909126,0.04905233037659659,452270.90433059755,0.030769879082481744,283703.5658027939,0.00030769879082481744,2837.0356580279386,-0.034635448562585214,-319344.77981029963,-0.00034635448562585214,-3193.4477981029963
2023-05-17,2023-05-16,8886986.50008572,0.04922489543234961,437460.98117542226,0.03415992203185392,303578.76594106655,0.0003415992203185392,3035.7876594106656,-0.004514913537988219,-40123.97566115556,-4.514913537988219e-05,-401.2397566115556
2023-05-18,2023-05-17,9233240.116199313,0.04917946050618365,454085.76763873466,0.029770625452504862,274879.3332124122,0.0002977062545250486,2748.793332124122,-0.03685535616574989,-340294.3530464156,-0.0003685535616574989,-3402.943530464156
2023-05-19,2023-05-18,9489207.71637591,0.049621701361576384,470870.6314599716,-0.019390592465194645,-184001.3596458256,-0.00019390592465194645,-1840.013596458256,-0.03645732914943842,-345951.1690833074,-0.00036457329149438417,-3459.511690833074
2023-05-22,2023-05-19,9165559.51534394,0.048982601613293056,448952.9503030196,0.03433646047792463,314712.8720566732,0.0003433646047792463,3147.128720566732,0.017075270132908826,156504.40464375066,0.00017075270132908826,1565.0440464375067
2023-05-23,2023-05-22,9426972.84490137,0.04951124356615311,466741.148615423,0.033444950518166094,315284.64033382176,0.00033444950518166094,3152.846403338218,-0.03668688804502676,-345846.29736440396,-0.0003668688804502676,-3458.4629736440397
2023-05-24,2023-05-23,9293635.744223353,0.04947333640886889,459787.1676354505,0.03391082676643328,315154.87175269035,0.00033910826766433283,3151.5487175269036,-0.002311359755235304,-21480.93563901416,-2.3113597552353038e-05,-214.80935639014157
2023-05-25,2023-05-24,9322392.94317105,0.04946315823993863,461114.9973229569,0.033686998589894934,314043.4379310497,0.00033686998589894934,3140.4343793104968,-0.024131000249375673,-224958.66643643862,-0.00024131000249375673,-2249.5866643643863
2023-05-26,2023-05-25,9121854.962127665,0.04941211140845503,450730.1136404205,0.0336637794912692,307076.11399640545,0.00033663779491269197,3070.7611399640546,-0.033123729800052515,-302149.85904078506,-0.00033123729800052515,-3021.4985904078503
2023-05-30,2023-05-26,9199609.44767889,0.04957488156709446,456069.54883220425,0.03384523475309445,311362.9413934776,0.0003384523475309445,3113.629413934776,0.006984578507975708,64255.39443002825,6.984578507975708e-05,642.5539443002825
2023-05-31,2023-05-30,9406662.587357553,0.05023747813897794,472567.00609311677,0.017381881259581622,163505.49214239782,0.00017381881259581622,1635.0549214239782,-0.019631433500683082,-184666.27104707327,-0.00019631433500683082,-1846.6627104707327
2023-06-01,2023-05-31,9311329.433846248,0.05010601669621339,466553.6280762433,0.03366088887491944,313427.6253504651,0.0003366088887491944,3134.2762535046513,-0.015171604552279006,-141267.80802631125,-0.00015171604552279006,-1412.6780802631124
2023-06-02,2023-06-01,9592521.571167002,0.05094196234720222,488661.87269311445,-0.03444822987739779,-330445.38818745787,-0.0003444822987739779,-3304.453881874579,-0.02169993434039258,-208157.0882531234,-0.0002169993434039258,-2081.570882531234
2023-06-05,2023-06-02,9829189.258062426,0.05079170523438984,499241.2834885377,-0.029869822539894952,-293596.1388493664,-0.0002986982253989495,-2935.961388493664,-0.031192335943278082,-306595.3733875434,-0.0003119233594327808,-3065.9537338754344
2023-06-06,2023-06-05,9909084.796317533,0.05080769162512998,503457.7246185651,0.02404534760042168,238267.3883295087,0.0002404534760042168,2382.6738832950873,-0.04272131858207712,-423329.16844029806,-0.00042721318582077117,-4233.2916844029805
2023-06-07,2023-06-06,10243103.368625918,0.050942417510914086,521808.44841199205,-0.005954506929547326,-60992.629988552595,-5.954506929547326e-05,-609.926299885526,-0.044307899914519666,-453850.39887115645,-0.00044307899914519666,-4538.5039887115645
2023-06-08,2023-06-07,10387990.705444543,0.050913674083010674,528890.7731543476,0.015528758431222062,161312.59825062836,0.00015528758431222062,1613.1259825062834,-0.044012678286044216,-457203.29295714817,-0.00044012678286044216,-4572.032929571482
2023-06-09,2023-06-08,10633805.416898545,0.0508519706920038,540749.961404596,0.0380444959856667,404557.7674955575,0.000380444959856667,4045.577674955575,-0.02591176254402444,-275540.6409020359,-0.0002591176254402444,-2755.406409020359
2023-06-12,2023-06-09,10496117.858700464,0.050794382002571394,533143.820058843,0.035136954929741726,368801.6201384154,0.00035136954929741726,3688.016201384154,-0.029193748343964848,-306421.0233554965,-0.0002919374834396485,-3064.2102335549653
2023-06-13,2023-06-12,10681674.665800823,0.05128960667356088,547858.8922238641,0.03475109511064736,371199.8922522368,0.0003475109511064736,3711.9989225223676,-0.0296764320695711,-316993.9926088967,-0.000296764320695711,-3169.9399260889672
2023-06-14,2023-06-13,10951539.094323145,0.05167464485479689,565916.8933125725,0.03270218416484352,358139.24835103913,0.00032702184164843523,3581.3924835103912,-0.030001096852454168,-328558.1850522269,-0.0003000109685245417,-3285.5818505222687
2023-06-15,2023-06-14,10774937.303321332,0.05143969002022215,554259.4348701776,0.03444495430744987,371142.2230785404,0.0003444495430744987,3711.422230785404,-0.029799651971646607,-321089.3816552881,-0.00029799651971646607,-3210.893816552881
2023-06-16,2023-06-15,10860135.962543642,0.05108983001095157,554842.5002221765,0.034094697431855114,370273.0497117341,0.00034094697431855114,3702.7304971173407,-0.02988070765183315,-324508.54775592615,-0.0002988070765183315,-3245.0854775592616
2023-06-20,2023-06-16,10742867.224573368,0.05100232851791782,547911.243412063,0.03458914026962315,371586.5413287053,0.0003458914026962315,3715.8654132870533,-0.029350103804234168,-315304.2681963334,-0.0002935010380423417,-3153.0426819633335
2023-06-21,2023-06-20,10676245.025399854,0.05063634555680275,540606.0323552433,0.03708897865720151,395971.023886109,0.0003708897865720151,3959.71023886109,-0.02737983255318016,-292313.8010921707,-0.0002737983255318016,-2923.138010921707
2023-06-22,2023-06-21,10592645.299861204,0.05073483225554738,537416.0824309706,0.032570999210521784,345013.0416991166,0.00032570999210521784,3450.1304169911655,-0.03156774288188974,-334385.9032650763,-0.0003156774288188974,-3343.859032650763
2023-06-23,2023-06-22,10678105.172308471,0.05130639760842961,547855.1096750872,0.03424750404184412,365698.450047871,0.00034247504041844123,3656.98450047871,-0.029734534577128408,-317508.4874642199,-0.0002973453457712841,-3175.0848746421993
2023-06-26,2023-06-23,10434475.246518558,0.05039179752033921,525811.9638535548,0.03573469935145221,372872.83582451084,0.0003573469935145221,3728.728358245108,-0.02874080977998475,-299895.26821414934,-0.0002874080977998475,-2998.9526821414934
2023-06-27,2023-06-26,10451154.082952134,0.05021098467675517,524762.7375135169,0.03768077606962003,393807.5966688145,0.0003768077606962003,3938.0759666881445,-0.026717851310167212,-279232.3808079621,-0.0002671785131016721,-2792.323808079621
2023-06-28,2023-06-27,10898186.023092628,0.050877111885829794,554468.2296494701,0.03456454679420448,376690.8607671304,0.0003456454679420448,3766.908607671304,-0.029231626841828146,-318571.7070798708,-0.00029231626841828146,-3185.717070798708
2023-06-29,2023-06-28,10978946.109312633,0.051354131245407095,563814.2394338925,0.09217687600018842,1012004.9541308617,0.0009217687600018842,10120.049541308617,0.0240006898597038,263502.2805560142,0.000240006898597038,2635.022805560142
2023-06-30,2023-06-29,11053156.912484307,0.05130827231854856,567118.3848453922,0.04617822544389638,510415.17177146196,0.0004617822544389638,5104.15171771462,-0.017567375160701393,-194174.9541917117,-0.00017567375160701393,-1941.749541917117
2023-07-03,2023-06-30,11130068.509076092,0.05073556466779817,564690.310599254,0.09251028495182584,1029645.8093079727,0.0009251028495182584,10296.458093079727,0.024568360203205963,273447.532217341,0.00024568360203205963,2734.47532217341
2023-07-05,2023-07-03,11197579.915639233,0.050729434979561665,568046.902258866,0.09267734668917393,1037761.9959214282,0.0009267734668917393,10377.619959214282,0.024548337455922165,274881.9704587683,0.00024548337455922165,2748.819704587683
2023-07-06,2023-07-05,11048662.397571282,0.0509709546519912,563160.8700317662,0.08248834013380585,911385.8218744508,0.0008248834013380585,9113.858218744508,0.018907093730349822,208898.09554587182,0.00018907093730349822,2088.980955458718
2023-07-07,2023-07-06,10613184.842655184,0.050859192201507995,539778.0077827314,0.03456752615083464,366871.5445921249,0.0003456752615083464,3668.715445921249,-0.029051327751306727,-308327.11134917644,-0.00029051327751306727,-3083.2711134917645
2023-07-10,2023-07-07,10959515.020711433,0.050900541039061956,557845.2440799383,0.09196121813307492,1007850.3514523553,0.0009196121813307492,10078.503514523552,0.024394086812468824,267347.36083779077,0.00024394086812468824,2673.4736083779076
2023-07-11,2023-07-10,11563785.533251699,0.05063301949990376,585509.3783978382,0.08325724438010482,962768.9181010574,0.0008325724438010482,9627.689181010574,0.01577053989170671,182367.14105128686,0.00015770539891706709,1823.6714105128685
2023-07-12,2023-07-11,11916943.187721511,0.05066529983120009,603775.4996772878,0.052818546388823384,629435.6165736414,0.0005281854638882338,6294.356165736414,-0.014587421103495757,-173837.46854572877,-0.00014587421103495757,-1738.3746854572878
2023-07-13,2023-07-12,12090130.13439992,0.05202056970636263,628935.4574155465,-0.034731452892576564,-419907.7852280312,-0.00034731452892576564,-4199.077852280312,-0.05493824294026603,-664210.506503094,-0.0005493824294026603,-6642.105065030941
2023-07-14,2023-07-13,12129279.401514648,0.052402899178982186,635609.4055912774,-0.06420097491106752,-778711.56254597,-0.0006420097491106752,-7787.1156254597,-0.055281878530458184,-670529.3505365213,-0.0005528187853045818,-6705.293505365213
2023-07-17,2023-07-14,11927558.533011481,0.05216704595824643,622225.4941612843,-0.06392800308500299,-762504.9986949117,-0.0006392800308500299,-7625.049986949117,-0.05498387867524657,-655823.4312710052,-0.0005498387867524657,-6558.234312710052
2023-07-18,2023-07-17,11964700.134134695,0.05230490303808866,625812.4803957216,-0.06403141936291226,-766116.7318402713,-0.0006403141936291226,-7661.167318402712,-0.05505562624493615,-658724.0587176572,-0.0005505562624493615,-6587.240587176572
2023-07-19,2023-07-18,12089968.825372932,0.052910517780850104,639686.5105048179,-0.006156538396865502,-74432.35729031537,-6.156538396865502e-05,-744.3235729031537,-0.05566570778891833,-672996.6718103418,-0.0005566570778891833,-6729.966718103418
2023-07-20,2023-07-19,12640060.834105484,0.057737333313784354,729803.4054852594,-0.024997292888902928,-315967.3028036854,-0.0002499729288890293,-3159.6730280368542,-0.029949051191450332,-378557.82898367156,-0.0002994905119145033,-3785.578289836715
2023-07-21,2023-07-20,12171186.168271776,0.05721678955484088,696396.1976227964,-0.016191503646245664,-197069.80522270725,-0.00016191503646245664,-1970.6980522270726,-0.043430277238661746,-528597.9896114084,-0.00043430277238661746,-5285.979896114084
2023-07-24,2023-07-21,12107812.629820365,0.05710217457196617,691382.4304726593,0.0005247080204794086,6353.066397328626,5.247080204794086e-06,63.53066397328626,-0.04269897000368644,-516991.1282909557,-0.00042698970003686443,-5169.911282909557
2023-07-25,2023-07-24,12115024.109614115,0.05710102267107439,691780.2663436885,-0.003800042604750614,-46037.60777411451,-3.800042604750614e-05,-460.37607774114514,-0.042708459871219906,-517414.0210243161,-0.00042708459871219906,-5174.140210243161
2023-07-26,2023-07-25,12031558.607876787,0.056691778909485985,682090.4605342738,0.006080957504529805,73163.39660775852,6.080957504529805e-05,731.6339660775852,-0.03997779646459365,-480995.20117752795,-0.0003997779646459365,-4809.952011775279
2023-07-27,2023-07-26,12137062.23374296,0.0563587994903668,684030.2568336228,-0.007908633810822102,-95987.5807458316,-7.908633810822102e-05,-959.875807458316,-0.07925223320165986,-961889.2865316558,-0.0007925223320165986,-9618.892865316559
2023-07-28,2023-07-27,11911742.648877913,0.05381734298035188,641058.3396283479,-0.0051886613881439725,-61805.99914774063,-5.1886613881439725e-05,-618.0599914774064,-0.0766942148495528,-913561.7499456238,-0.000766942148495528,-9135.617499456239
2023-07-31,2023-07-28,12604637.735065283,0.05488616583731947,691820.237046128,-0.005320478415907909,-67062.7030097532,-5.320478415907909e-05,-670.6270300975319,-0.07748380728365492,-976655.321144083,-0.0007748380728365492,-9766.55321144083
2023-08-01,2023-07-31,12997900.083953055,0.055501242079003026,721399.5990781722,-0.005968265892200564,-77574.92374128786,-5.968265892200564e-05,-775.7492374128786,-0.07826716620691551,-1017308.8062116348,-0.0007826716620691551,-10173.088062116349
2023-08-02,2023-08-01,13032174.818616522,0.057359537926014705,747519.5257668882,0.0075410397533233475,98276.14837944668,7.541039753323348e-05,982.7614837944668,-0.04387515784919013,-571788.7272850407,-0.00043875157849190133,-5717.8872728504075
2023-08-03,2023-08-02,12779103.593061578,0.05760702043704773,736166.0818526484,-0.007392183338041786,-94465.47665573971,-7.392183338041786e-05,-944.6547665573971,-0.043891874740445425,-560898.8142018348,-0.00043891874740445425,-5608.988142018348
2023-08-04,2023-08-03,13049105.620754171,0.05756284665940461,751143.6658898471,0.01530068939558718,199660.31199337041,0.0001530068939558718,1996.6031199337042,-0.04395580602045632,-573583.9554063166,-0.00043955806020456317,-5735.839554063165
2023-08-07,2023-08-04,12879095.013185788,0.05535250491438314,712890.1700101737,-0.005763845541829904,-74233.11437455466,-5.763845541829904e-05,-742.3311437455466,-0.07872191052271105,-1013866.9652415056,-0.0007872191052271105,-10138.669652415056
2023-08-08,2023-08-07,12964167.882905662,0.05431087914418056,704095.3550933566,-0.004658754400359982,-60396.87417149231,-4.6587544003599823e-05,-603.9687417149231,-0.06929177073880868,-898310.1487617259,-0.0006929177073880868,-8983.10148761726
2023-08-09,2023-08-08,12863137.018924344,0.05398058966141587,694359.7211771233,-0.023285135060352458,-299519.88278547284,-0.00023285135060352458,-2995.1988278547283,-0.057297474923285324,-737025.2707766008,-0.0005729747492328532,-7370.252707766008
2023-08-10,2023-08-09,12283997.841809679,0.05271371560979884,647535.168784538,-0.0029651943023720206,-36424.44041088426,-2.9651943023720206e-05,-364.24440410884256,-0.0762352086063782,-936473.1379906604,-0.000762352086063782,-9364.731379906605
2023-08-11,2023-08-10,12228798.52172705,0.05112012472498499,625137.7056673989,-0.02700615823359523,-330252.86788451613,-0.0002700615823359523,-3302.5286788451613,-0.05439530424050654,-665189.2160851995,-0.0005439530424050654,-6651.892160851995
2023-08-14,2023-08-11,12249228.090047859,0.05286340772237208,647535.938808533,-0.00312686515859667,-38301.68453447428,-3.12686515859667e-05,-383.0168453447428,-0.07611960434635995,-932406.3957627614,-0.0007611960434635995,-9324.063957627613
2023-08-15,2023-08-14,12431854.060813805,0.05262891641090782,654275.0081991747,-0.04869610980932637,-605382.930478909,-0.0004869610980932637,-6053.82930478909,-0.055991193952442675,-696074.3519074878,-0.0005599119395244267,-6960.743519074878
2023-08-16,2023-08-15,12217414.346070373,0.052236070821268445,638189.7210341131,-0.06315998921492955,-771651.7583321303,-0.0006315998921492955,-7716.517583321303,-0.05583590233413302,-682170.354202821,-0.0005583590233413302,-6821.70354202821
2023-08-17,2023-08-16,11924847.96542808,0.05189365851620918,618823.9881756366,-0.0627436686749118,-748208.7097415155,-0.000627436686749118,-7482.087097415155,-0.055539556371636545,-662300.7657990883,-0.0005553955637163654,-6623.007657990883
2023-08-18,2023-08-17,11568734.748839715,0.051604241487879184,596995.781688344,-0.06250645439374938,-723120.5909717334,-0.0006250645439374938,-7231.205909717334,-0.05532378371996688,-640026.1791584737,-0.0005532378371996688,-6400.261791584738
2023-08-21,2023-08-18,11719792.798853936,0.0521457517606247,611137.4059749943,-0.0023582481898334895,-27638.18015312086,-2.3582481898334895e-05,-276.38180153120857,-0.07615738806946229,-892548.8082760088,-0.0007615738806946229,-8925.488082760088
2023-08-22,2023-08-21,11742089.315554405,0.053362513744208785,626587.402486999,-0.0036463928589546,-42816.27062944469,-3.6463928589546e-05,-428.1627062944469,-0.07755076737690561,-910608.0370294085,-0.0007755076737690561,-9106.080370294085
2023-08-23,2023-08-22,11117663.437841173,0.054191678009845784,602484.837245324,-0.004549387760326151,-50578.56196754019,-4.549387760326151e-05,-505.78561967540196,-0.07613780351332644,-846474.4743576446,-0.0007613780351332644,-8464.744743576446
2023-08-24,2023-08-23,11451419.536237264,0.05486752215569628,628311.0151186712,-0.005219840289585886,-59774.5810682022,-5.2198402895858864e-05,-597.745810682022,-0.07689388309454481,-880544.1150860147,-0.0007689388309454481,-8805.441150860148
2023-08-25,2023-08-24,11138321.11025065,0.05332639235774815,593966.4817318151,-0.016504696020516046,-183834.60410358378,-0.00016504696020516046,-1838.3460410358377,-0.05561380039374106,-619444.366946872,-0.0005561380039374106,-6194.443669468719
2023-08-28,2023-08-25,11408746.974643184,0.05640776149158849,643541.8782635545,0.0027829647244972944,31750.14038114721,2.7829647244972944e-05,317.5014038114721,-0.06903240567159505,-787573.249358151,-0.0006903240567159505,-7875.7324935815095
2023-08-29,2023-08-28,11645941.222551715,0.05676870009224639,661124.9445549676,0.02240331100293036,260907.64313067307,0.0002240331100293036,2609.0764313067307,-0.04253752005586309,-495389.4583236962,-0.00042537520055863087,-4953.894583236963
2023-08-30,2023-08-29,11956185.264793677,0.05712211654304284,682962.608105756,0.014693494594905654,175678.14356393652,0.00014693494594905654,1756.781435639365,-0.04278096082906829,-511497.0934782218,-0.00042780960829068293,-5114.970934782218
2023-08-31,2023-08-30,12202374.648830807,0.05746870736061269,701254.6977982167,-0.01154035798466499,-140819.77171050824,-0.0001154035798466499,-1408.1977171050826,-0.04305208040155176,-525337.6144713208,-0.00043052080401551757,-5253.376144713207
2023-09-01,2023-08-31,12241449.888638454,0.05759174051051792,705006.4054589743,-0.004895193074286319,-59924.26071408599,-4.895193074286319e-05,-599.24260714086,-0.04323188324355659,-529220.9323174665,-0.0004323188324355659,-5292.209323174665
2023-09-05,2023-09-01,12442952.896818778,0.05745843450505778,714952.5940713808,0.02165261828656201,269422.509432488,0.0002165261828656201,2694.2250943248796,-0.04302678175218816,-535380.2186441789,-0.0004302678175218816,-5353.80218644179
2023-09-06,2023-09-05,12441653.308649518,0.05768146473398562,717652.7865553426,0.0214678783401194,267095.89958003187,0.000214678783401194,2670.9589958003185,-0.0422414034505221,-525552.8970021874,-0.000422414034505221,-5255.528970021875
2023-09-07,2023-09-06,12384646.845040662,0.057954154164560304,717741.7325311219,-0.009136872886551795,-113156.94396797125,-9.136872886551795e-05,-1131.5694396797126,-0.043411802461122695,-537639.8423876716,-0.00043411802461122695,-5376.398423876716
2023-09-08,2023-09-07,12078002.017341048,0.05785084929516338,698722.6744918763,-0.012826685625658835,-154920.73486250683,-0.00012826685625658835,-1549.207348625068,-0.042996719046394655,-519314.4593814009,-0.00042996719046394655,-5193.144593814009
2023-09-11,2023-09-08,11787753.718587432,0.05720002990973295,674259.8652717669,-0.007196498717867983,-84830.554522358,-7.196498717867983e-05,-848.30554522358,-0.019597857182991618,-231014.71388515487,-0.00019597857182991618,-2310.147138851549
2023-09-12,2023-09-11,12068072.21872551,0.057746279931104566,696886.2765713094,-0.03705171775728669,-447142.80572277016,-0.0003705171775728669,-4471.428057227701,-0.04404561616075109,-531545.6767462075,-0.0004404561616075109,-5315.456767462076
2023-09-13,2023-09-12,11927215.82966896,0.057378825634158255,684369.6373915474,-0.01597538594313233,-190541.8761059989,-0.0001597538594313233,-1905.4187610599893,-0.02237736674463725,-266899.6828629452,-0.0002237736674463725,-2668.9968286294516
2023-09-14,2023-09-13,11855068.833336528,0.057133385788575755,677320.2212051366,0.004071837306642012,48271.91154838867,4.071837306642012e-05,482.7191154838867,0.0015507580824504485,18384.34381130303,1.5507580824504485e-05,183.84343811303032
2023-09-15,2023-09-14,12146562.47055244,0.057518674350075384,698654.171216553,-0.026323802847603994,-319743.71575092815,-0.00026323802847603994,-3197.4371575092814,-0.028426398041178635,-345283.0196199658,-0.00028426398041178635,-3452.830196199658
2023-09-18,2023-09-15,11932441.410316532,0.057220092437397035,682775.4005021362,-0.014170583954586924,-169089.66278808002,-0.00014170583954586924,-1690.8966278808002,-0.016267918211495397,-194115.98092649013,-0.00016267918211495397,-1941.1598092649015
2023-09-19,2023-09-18,11610846.446009522,0.0571719126062132,663814.2982954176,-0.02674294882768491,-310508.27235173987,-0.0002674294882768491,-3105.0827235173983,-0.028858653360808173,-335073.39281096036,-0.00028858653360808173,-3350.7339281096033
2023-09-20,2023-09-19,11378810.278526125,0.05674606436856174,645702.7005028955,-0.006747186914977943,-76774.959819288,-6.747186914977943e-05,-767.74959819288,-0.00893777416733424,-101701.23656240813,-8.937774167334239e-05,-1017.0123656240812
2023-09-21,2023-09-20,11191996.939565541,0.05635590297675942,630735.093642344,0.007793799113439692,87228.17582520566,7.793799113439692e-05,872.2817582520566,0.0024239076884736976,27128.36743118701,2.4239076884736976e-05,271.2836743118701
2023-09-22,2023-09-21,10915999.976117976,0.05615846230641402,613025.7731956377,0.011277197351587664,123101.88602060865,0.00011277197351587664,1231.0188602060864,0.002646807447691246,28892.550035786524,2.6468074476912462e-05,288.92550035786525
2023-09-25,2023-09-22,10740294.96819388,0.056095271554615446,602479.7628175055,0.002454573538192284,26362.843821308434,2.454573538192284e-05,263.62843821308434,0.00023093521580516696,2480.3123362910023,2.3093521580516696e-06,24.803123362910025
2023-09-26,2023-09-25,10627765.829874277,0.05609859497538037,596202.7307833043,-0.003025503846921379,-32154.34640246421,-3.025503846921379e-05,-321.5434640246421,-0.005136296096133752,-54587.352142606935,-5.136296096133752e-05,-545.8735214260694
2023-09-27,2023-09-26,10436092.041711913,0.055760211045708656,581918.6947382968,0.01562601650900511,163074.54653328718,0.00015626016509005108,1630.7454653328718,0.0030897009535117703,32244.403532213895,3.08970095351177e-05,322.444035322139
2023-09-28,2023-09-27,10608899.73791873,0.05560656642182622,589924.4879390727,0.01579387465393059,167555.63267680552,0.0001579387465393059,1675.5563267680552,0.0032542135858515397,34523.62565807197,3.25421358585154e-05,345.2362565807197
2023-09-29,2023-09-28,10696329.424638629,0.05560926920342555,594815.0624632514,0.015766391979364636,168642.52244926442,0.00015766391979364636,1686.4252244926442,0.003249668249669102,34759.52211924953,3.249668249669102e-05,347.5952211924953
2023-10-02,2023-09-29,10847493.751505448,0.05567221693515288,603904.0253365267,0.01566680541841281,169945.57388228466,0.0001566680541841281,1699.4557388228466,0.003181504774209948,34511.35315862716,3.181504774209948e-05,345.11353158627156
2023-10-03,2023-10-02,10630605.914804406,0.05556612841632773,590701.6134053947,0.015738387749655164,167308.59790096938,0.00015738387749655164,1673.085979009694,0.0032986449024816067,35066.59401116037,3.298644902481607e-05,350.66594011160373
2023-10-04,2023-10-03,10232307.04478122,0.05556417472699513,568549.6964964869,0.015728383478873925,160937.6490739022,0.00015728383478873925,1609.376490739022,0.003071339591706468,31426.889741133564,3.071339591706468e-05,314.2688974113357
2023-10-05,2023-10-04,10281545.63967865,0.055596994129788045,571623.0325743618,-0.01848799783639027,-190085.19354112667,-0.00018487997836390269,-1900.8519354112668,-0.03182436939948921,-327203.7064348409,-0.0003182436939948921,-3272.0370643484093
2023-10-06,2023-10-05,9965554.132848011,0.05552573959024187,553344.7636529773,-0.026302972338257402,-262123.69469170796,-0.000263029723382574,-2621.23694691708,-0.04211893310690426,-419738.50789465866,-0.0004211893310690426,-4197.385078946587
2023-10-09,2023-10-06,10209880.864729136,0.05627172854331799,574527.6444796547,-0.0694019589252394,-708585.7324055192,-0.000694019589252394,-7085.857324055192,-0.058900659067082084,-601368.7119289361,-0.0005890065906708208,-6013.68711928936
2023-10-10,2023-10-09,10130603.950932281,0.05623100315756623,569654.0227529261,-0.06232766016853464,-631416.8403557215,-0.0006232766016853464,-6314.168403557215,-0.05843118499194583,-591943.1935370615,-0.0005843118499194583,-5919.431935370614
2023-10-11,2023-10-10,10325661.219140222,0.05616857758255523,579977.7032784594,-0.06584539292747299,-679897.2202102577,-0.0006584539292747299,-6798.972202102577,-0.058424044095521654,-603266.8863824662,-0.0005842404409552165,-6032.668863824662
2023-10-12,2023-10-11,10276118.844118219,0.055941378704906945,574860.2558754479,-0.057683596924330144,-592763.4973506287,-0.0005768359692433014,-5927.634973506288,-0.058814498065611065,-604384.7718793805,-0.0005881449806561106,-6043.847718793804
2023-10-13,2023-10-12,9782035.55948535,0.0547436526941081,535504.3573098814,-0.03604070469812731,-352551.4549459921,-0.0003604070469812731,-3525.514549459921,-0.02694038900316817,-263531.8432153591,-0.0002694038900316817,-2635.318432153591
2023-10-16,2023-10-13,9655796.45134056,0.054511217174455666,526349.2173513636,-0.004885924384395723,-47177.49133236654,-4.8859243843957234e-05,-471.7749133236654,-0.07361478838322222,-710809.4124369033,-0.0007361478838322222,-7108.094124369034
2023-10-17,2023-10-16,9904304.69876145,0.05450669423836414,539850.9078589836,-0.02488483231187777,-246466.96159442174,-0.0002488483231187777,-2464.6696159442176,-0.05175975481886558,-512644.382859231,-0.0005175975481886558,-5126.44382859231
2023-10-18,2023-10-17,10032181.767834248,0.05403418621368799,542080.7777727214,-0.04083483388468978,-409662.475990525,-0.0004083483388468978,-4096.624759905249,-0.036403217712568936,-365203.6970265348,-0.00036403217712568936,-3652.0369702653484
2023-10-19,2023-10-18,9628772.236901138,0.053214528562948865,512390.57522670465,-0.0638854217852508,-615138.1756285421,-0.0006388542178525081,-6151.381756285421,-0.05629469002406337,-542048.7483886569,-0.0005629469002406337,-5420.487483886568
2023-10-20,2023-10-19,9387899.313953336,0.053256090671937914,499962.8170829226,-0.06384329682190895,-599354.4424349183,-0.0006384329682190895,-5993.544424349183,-0.05643945735336192,-529847.942967525,-0.0005643945735336192,-5298.47942967525
2023-10-23,2023-10-20,9311264.575086577,0.05268881674208007,490599.5128337587,-0.06334359040808188,-589808.9294255667,-0.0006334359040808188,-5898.089294255667,-0.055891407173757485,-520419.6796687478,-0.0005589140717375748,-5204.196796687478
2023-10-24,2023-10-23,9302552.16990444,0.05350786946236938,497759.74717412784,-0.0637212295050392,-592770.0618010812,-0.000637212295050392,-5927.700618010812,-0.05659801341693291,-526505.9725239698,-0.0005659801341693291,-5265.059725239698
2023-10-25,2023-10-24,9428860.759169333,0.05363106691497949,505679.86230703484,-0.053828650819889856,-507542.8534346876,-0.0005382865081988986,-5075.4285343468755,-0.046092577992615236,-434600.49992352177,-0.00046092577992615236,-4346.004999235218
2023-10-26,2023-10-25,9093823.37598658,0.05237904211874972,476325.75763127184,-0.023511346387856263,-213808.0313828049,-0.00023511346387856263,-2138.0803138280494,-0.055574108225060065,-505381.1244766593,-0.0005557410822506006,-5053.811244766593
2023-10-27,2023-10-26,8895726.345404686,0.052023691573250624,462788.52371337335,-0.011690030395893752,-103991.31137133364,-0.00011690030395893752,-1039.9131137133363,-0.055133168444943675,-490449.5790413198,-0.0005513316844494368,-4904.495790413198
2023-10-30,2023-10-27,8839684.085857548,0.0526312104498097,465243.2734326023,-0.05439559282008552,-480839.85619249707,-0.0005439559282008552,-4808.398561924971,-0.055636540664150136,-491809.4431010543,-0.0005563654066415014,-4918.094431010542
2023-10-31,2023-10-30,8959643.334081326,0.05212354527137975,467008.3749394038,-0.024731956242843994,-221589.50688998823,-0.00024731956242843994,-2215.895068899882,-0.04755311613644994,-426058.96000673884,-0.0004755311613644994,-4260.589600067388
2023-11-01,2023-10-31,9110067.326713067,0.05191635772502021,472961.5142326541,0.018140027022187782,165256.86748052505,0.00018140027022187782,1652.5686748052503,-0.031019817840292202,-282592.62898743706,-0.000310198178402922,-2825.926289874371
2023-11-02,2023-11-01,9051420.501711912,0.051617049836841476,467207.62313107244,0.012769210820293142,115579.49660948293,0.00012769210820293142,1155.7949660948293,-0.007604710339489951,-68833.4310764399,-7.60471033948995e-05,-688.334310764399
2023-11-03,2023-11-02,9792373.046496868,0.052607108318617306,515148.4295533693,0.029763329103438263,291453.62168652465,0.00029763329103438263,2914.5362168652464,-0.02926499133117308,-286573.71231734374,-0.0002926499133117308,-2865.737123173438
2023-11-06,2023-11-03,10516321.918319223,0.053210219129824786,559575.7937135452,0.004618890975448958,48573.74440344074,4.618890975448958e-05,485.73744403440736,-0.010568036894587074,-111136.87802815226,-0.00010568036894587074,-1111.3687802815227
2023-11-07,2023-11-06,10423587.59947213,0.0541556555762007,564496.2199053693,-0.050129160841305004,-522525.6993173707,-0.00050129160841305,-5225.256993173707,-0.034623893581502835,-360905.1877815956,-0.00034623893581502835,-3609.0518778159562
2023-11-08,2023-11-07,10497371.78086335,0.05462460318676357,573414.7680335902,-0.02243278835895035,-235485.31948532528,-0.0002243278835895035,-2354.8531948532527,-0.03177682088681827,-333573.1028628352,-0.0003177682088681827,-3335.731028628352
2023-11-09,2023-11-08,10442303.344748223,0.054653379603966164,570707.1686402902,-0.002608937657051086,-27243.318422464148,-2.6089376570510858e-05,-272.4331842246415,-0.02997363643411355,-312993.8039902111,-0.0002997363643411355,-3129.938039902111
2023-11-10,2023-11-09,10012602.669041447,0.0540868608217938,541550.2470243659,0.006838465512483405,68470.83804243922,6.838465512483405e-05,684.7083804243923,-0.01892172005540302,-189455.66472958334,-0.00018921720055403018,-1894.5566472958335
2023-11-13,2023-11-10,10025633.175060613,0.05382590368502239,539638.7656621777,0.006939102275578535,69568.89397917876,6.939102275578535e-05,695.6889397917876,-0.01863427179242122,-186820.37347519438,-0.0001863427179242122,-1868.2037347519438
2023-11-14,2023-11-13,9959703.718780348,0.05364784451862901,534316.6365567392,0.008901506008889698,88656.36249948434,8.901506008889698e-05,886.5636249948434,-0.01840706223816546,-183328.88622527785,-0.00018407062238165461,-1833.2888622527787
2023-11-15,2023-11-14,10606116.132805742,0.05435650037075554,576511.3555051317,0.006299176513319127,66809.79764130502,6.299176513319127e-05,668.0979764130502,-0.01912823667001226,-202876.29953794344,-0.0001912823667001226,-2028.7629953794342
2023-11-16,2023-11-15,10857988.798941262,0.054359664109778646,590236.6240181859,-0.05052309023360485,-548579.1478443801,-0.0005052309023360485,-5485.791478443802,-0.034800976084422425,-377868.6085168814,-0.00034800976084422425,-3778.6860851688143
2023-11-17,2023-11-16,10599501.950203752,0.054193097062283035,574419.8379992503,0.006209375543983486,65816.28818800044,6.209375543983486e-05,658.1628818800045,-0.01921160014265108,-203633.39317856482,-0.0001921160014265108,-2036.333931785648
2023-11-20,2023-11-17,10871650.57943939,0.05403695363818517,587470.8783317152,-0.00535008909958723,-58164.29925957987,-5.35008909958723e-05,-581.6429925957988,-0.019357235833918768,-210445.1041701679,-0.00019357235833918768,-2104.451041701679
2023-11-21,2023-11-20,11037643.53120614,0.05421934993301426,598453.8570543369,-0.005973459846839169,-65932.92043738397,-5.9734598468391686e-05,-659.3292043738397,-0.019404440045901056,-214179.29214931716,-0.00019404440045901056,-2141.792921493172
2023-11-22,2023-11-21,10925692.774367278,0.053864103451241485,588502.6458750006,-0.03323812526077677,-363149.54499518324,-0.0003323812526077677,-3631.4954499518326,-0.01921980370913276,-209989.6705096292,-0.0001921980370913276,-2099.896705096292
2023-11-24,2023-11-22,10978358.812972963,0.05383774142569753,591050.043051366,0.002408513604488377,26441.52655600025,2.408513604488377e-05,264.4152655600025,-0.019182908701347035,-210596.85479988894,-0.00019182908701347035,-2105.9685479988893
2023-11-27,2023-11-24,11042011.868617294,0.05382069176910681,594288.7172916705,-0.02078591943860883,-229518.36914124162,-0.0002078591943860883,-2295.1836914124165,-0.019178609878617303,-211770.43790327315,-0.00019178609878617303,-2117.7043790327316
2023-11-28,2023-11-27,11176654.585176716,0.053668707499301256,599836.6057525733,0.007373846260744221,82414.93262053508,7.373846260744221e-05,824.1493262053508,-0.018806059128299857,-210188.82698541702,-0.00018806059128299857,-2101.88826985417
2023-11-29,2023-11-28,11416536.022072397,0.05294367736972574,604433.3998324531,0.019908203897427146,227282.7269297391,0.00019908203897427146,2272.827269297391,0.006592710305643873,75265.9146874712,6.592710305643873e-05,752.659146874712
2023-11-30,2023-11-29,11662094.533957766,0.05318286849812411,620223.6400121679,0.018002624192577782,209948.3051931572,0.00018002624192577782,2099.483051931572,0.006328877229849067,73807.96454831258,6.328877229849067e-05,738.0796454831258
2023-12-01,2023-11-30,11496105.340677548,0.05300171278843225,609313.2734521535,0.01869911250824835,214966.9671720042,0.0001869911250824835,2149.669671720042,0.006556221410160268,75371.01196800794,6.556221410160268e-05,753.7101196800794
2023-12-04,2023-12-01,11986094.853667714,0.05350172179891784,641276.7123163708,-0.015345112265288674,-183927.9711519299,-0.00015345112265288674,-1839.2797115192989,0.0024415606274759416,29264.777271907096,2.4415606274759416e-05,292.647772719071
2023-12-05,2023-12-04,12248748.225739494,0.05348246303828063,655093.2242483179,0.027339605628456942,334875.94593397947,0.0002733960562845694,3348.7594593397944,-0.032694969257814066,-400472.4466872573,-0.00032694969257814066,-4004.7244668725734
2023-12-06,2023-12-05,11899938.086093849,0.053898395100164996,641387.5646317875,-0.04637274947229125,-551832.8476022071,-0.0004637274947229125,-5518.328476022071,-0.03260454495813969,-387992.0663271257,-0.0003260454495813969,-3879.9206632712567
2023-12-07,2023-12-06,11806607.567334734,0.053133299285544375,627324.0134221694,-0.03368262229353422,-397677.50325851876,-0.0003368262229353422,-3976.7750325851875,-0.031810960681809275,-375579.5291100371,-0.00031810960681809275,-3755.795291100371
2023-12-08,2023-12-07,11815061.930007966,0.052905734146798625,625084.5253969629,0.02664597424685833,314823.8359120285,0.0002664597424685833,3148.238359120285,-0.03219875482870921,-380430.28237034235,-0.0003219875482870921,-3804.3028237034237
2023-12-11,2023-12-08,11874108.177611016,0.05361013931400571,636572.5936313011,0.00566737025200631,67294.96745489753,5.6673702520063096e-05,672.9496745489753,-0.029016336251420916,-344543.11556730804,-0.00029016336251420916,-3445.4311556730804
2023-12-12,2023-12-11,11999270.192938428,0.05311558336618433,637348.2362663918,0.017968657319899356,215610.77418579324,0.00017968657319899356,2156.1077418579325,0.005638866808019977,67662.28641142396,5.6388668080199766e-05,676.6228641142396
2023-12-13,2023-12-12,11902750.178330448,0.05309835463835116,632016.4501406876,0.008132900076947974,96803.87784123622,8.132900076947974e-05,968.0387784123621,-0.0015142721579486373,-18024.003198063976,-1.5142721579486373e-05,-180.24003198063974
2023-12-14,2023-12-13,12535299.43083155,0.054526694362904936,683508.4408124482,0.02491906002225,312367.87891376764,0.0002491906002225,3123.6787891376766,-0.03712066180454193,-465318.6107905649,-0.0003712066180454193,-4653.186107905649
2023-12-15,2023-12-14,13121180.891440727,0.05563719074782171,730025.644093761,0.016473770639217206,216155.32452127407,0.00016473770639217206,2161.553245212741,0.002755990853125362,36161.85451901393,2.755990853125362e-05,361.61854519013923
2023-12-18,2023-12-15,12966328.313058011,0.05561120404421008,721073.1295216873,0.015623936360127655,202585.08838773973,0.00015623936360127655,2025.8508838773973,0.003292544715732121,42692.21576960694,3.292544715732121e-05,426.9221576960694
2023-12-19,2023-12-18,12952673.197881239,0.05604426103299928,725922.9977771897,0.0012253908315600082,15872.08698087672,1.2253908315600082e-05,158.72086980876722,-0.001401750960018655,-18156.42208993793,-1.401750960018655e-05,-181.56422089937928
2023-12-20,2023-12-19,13315150.980210913,0.05647188613302174,751931.6899984635,-0.020661046693757484,-275104.9561365684,-0.00020661046693757484,-2751.049561365684,-0.02333561132214501,-310717.18796988006,-0.0002333561132214501,-3107.1718796988002
2023-12-21,2023-12-20,12867083.54274537,0.05618001858758512,722872.9925994455,-0.016659314606838616,-214356.7928110707,-0.00016659314606838616,-2143.5679281107073,-0.019432307125432507,-250037.1192112262,-0.00019432307125432507,-2500.371192112262
2023-12-22,2023-12-21,13109755.934769366,0.056386521460073384,739213.5343521973,-0.022020959265982992,-288689.401426535,-0.00022020959265982992,-2886.89401426535,-0.024787759984444546,-324961.4835657105,-0.00024787759984444546,-3249.614835657105
2023-12-26,2023-12-22,12934461.188895332,0.056121335418511796,725899.2348397177,-0.013795859359572865,-178442.00745385364,-0.00013795859359572865,-1784.4200745385363,-0.022571303746587307,-291947.6522930013,-0.00022571303746587307,-2919.4765229300133
2023-12-27,2023-12-26,12966822.58677736,0.05575083145525682,722911.1405456418,0.009105074222803822,118063.8820865369,9.105074222803822e-05,1180.638820865369,0.0031407791824394904,40725.926442936514,3.1407791824394904e-05,407.25926442936515
2023-12-28,2023-12-27,13034205.86861806,0.0557275362878649,726364.1805269145,-5.65883330923278e-05,-737.5839832873326,-5.65883330923278e-07,-7.375839832873326,-0.0027251494003392718,-35520.15830676312,-2.7251494003392718e-05,-355.20158306763125
2023-12-29,2023-12-28,13061563.94291408,0.05574515535851341,728118.9112229024,0.000508914274641864,6647.216339696444,5.08914274641864e-06,66.47216339696445,-0.002175997913318739,-28421.93588446032,-2.175997913318739e-05,-284.2193588446032
2024-01-02,2023-12-29,12802987.612332262,0.05547340310489842,710225.2927659285,0.005225612525755485,66903.45243409579,5.225612525755485e-05,669.0345243409578,0.0024910681555412317,31893.114736869768,2.4910681555412317e-05,318.9311473686977
2024-01-03,2024-01-02,12452592.106481496,0.05501891162717465,685128.064635758,0.013657759602254266,170074.50941525333,0.00013657759602254266,1700.7450941525333,-0.023758668274757172,-295857.0050187535,-0.00023758668274757172,-2958.570050187535
2024-01-04,2024-01-03,11923466.179234907,0.053990574930163814,643754.7941772563,-0.06567918434112058,-783123.5331710861,-0.0006567918434112058,-7831.235331710861,-0.05675704234898368,-676740.6748815103,-0.0005675704234898368,-6767.406748815103
2024-01-05,2024-01-04,11924613.458285606,0.05457775342424669,650818.6130057654,-0.0657284801826398,-783786.7193785652,-0.000657284801826398,-7837.8671937856525,-0.05668926806769864,-675997.6089404396,-0.0005668926806769864,-6759.976089404397
2024-01-08,2024-01-05,11973019.463716934,0.05468401855059659,654732.8184605509,-0.06556417415648358,-785001.1332981046,-0.0006556417415648358,-7850.0113329810465,-0.05677205000673355,-679732.8597257319,-0.0005677205000673355,-6797.3285972573185
2024-01-09,2024-01-08,12300577.258019716,0.054555812834615594,671067.9906462526,-0.06531175451346544,-803372.2822496995,-0.0006531175451346544,-8033.722822496995,-0.057096718173207245,-702322.593068914,-0.0005709671817320724,-7023.22593068914
2024-01-10,2024-01-09,12224816.928274546,0.05451662069221203,666455.707510476,-0.06195542239388688,-757393.6964791882,-0.0006195542239388688,-7573.936964791882,-0.053713848408266235,-656641.9633041458,-0.0005371384840826623,-6566.419633041458
2024-01-11,2024-01-10,12163859.372729942,0.054277798464706636,660227.5075860687,-0.06504327121132011,-791177.2041568318,-0.0006504327121132011,-7911.772041568318,-0.05664638092114441,-689038.611498893,-0.0005664638092114441,-6890.38611498893
2024-01-12,2024-01-11,11982951.56429107,0.05424895622109429,650062.6148107195,-0.06503331682261443,-779291.0855505842,-0.0006503331682261443,-7792.910855505843,-0.05706475354287088,-683804.177732429,-0.0005706475354287088,-6838.04177732429
2024-01-16,2024-01-12,11699413.927469797,0.05350201036557959,625942.1652186953,-0.0642237233034193,-751379.9228899904,-0.000642237233034193,-7513.799228899903,-0.056897086324964735,-665662.5641827438,-0.0005689708632496474,-6656.625641827438
2024-01-17,2024-01-16,11694708.334680362,0.05374157932050853,628492.0955984369,-0.0635223626124129,-742875.5034819733,-0.000635223626124129,-7428.755034819733,-0.05707010635899179,-667418.248497596,-0.0005707010635899179,-6674.18248497596
2024-01-18,2024-01-17,11726826.297708109,0.05349688366506824,627348.6622089536,-0.0052682889130621635,-61780.30896962145,-5.2682889130621635e-05,-617.8030896962144,-0.02844247046583162,-333539.91063050047,-0.0002844247046583162,-3335.399106305005
2024-01-19,2024-01-18,11918028.938962432,0.0530898161418123,632725.9651423139,0.020621495594953798,245767.58126534568,0.00020621495594953798,2457.675812653457,0.005674658293351037,67630.74175888082,5.674658293351037e-05,676.3074175888082
2024-01-22,2024-01-19,12173466.089200221,0.05352348038555447,651566.2734495205,0.019773732113515657,240714.85734081228,0.00019773732113515657,2407.1485734081225,0.00540023034533918,65739.5209828565,5.40023034533918e-05,657.395209828565
2024-01-23,2024-01-22,12540246.532125201,0.05389376920234883,675841.1523429109,0.018344777540928864,230048.03294024145,0.00018344777540928864,2300.4803294024146,0.005366284737497173,67294.53356979533,5.3662847374971734e-05,672.9453356979533
2024-01-24,2024-01-23,12409597.945915528,0.053645537237456804,665719.5487094789,0.020061331746816513,248953.06123762418,0.00020061331746816513,2489.5306123762416,0.005046391273535317,62623.68678234991,5.046391273535317e-05,626.2368678234991
2024-01-25,2024-01-24,12094610.36155404,0.052395061054544084,633697.8483245454,-0.004565157236950668,-55213.798020146955,-4.565157236950668e-05,-552.1379802014695,0.04366417529771474,528101.1869844527,0.0004366417529771474,5281.011869844527
2024-01-26,2024-01-25,12203625.849995358,0.05184271370975275,632669.0811622473,-0.04241143801500952,-517573.32129544596,-0.00042411438015009517,-5175.733212954459,0.050641765451882315,618013.1579579929,0.0005064176545188231,6180.131579579928
2024-01-29,2024-01-26,12276496.57296253,0.05179156749950206,635819.0009159946,-0.03259499141528774,-400152.300405523,-0.0003259499141528774,-4001.52300405523,0.08041457884776365,987209.3016407957,0.0008041457884776365,9872.093016407956
2024-01-30,2024-01-29,12525183.196899556,0.05338072675613207,668603.381804192,0.019332146471777445,242138.6761483079,0.00019332146471777445,2421.3867614830788,-0.041838738810073134,-524037.8683233973,-0.00041838738810073134,-5240.378683233973
2024-01-31,2024-01-30,12372946.904252024,0.05296460837797508,655328.2872651876,0.019736603088753996,244199.9420874497,0.00019736603088753996,2441.999420874497,-0.00929152276125736,-114963.51778468647,-9.291522761257359e-05,-1149.6351778468647
2024-02-01,2024-01-31,12025552.900262011,0.052935389988854435,636577.332606969,0.020389643964736914,245196.7421154518,0.00020389643964736914,2451.967421154518,8.743845978653741e-05,1051.4958236804382,8.743845978653741e-07,10.514958236804382
2024-02-02,2024-02-01,12238412.320608845,0.052645062155090835,644291.9772980821,-0.04056190766879644,-496413.3505611968,-0.00040561907668796443,-4964.133505611968,-0.020374827031045123,-249355.53416701677,-0.00020374827031045123,-2493.5553416701678
2024-02-05,2024-02-02,12383012.894649114,0.05265105419146627,651978.6829697961,0.005486869444892156,67943.9750873558,5.486869444892156e-05,679.439750873558,0.0015911207311841702,19702.868531197106,1.5911207311841702e-05,197.02868531197106
2024-02-06,2024-02-05,12202134.730593769,0.05296788840518526,646321.310715126,0.01992130159883393,243082.40611776465,0.0001992130159883393,2430.824061177647,-0.025940419115910718,-316528.4890204127,-0.0002594041911591072,-3165.284890204127
2024-02-07,2024-02-06,12507343.754101144,0.05401115175987838,675536.0416157239,-0.010949561829852461,-136949.93376274948,-0.00010949561829852461,-1369.4993376274947,-0.024387314156315565,-305020.5213922959,-0.00024387314156315565,-3050.205213922959
2024-02-08,2024-02-07,12588528.645357389,0.0537974781366805,677231.0945715903,0.017202498458676607,216554.1446187668,0.00017202498458676607,2165.541446187668,-0.02415726738695667,-304104.4524942619,-0.0002415726738695667,-3041.044524942619
2024-02-09,2024-02-08,12866025.853146039,0.05438443876412945,699711.5951481271,-0.004456098977186074,-57332.28464465364,-4.456098977186074e-05,-573.3228464465365,-0.02475141634732045,-318452.36262660637,-0.0002475141634732045,-3184.5236262660637
2024-02-12,2024-02-09,13071471.67917801,0.054304553207204516,709840.4292983892,-0.023634456396219583,-308937.12743595184,-0.00023634456396219583,-3089.371274359519,-0.024653040647003993,-322251.52262293705,-0.00024653040647003993,-3222.5152262293705
2024-02-13,2024-02-12,13397631.455031833,0.054306436941037664,727577.6277719489,-0.04600953483044762,-616418.7910757877,-0.0004600953483044762,-6164.187910757877,-0.03494943299569425,-468239.6228386407,-0.0003494943299569425,-4682.3962283864075
2024-02-14,2024-02-13,12825788.231703458,0.054057210454312936,693326.333683644,-0.05031001429810847,-645265.5893215124,-0.0005031001429810847,-6452.655893215123,-0.018696773400789235,-239800.85625466882,-0.00018696773400789235,-2398.008562546688
2024-02-15,2024-02-14,13093567.741071012,0.054480303688804035,713341.5469034766,-0.03988570460632737,-522246.1751632955,-0.0003988570460632737,-5222.461751632955,-0.024948120446102034,-326659.90507343574,-0.00024948120446102034,-3266.599050734357
2024-02-16,2024-02-15,13464101.07396367,0.05457877567889251,734854.1522337989,-0.04929373554958261,-663695.8377528163,-0.0004929373554958261,-6636.9583775281635,-0.033837642802007906,-455593.4427909137,-0.00033837642802007906,-4555.9344279091365
2024-02-20,2024-02-16,12901265.896439549,0.05298588800248079,683585.0298789708,-0.003024514875331341,-39020.07061438634,-3.024514875331341e-05,-390.20070614386344,-0.007958999022088936,-102681.1626534717,-7.958999022088936e-05,-1026.811626534717
2024-02-21,2024-02-20,12564675.61307606,0.052922018109933334,664947.9903406489,0.019080180676159936,239736.28083483182,0.00019080180676159936,2397.362808348318,-0.021180195610623342,-266122.2872689797,-0.00021180195610623342,-2661.222872689797
2024-02-22,2024-02-21,12306287.605777651,0.05253152046451033,646467.9992050586,0.019497233510344658,239938.56309530715,0.00019497233510344658,2399.3856309530715,-0.020789713714385732,-255844.1962110108,-0.00020789713714385732,-2558.441962110108
2024-02-23,2024-02-22,12567448.150377257,0.053072221275614624,666982.3891066355,0.018916866410588484,237736.7377826839,0.00018916866410588484,2377.367377826839,-0.021398498234933422,-268924.517063465,-0.00021398498234933422,-2689.24517063465
2024-02-26,2024-02-23,13136517.844713122,0.054751918006322856,719249.5479223299,0.003996671494050502,52502.34640105067,3.996671494050502e-05,525.0234640105067,-0.004821578111054159,-63338.746895541146,-4.821578111054159e-05,-633.3874689554115
2024-02-27,2024-02-26,13109544.01434388,0.05492558595634684,720049.386608357,0.002934252660495573,38466.71440197235,2.9342526604955732e-05,384.6671440197235,-0.009469662421967423,-124142.9563217602,-9.469662421967423e-05,-1241.429563217602
2024-02-28,2024-02-27,13713239.045141581,0.05566024179725066,763282.2010760792,-0.00044368966413410593,-6084.422426129576,-4.436896641341059e-06,-60.84422426129576,0.010219184410177606,140138.11866314968,0.00010219184410177606,1401.381186631497
2024-02-29,2024-02-28,13573808.969638452,0.05528304358659307,750401.4729046104,0.0017778176867336293,24131.75766256682,1.7778176867336293e-05,241.3175766256682,0.016108858867602133,218658.57298769776,0.00016108858867602133,2186.5857298769774
2024-03-01,2024-02-29,13654549.871981686,0.05557395176763818,758837.2959943203,-0.002765223518472193,-37757.88244015523,-2.765223518472193e-05,-377.5788244015523,0.02430414132111175,331862.10976481123,0.0002430414132111175,3318.6210976481125
2024-03-04,2024-03-01,13949691.475882027,0.05648417298086485,787936.7863534163,-0.0009009017254778262,-12567.301120505443,-9.009017254778262e-06,-125.67301120505442,0.02053042746148967,286393.1289557567,0.0002053042746148967,2863.931289557567
2024-03-05,2024-03-04,13966653.56641935,0.05572987927221061,778359.9170933402,0.003466096436755689,48409.76815996724,3.466096436755689e-05,484.09768159967246,0.023987499383985866,335025.0938208282,0.00023987499383985866,3350.2509382082817
2024-03-06,2024-03-05,13618818.105511291,0.055666074823325244,758106.147666648,0.016538222130251662,225231.03898043884,0.00016538222130251662,2252.3103898043883,0.005462989914131744,74399.46595280297,5.462989914131744e-05,743.9946595280297
2024-03-07,2024-03-06,13532830.790164705,0.05604252737679671,758414.0400433629,-0.010011273673955073,-135480.87262366456,-0.00010011273673955073,-1354.8087262366455,0.004045562028374972,54747.90638111399,4.0455620283749716e-05,547.4790638111399
2024-03-08,2024-03-07,13667606.417761233,0.05607958386311997,766473.6803129577,0.016639845828110567,227426.86363084146,0.00016639845828110567,2274.2686363084144,0.005512714067748559,75345.60617164284,5.5127140677485587e-05,753.4560617164283
2024-03-11,2024-03-08,13887085.739555087,0.05663999555100104,786564.4745047701,0.010585432009287132,147000.8019032013,0.00010585432009287132,1470.008019032013,0.002698669703932871,37476.657561255524,2.698669703932871e-05,374.76657561255524
2024-03-12,2024-03-11,13687052.133893287,0.05575048909700741,763059.8507607897,-0.02487655315377285,-340486.6799272565,-0.0002487655315377285,-3404.8667992725645,-0.005033325326443683,-68891.38614988013,-5.033325326443683e-05,-688.9138614988013
2024-03-13,2024-03-12,13854217.796312006,0.055459829720007583,768352.5598873625,-0.006700106028075664,-92824.72817134322,-6.700106028075664e-05,-928.2472817134321,-0.007618191807018393,-105544.08850851253,-7.618191807018393e-05,-1055.4408850851255
2024-03-14,2024-03-13,14200764.690935215,0.05569025709570561,790844.2365938006,-0.008994907478799413,-127734.5645231638,-8.994907478799413e-05,-1277.345645231638,-0.009291595946812892,-131947.76764393726,-9.291595946812892e-05,-1319.4776764393728
2024-03-15,2024-03-14,14283738.68044195,0.055122732209044165,787358.7022259674,-0.023766711701937032,-339477.4992438703,-0.00023766711701937032,-3394.774992438703,-0.029146110251383056,-416315.4223821058,-0.00029146110251383056,-4163.154223821058
2024-03-18,2024-03-15,14153390.570827838,0.055398297421645336,784073.7403674312,-0.02374303775795339,-336044.4867262268,-0.0002374303775795339,-3360.4448672622684,-0.028364923665408215,-401459.84314824,-0.00028364923665408215,-4014.5984314824004
2024-03-19,2024-03-18,14218573.854088372,0.05571030229452529,792121.0476082967,-0.05172318684378702,-735429.9521071977,-0.0005172318684378702,-7354.299521071977,-0.03604797887990022,-512550.84999447904,-0.00036047978879900217,-5125.508499944791
2024-03-20,2024-03-19,14223504.890754119,0.05526162211310605,786013.9523967698,-0.04259273056022167,-605817.9114338853,-0.0004259273056022167,-6058.179114338854,-0.03557519021056485,-506003.8919494772,-0.0003557519021056485,-5060.038919494772
2024-03-21,2024-03-20,14851103.83073358,0.0559049040606731,830249.5348522555,0.00927521140248605,137747.12759032435,9.27521140248605e-05,1377.4712759032436,0.002589813281728137,38461.585949157445,2.5898132817281372e-05,384.61585949157444
2024-03-22,2024-03-21,15231880.782076433,0.05596927564837519,852517.3341352246,-0.03529389841111091,-537592.4529327583,-0.00035293898411110913,-5375.924529327583,-0.01973261447667657,-300564.83122741303,-0.0001973261447667657,-3005.6483122741306
2024-03-25,2024-03-22,14880441.631177833,0.05580741206366424,830438.9378004454,4.3320886682768345e-05,644.6339256938035,4.3320886682768345e-07,6.4463392569380344,0.002706861905062835,40279.30058194635,2.706861905062835e-05,402.79300581946353
2024-03-26,2024-03-25,14973417.776738383,0.056132911252532385,840501.5312087464,0.008668565414336055,129798.051473839,8.668565414336055e-05,1297.98051473839,-0.019993390934295446,-299369.3952328595,-0.00019993390934295446,-2993.6939523285946
2024-03-27,2024-03-26,15190355.257874973,0.05655031806441598,859019.4213443034,0.008239063084344161,125154.29524323092,8.239063084344161e-05,1251.5429524323092,-0.04611682617808657,-700530.9730108036,-0.00046116826178086573,-7005.309730108036
2024-03-28,2024-03-27,15163501.454061506,0.05569827440389564,844580.8649121883,0.00022631165326955638,3431.6770834239815,2.2631165326955638e-06,34.31677083423982,-0.039412910868857204,-597637.7312687128,-0.00039412910868857204,-5976.377312687127
2024-04-01,2024-03-28,15362307.342852665,0.05484147147897956,842491.5399943728,-0.02403772793241818,-369274.9643216824,-0.0002403772793241818,-3692.749643216824,-0.03657921953341969,-561941.212834073,-0.00036579219533419693,-5619.41212834073
2024-04-02,2024-04-01,15155075.81244423,0.05472550946107741,829369.2447572622,-0.027016381747804047,-409435.3135659049,-0.00027016381747804047,-4094.353135659049,-0.03644442472049217,-552318.0195799754,-0.0003644442472049217,-5523.180195799755
2024-04-03,2024-04-02,14656521.532509921,0.0553606130947273,811394.0178758213,-0.053063934393927925,-777732.6970442984,-0.0005306393439392793,-7777.326970442984,-0.03725790322218411,-546071.2608321123,-0.00037257903222184113,-5460.712608321122
2024-04-04,2024-04-03,14389673.217482533,0.05564141948557403,800661.8437542754,-0.02592628155445101,-373070.7193129951,-0.0002592628155445101,-3730.707193129951,-0.02861794683399685,-411802.9030965035,-0.0002861794683399685,-4118.029030965035
2024-04-05,2024-04-04,14253434.0347362,0.055629227397535314,792907.5231141093,0.0018755923016165743,26733.63114715088,1.8755923016165743e-05,267.33631147150885,-0.028593787550534877,-407559.66465481004,-0.00028593787550534877,-4075.5966465481006
2024-04-08,2024-04-05,14422626.719704669,0.055792265106499525,804671.0134778465,0.01011698362167815,145913.4783048298,0.0001011698362167815,1459.134783048298,-0.045005373925465636,-649095.7085077205,-0.00045005373925465636,-6490.957085077205
2024-04-09,2024-04-08,14401383.194413323,0.05551612005266665,799508.918345506,-0.016243159172062843,-233923.95952472647,-0.00016243159172062843,-2339.2395952472643,-0.028385293217070284,-408787.4847048105,-0.00028385293217070284,-4087.8748470481046
2024-04-10,2024-04-09,14485472.505123166,0.05582672113954612,808676.4341180736,-0.010831042896129045,-156892.7740736869,-0.00010831042896129045,-1568.9277407368688,-0.0290560285743445,-420890.30302174034,-0.000290560285743445,-4208.903030217403
2024-04-11,2024-04-10,14091220.652653325,0.05535576851876833,780030.3485951651,0.006160349394333797,86806.84261299681,6.160349394333797e-05,868.0684261299681,-0.028226694317199513,-397748.577918654,-0.00028226694317199513,-3977.48577918654
2024-04-12,2024-04-11,14240411.964615729,0.05535450467633645,788270.9506882789,-0.012065731295031468,-171820.98429560455,-0.00012065731295031468,-1718.2098429560453,-0.02887240956780182,-411155.0066566107,-0.0002887240956780182,-4111.550066566107
2024-04-15,2024-04-12,13724875.802092675,0.055087911717281585,756074.7465163355,-0.024134315956184788,-331240.48906709976,-0.00024134315956184788,-3312.4048906709972,-0.028931835021885066,-397085.8424020077,-0.00028931835021885066,-3970.8584240200776
2024-04-16,2024-04-15,13266518.73439464,0.05486939045005238,727925.7963504343,-0.022587302408711568,-299654.8705646092,-0.00022587302408711568,-2996.548705646092,-0.028634304383428483,-379877.53554911254,-0.00028634304383428483,-3798.775355491125
2024-04-17,2024-04-16,13326556.554588499,0.05474048343869744,729502.1483713165,-0.021442930422095607,-285760.42496616335,-0.00021442930422095607,-2857.6042496616333,-0.027050897164768162,-360495.3109186406,-0.0002705089716476816,-3604.953109186406
2024-04-18,2024-04-17,13044405.272230737,0.05478074863599389,714582.2863241055,-0.02504005998971437,-326632.69054680405,-0.0002504005998971437,-3266.3269054680404,-0.028270623241208326,-368773.46685686667,-0.00028270623241208326,-3687.734668568667
2024-04-19,2024-04-18,13077057.783675501,0.0549467927317347,718542.3835805358,-0.025209719290780058,-329668.9558757698,-0.0002520971929078006,-3296.689558757698,-0.027886943718015422,-364679.1744105942,-0.0002788694371801542,-3646.791744105942
2024-04-22,2024-04-19,12982287.991104282,0.05481074716470685,711568.9046998268,-0.025082636429289012,-325630.00970119354,-0.0002508263642928901,-3256.3000970119356,-0.02775889732828385,-360373.99943127617,-0.0002775889732828385,-3603.7399943127616
2024-04-23,2024-04-22,13100711.192560272,0.05484018874309925,718445.4744688382,-0.02715468895859996,-355745.73757042334,-0.0002715468895859996,-3557.4573757042335,-0.027837777404207675,-364694.6820153049,-0.00027837777404207675,-3646.9468201530494
2024-04-24,2024-04-23,13612562.519381545,0.05395494532579194,734465.0664771559,0.011632444518221846,158347.37825753202,0.00011632444518221846,1583.4737825753202,-0.04300946107797313,-585468.9778488164,-0.00043009461077973127,-5854.689778488164
2024-04-25,2024-04-24,13554420.675061146,0.05363146760845118,726943.4733858628,0.011179128769979452,151526.61412898035,0.00011179128769979452,1515.2661412898035,-0.043137180180077145,-584699.4868966755,-0.00043137180180077145,-5846.994868966755
2024-04-26,2024-04-25,13546191.763535554,0.0542490351931216,734867.8337128143,0.011730430921858687,158902.6667364049,0.00011730430921858687,1589.0266673640492,-0.04332263475219922,-586856.7180549002,-0.0004332263475219922,-5868.567180549002
2024-04-29,2024-04-26,13912943.241496807,0.05493140406788238,764257.5069721744,0.034101635842893885,474454.12392437574,0.00034101635842893885,4744.541239243757,-0.017782989805965183,-247413.7278345099,-0.00017782989805965183,-2474.137278345099
2024-04-30,2024-04-29,13895470.629382297,0.0550085921366459,764370.276398433,-0.0010761928967463474,-14954.206788288726,-1.0761928967463474e-05,-149.54206788288727,-0.028383058886270046,-394395.96112619364,-0.00028383058886270046,-3943.9596112619365
2024-05-01,2024-04-30,13595716.368479546,0.05504308646772949,748350.1916609448,0.012312082095378152,167391.5760741967,0.00012312082095378152,1673.9157607419668,-0.028332409029624417,-385199.3972025224,-0.00028332409029624417,-3851.9939720252237
2024-05-02,2024-05-01,13633249.907330262,0.055814464025559764,760932.5365041508,0.03347841997539264,456419.6660270853,0.00033478419975392637,4564.196660270853,-0.018740820401055847,-255498.2879959877,-0.00018740820401055847,-2554.9828799598768
2024-05-03,2024-05-02,14952187.00881164,0.05949075653258441,889516.9169708849,-0.030402869583737863,-454589.3916205598,-0.0003040286958373786,-4545.8939162055985,-0.015034058539525885,-224792.05478441264,-0.00015034058539525885,-2247.9205478441263
2024-05-06,2024-05-03,15401588.390578667,0.05966230898115809,918894.3253593218,-0.011706910619017907,-180305.01867940833,-0.00011706910619017907,-1803.0501867940832,0.006048344733838168,93154.11603489955,6.048344733838168e-05,931.5411603489954
2024-05-07,2024-05-06,15843369.037271615,0.057456389156067135,910302.7769486626,0.007711951852880372,122183.29920285435,7.711951852880372e-05,1221.8329920285435,0.15431848699967998,2444924.7388093323,0.0015431848699967998,24449.24738809332
2024-05-08,2024-05-07,15506639.104473185,0.05762102009151982,893508.3633907964,0.006429848840811686,99705.34547078206,6.429848840811686e-05,997.0534547078207,0.05962597995053526,924598.5523435042,0.0005962597995053526,9245.985523435042
2024-05-09,2024-05-08,15262551.085422656,0.05682513718086419,867296.55915909,-0.024082247946518448,-367556.53953555267,-0.00024082247946518448,-3675.5653953555266,-0.022195807310192855,-338764.6429540161,-0.00022195807310192855,-3387.6464295401606
2024-05-10,2024-05-09,15818256.121126097,0.05680229916140573,898513.316403942,-0.0012823085605878637,-20283.885237691367,-1.2823085605878637e-05,-202.83885237691368,0.0045117146064782565,71367.4571906987,4.5117146064782565e-05,713.674571906987
2024-05-13,2024-05-10,15496866.843039464,0.056958406375121,882676.8391869803,-0.0242941520736846,-376483.23975044134,-0.000242941520736846,-3764.832397504413,-0.02064200226824381,-319886.36052469286,-0.0002064200226824381,-3198.8636052469287
2024-05-14,2024-05-13,16105860.450322498,0.056235815885977876,905726.2029695887,-0.027193951290228197,-437981.98457328277,-0.00027193951290228197,-4379.819845732828,-0.02749251601051883,-442790.6262936733,-0.0002749251601051883,-4427.906262936733
2024-05-15,2024-05-14,17140600.65392534,0.05501359988449128,942966.1461548983,-0.05728681839013358,-981930.476759226,-0.0005728681839013358,-9819.304767592259,-0.02583467467545189,-442821.8416359991,-0.0002583467467545189,-4428.218416359991
2024-05-16,2024-05-15,16955065.98289188,0.05407006130146883,916761.4570654129,-0.0106374684136816,-180358.97884489974,-0.000106374684136816,-1803.5897884489975,-0.02815744889583041,-477411.40393871075,-0.0002815744889583041,-4774.114039387107
2024-05-17,2024-05-16,16092570.811764164,0.05429469907667052,873741.2895947467,-0.009428091535884642,-151722.23066101797,-9.428091535884642e-05,-1517.2223066101794,-0.02853135381737995,-459142.8316616847,-0.0002853135381737995,-4591.428316616846
2024-05-20,2024-05-17,15788161.553298136,0.054324564882535696,857685.0066781002,-0.008955658826741153,-141393.38837280977,-8.955658826741153e-05,-1413.9338837280977,-0.028197250121632378,-445182.7402790875,-0.0002819725012163238,-4451.827402790875
2024-05-21,2024-05-20,15838813.572271809,0.05424790187584229,859222.4044983601,-0.008737091809399994,-138385.16833290947,-8.737091809399994e-05,-1383.8516833290948,-0.02792489054075295,-442297.1353010825,-0.0002792489054075295,-4422.971353010825
2024-05-22,2024-05-21,15504155.38778095,0.05320143671492973,824843.341681465,-0.017184548217199364,-266431.90582827304,-0.00017184548217199364,-2664.31905828273,-0.036475364260245974,-565519.7153167652,-0.00036475364260245974,-5655.197153167653
2024-05-23,2024-05-22,15186150.161832927,0.05350159722627288,812483.289376084,-0.010519714434278904,-159753.96305856077,-0.00010519714434278904,-1597.5396305856075,-0.03679182080421825,-558726.115460107,-0.0003679182080421825,-5587.26115460107
2024-05-24,2024-05-23,14772321.07520755,0.052990126825758585,782787.1672860745,-0.016846669774016332,-248864.41494976348,-0.00016846669774016332,-2488.6441494976348,-0.03642764444635807,-538120.8597751026,-0.0003642764444635807,-5381.208597751026
2024-05-28,2024-05-24,14865429.193567581,0.05276320176739857,784347.6398991833,-0.016632526409706555,-247249.6436536356,-0.00016632526409706555,-2472.496436536356,-0.03622853726512262,-538552.7555012049,-0.00036228537265122623,-5385.527555012049
2024-05-29,2024-05-28,14651385.591017855,0.05157432042053408,755635.255075951,0.015172713762838519,222301.27980149057,0.0001517271376283852,2223.012798014906,-0.05653561730779924,-828325.1288027895,-0.0005653561730779924,-8283.251288027895
2024-05-30,2024-05-29,14785901.015791973,0.05046548572741346,746177.676679398,0.01623605275296383,240064.66889249996,0.0001623605275296383,2400.6466889249996,-0.04003486521097291,-591951.554190019,-0.0004003486521097291,-5919.51554190019
2024-05-31,2024-05-30,14861625.361046994,0.05012029230029556,744869.0071531609,0.016651420395588645,247467.17164853538,0.00016651420395588645,2474.671716485354,-0.05577667731008901,-828932.0820665532,-0.0005577667731008901,-8289.320820665533
2024-06-03,2024-05-31,14881630.103594411,0.049333283255065474,734159.6731977324,-0.03601503822008231,-535962.4769580802,-0.0003601503822008231,-5359.624769580802,-0.03315790764067961,-493443.7165177408,-0.00033157907640679607,-4934.437165177408
2024-06-04,2024-06-03,14925974.317314632,0.04907463876533253,732486.7978428464,0.002121679777829233,31668.137873444946,2.121679777829233e-05,316.6813787344494,-0.030427233076937843,-454156.0994533205,-0.00030427233076937843,-4541.560994533205
2024-06-05,2024-06-04,14666888.751380736,0.04986477792070982,731361.1503753574,-0.037053885719858654,-543465.2196595422,-0.00037053885719858654,-5434.652196595422,-0.03465429542206591,-508270.6957129235,-0.0003465429542206591,-5082.706957129235
2024-06-06,2024-06-05,15122500.087884266,0.0495820459577353,749804.4943533337,0.13741465669128844,2078053.1578905957,0.0013741465669128844,20780.531578905957,-0.03405513581297079,-514998.7943245614,-0.0003405513581297079,-5149.987943245614
2024-06-07,2024-06-06,15654955.421599966,0.05101935760826359,798705.7689960335,-0.014597145172265402,-228517.65695443802,-0.00014597145172265402,-2285.17656954438,-0.036129110463152536,-565599.6137227138,-0.00036129110463152536,-5655.996137227138
2024-06-10,2024-06-07,14962913.306378143,0.05038941725499075,753972.4819453415,-0.03828955181287008,-572923.244316049,-0.0003828955181287008,-5729.232443160491,-0.03510836493062636,-525323.4207856489,-0.00035108364930626357,-5253.234207856489
2024-06-11,2024-06-10,14956984.051198823,0.0493225249121089,737716.2184752695,-0.008379225120737355,-125327.93649227315,-8.379225120737355e-05,-1253.2793649227315,0.019033701178344797,284686.76495978737,0.00019033701178344797,2846.867649597874
2024-06-12,2024-06-11,15073492.640534328,0.04901673286163711,738853.3620529241,0.06271680720180209,945361.3317941742,0.0006271680720180209,9453.613317941741,0.0006139161153488615,9253.860046616488,6.139161153488615e-06,92.53860046616488
2024-06-13,2024-06-12,15203911.263707351,0.04964689693577462,754827.0155299418,-0.008728238795141507,-132703.36812977944,-8.728238795141507e-05,-1327.0336812977944,0.018685616589420723,284094.45653321064,0.00018685616589420723,2840.944565332107
2024-06-14,2024-06-13,14967612.127779074,0.04904421105231144,734074.7281439331,0.005658108779436205,84688.3775873826,5.658108779436205e-05,846.8837758738259,-0.027026638883072968,-404524.24791938846,-0.0002702663888307297,-4045.2424791938843
2024-06-17,2024-06-14,14534288.83148771,0.04905282619578412,712947.9439302929,0.003661571067899161,53218.3314778653,3.661571067899161e-05,532.183314778653,-0.02979120585188469,-432993.99048959895,-0.0002979120585188469,-4329.9399048959895
2024-06-18,2024-06-17,14884987.605050875,0.04929704051549153,733785.8370387822,-0.006422757517249994,-95602.66603451349,-6.422757517249994e-05,-956.0266603451349,-0.02612291535164929,-388839.2712170929,-0.0002612291535164929,-3888.392712170929
2024-06-20,2024-06-18,14922675.779183988,0.04941689118863603,737432.2452232295,-0.012446109495453661,-185729.25671287818,-0.0001244610949545366,-1857.292567128782,-0.02487237166787573,-371162.3382590712,-0.0002487237166787573,-3711.623382590712
2024-06-21,2024-06-20,14968766.56369705,0.04926111691989099,737378.1598408353,-0.006388186979385674,-95623.27965967312,-6.388186979385674e-05,-956.2327965967313,-0.02216976703581855,-331854.06753071374,-0.0002216976703581855,-3318.5406753071375
2024-06-24,2024-06-21,14908881.73355671,0.04988904818031247,743789.9191199912,-0.009031540820268746,-134650.1739611765,-9.031540820268746e-05,-1346.501739611765,0.006856349065126333,102220.49733595061,6.856349065126333e-05,1022.2049733595061
2024-06-25,2024-06-24,15013943.21048184,0.051000700111085075,765721.6151626462,-0.010197920833368568,-153111.0042571853,-0.00010197920833368568,-1531.110042571853,0.017578582303850315,263923.83643078967,0.00017578582303850315,2639.2383643078965
2024-06-26,2024-06-25,15083565.415879944,0.05237414530322805,789988.8467820416,-0.013440744634868329,-202734.35093817383,-0.0001344074463486833,-2027.3435093817384,0.01553291694663464,234291.76886399376,0.0001553291694663464,2342.9176886399373
2024-06-27,2024-06-26,15005746.17477113,0.052262439660619275,784236.9040215447,-0.036793243962671834,-552110.0798502838,-0.00036793243962671834,-5521.100798502838,0.010838453031398326,162639.075116342,0.00010838453031398326,1626.39075116342
2024-06-28,2024-06-27,15300262.632848624,0.052743924596165705,806995.8986084996,-0.013447510208586949,-205750.4379492933,-0.0001344751020858695,-2057.504379492933,0.012446804406700263,190439.37636221162,0.00012446804406700263,1904.3937636221162
2024-07-01,2024-06-28,15253317.704538045,0.051958635256025024,792541.5710543612,-0.014889340671960655,-227111.84368051586,-0.00014889340671960655,-2271.1184368051586,0.014345515698025585,218816.7085774221,0.00014345515698025585,2188.167085774221
2024-07-02,2024-07-01,14795422.276446614,0.051686259620134,764720.0369699337,-0.015618022616445404,-231075.23973340337,-0.00015618022616445404,-2310.7523973340335,0.004925968351791182,72881.78188516227,4.925968351791182e-05,728.8178188516227
2024-07-03,2024-07-02,14883446.439410888,0.05238820733109367,779717.0778690855,-0.03276702680089991,-487686.28836993483,-0.00032767026800899907,-4876.8628836993485,-0.029159103125901698,-433987.9495956165,-0.000291591031259017,-4339.879495956165
2024-07-05,2024-07-03,14950755.799626416,0.05225124799872511,781195.6490546576,-0.023798853718890595,-355810.85026216425,-0.00023798853718890595,-3558.1085026216424,-0.017692535649219132,-264516.77996766,-0.00017692535649219132,-2645.1677996766007
2024-07-08,2024-07-05,14904264.12225232,0.05240581531759242,781070.1130353739,-0.031374363818349044,-467611.805016311,-0.00031374363818349044,-4676.11805016311,-0.01405319583075021,-209452.54242323624,-0.0001405319583075021,-2094.5254242323626
2024-07-09,2024-07-08,14807847.351022063,0.051379523186293255,760820.1363109292,-0.03756379397288831,-556238.9270757727,-0.0003756379397288831,-5562.389270757727,-0.034811720452828515,-515486.64249193727,-0.00034811720452828515,-5154.866424919373
2024-07-10,2024-07-09,14873035.965568041,0.0519334849542674,772408.5895421058,-0.011533954145442199,-171544.91483037444,-0.00011533954145442199,-1715.4491483037443,-0.027644263222818127,-411154.1211546039,-0.0002764426322281813,-4111.541211546039
2024-07-11,2024-07-10,15055257.52106661,0.052637718572619716,792474.4084322206,-0.013707304857510372,-206367.0045495859,-0.00013707304857510372,-2063.670045495859,-0.010647557052125,-160301.71338999073,-0.00010647557052125001,-1603.0171338999073
2024-07-12,2024-07-11,15414848.718352525,0.05207509780734251,802729.754693596,-0.0376573536101113,-580482.409033372,-0.000376573536101113,-5804.82409033372,-0.034534986180815436,-532351.587467665,-0.00034534986180815436,-5323.515874676649
2024-07-15,2024-07-12,15855446.549730701,0.05267787596981466,835231.2467927396,-0.036392702838353164,-577022.5546537414,-0.00036392702838353164,-5770.225546537414,-0.03290557085198903,-521732.5198320886,-0.0003290557085198903,-5217.325198320886
2024-07-16,2024-07-15,15884529.624735367,0.05278230710856148,838422.120927825,0.025734164834798068,408775.10368617304,0.0002573416483479807,4087.75103686173,0.006358036322574867,100994.41632108398,6.358036322574867e-05,1009.9441632108399
2024-07-17,2024-07-16,16395428.914674629,0.05273574772546693,864625.2030951072,0.0034899939215488063,57219.947253399994,3.489993921548806e-05,572.1994725339999,0.014909089718579543,244440.92066347727,0.00014909089718579543,2444.4092066347725
2024-07-18,2024-07-17,15688776.62059909,0.05181094973262035,812850.4168561688,-0.010917658727936652,-171284.70900253215,-0.00010917658727936652,-1712.8470900253214,0.007084452081503739,111146.38618605041,7.084452081503739e-05,1111.4638618605043
2024-07-19,2024-07-18,15198804.783000518,0.05197444494422126,789949.4424120272,-0.02135405556775577,-324556.1218996652,-0.0002135405556775577,-3245.5612189966523,-0.017818582854363385,-270821.16231318924,-0.00017818582854363385,-2708.2116231318923
2024-07-22,2024-07-19,15100631.473826708,0.051767032268338384,781714.8767778734,-0.004359430318315316,-65830.15067270664,-4.359430318315316e-05,-658.3015067270665,-0.05247315812215783,-792377.8230705421,-0.0005247315812215783,-7923.778230705421
2024-07-23,2024-07-22,14955561.562947804,0.05192817878977013,776615.0747421676,-0.008808352175174172,-131733.85322394254,-8.808352175174172e-05,-1317.3385322394254,-0.05250137125585794,-785187.4899561616,-0.0005250137125585794,-7851.874899561616
2024-07-24,2024-07-23,15093616.604588307,0.051841934925039586,782482.2897985639,-0.00941073897038,-142042.08598477385,-9.41073897038e-05,-1420.4208598477385,-0.039655203082421264,-598540.431703155,-0.00039655203082421264,-5985.40431703155
2024-07-25,2024-07-24,14399068.053732026,0.05189523537550184,747243.0258362928,-0.00913696529971017,-131563.78515511478,-9.13696529971017e-05,-1315.6378515511478,-0.053818659094403976,-774938.5348609269,-0.0005381865909440398,-7749.3853486092685
2024-07-26,2024-07-25,14485733.176539052,0.05192532500951144,752176.4031928529,-0.009278205919899946,-134401.6153126557,-9.278205919899946e-05,-1344.0161531265567,-0.0539728055700725,-781835.660277291,-0.000539728055700725,-7818.35660277291
2024-07-29,2024-07-26,15060044.332910093,0.0525148988593372,790876.7049599079,-0.009402450834315734,-141601.32640280246,-9.402450834315734e-05,-1416.0132640280244,-0.05280472639128189,-795241.5204398929,-0.0005280472639128189,-7952.415204398929
2024-07-30,2024-07-29,14895049.276368253,0.05191694293722177,773305.423328317,-0.008763279977269667,-130529.48708404295,-8.763279977269667e-05,-1305.2948708404294,-0.052157496038722495,-776888.4736287536,-0.000521574960387225,-7768.884736287535
2024-07-31,2024-07-30,14817729.57507768,0.05187717616296057,768701.9675014158,-0.008697807538764896,-128881.7600054902,-8.697807538764896e-05,-1288.817600054902,-0.0522352392389229,-774007.649331846,-0.000522352392389229,-7740.07649331846
2024-08-01,2024-07-31,15212841.666131051,0.05221572264817359,794349.521129278,-0.009048043682737678,-137646.45593372558,-9.048043682737678e-05,-1376.4645593372559,-0.0526679941511711,-801229.8558944822,-0.000526679941511711,-8012.298558944822
2024-08-02,2024-08-01,15094291.871093823,0.054413582806692666,821334.5006361516,0.02943730248002735,444335.2355312068,0.0002943730248002735,4443.3523553120685,0.012175381386929363,183778.7602961949,0.00012175381386929363,1837.787602961949
2024-08-05,2024-08-02,14202948.668603607,0.054979392006176235,780869.4824947566,-0.030522435117396468,-433508.57921316614,-0.0003052243511739647,-4335.085792131661,-0.015470166309790312,-219721.97799271267,-0.00015470166309790312,-2197.2197799271266
2024-08-06,2024-08-05,13903494.083264029,0.05519346673532389,767382.0381894057,-0.020411579646010397,-283792.27683837805,-0.00020411579646010397,-2837.9227683837803,-0.04037713747848393,-561383.2920312395,-0.00040377137478483927,-5613.832920312395
2024-08-07,2024-08-06,14115026.541712452,0.055001579871816066,776348.7597268011,-0.006165830799861882,-87030.86539175858,-6.165830799861882e-05,-870.3086539175858,-0.025005794455860986,-352957.4524410839,-0.00025005794455860986,-3529.574524410839
2024-08-08,2024-08-07,13580030.515195964,0.054107075455287625,734775.7357708164,-0.02263714670605252,-307413.143045161,-0.0002263714670605252,-3074.13143045161,-0.053824415102642076,-730937.1995564539,-0.0005382441510264208,-7309.371995564539
2024-08-09,2024-08-08,13963453.964094156,0.05443278967474839,760069.7527605689,-0.01969824887439464,-275055.59133087914,-0.00019698248874394642,-2750.5559133087913,-0.046346957316750065,-647163.6048682764,-0.00046346957316750065,-6471.636048682763
2024-08-12,2024-08-09,14060603.036633594,0.054364246730466276,764394.0926626921,0.017620642462205793,247756.85891152563,0.00017620642462205793,2477.568589115256,-0.039208641747327105,-551297.1472147462,-0.00039208641747327105,-5512.971472147462
2024-08-13,2024-08-12,13852028.823073657,0.05421624417734609,751004.9770233975,0.01721503686200332,238463.18680274545,0.0001721503686200332,2384.6318680274544,-0.03934161727178545,-544961.2163951045,-0.0003934161727178545,-5449.612163951045
2024-08-14,2024-08-13,14698781.338620756,0.05516033984659372,810789.7739690907,0.023695826239611417,348299.7685340003,0.00023695826239611417,3482.9976853400035,-0.03862214357257879,-567698.4432021526,-0.0003862214357257879,-5676.984432021526
2024-08-15,2024-08-14,14484239.602382386,0.054785751499530216,793529.9515157758,0.00489443730908104,70892.20270356948,4.89443730908104e-05,708.9220270356948,-0.038236398626202706,-553825.1592341247,-0.00038236398626202706,-5538.251592341247
2024-08-16,2024-08-15,15096281.401103936,0.055697078518971654,840818.7705417774,-0.01762972702876245,-266143.3202508459,-0.00017629727028762449,-2661.433202508459,-0.032932061789940625,-497151.6718994863,-0.00032932061789940625,-4971.5167189948625
2024-08-19,2024-08-16,15259312.658769106,0.055606292509107556,848513.8031914426,-0.013685926383484592,-208837.82971048853,-0.00013685926383484592,-2088.3782971048854,-0.0073512964470931474,-112175.73093349283,-7.351296447093147e-05,-1121.7573093349283
2024-08-20,2024-08-19,15360275.207058515,0.05418183089619129,832247.8337878041,-0.01111594413891609,-170743.96116004023,-0.0001111594413891609,-1707.4396116004023,-0.05530149729458256,-849446.21780719,-0.0005530149729458256,-8494.4621780719
2024-08-21,2024-08-20,15210709.887121037,0.054119351624215384,823193.7568350328,-0.011045811820081797,-168014.6390629966,-0.00011045811820081797,-1680.146390629966,-0.055227906268245225,-840055.6599193915,-0.0005522790626824522,-8400.556599193915
2024-08-22,2024-08-21,15592644.824061785,0.05380311211247523,838932.8175990029,-0.01070521435871663,-166922.60526091477,-0.0001070521435871663,-1669.2260526091477,-0.05507039415270573,-858693.0963442294,-0.0005507039415270573,-8586.930963442293
2024-08-23,2024-08-22,15300949.775916917,0.05358543322151099,819908.0224430895,-0.010475753875494737,-160288.98391381197,-0.00010475753875494737,-1602.8898391381197,-0.05510340201051664,-843134.3866450744,-0.0005510340201051664,-8431.343866450743
2024-08-26,2024-08-23,15978565.569785953,0.052784799673586416,843425.3826724167,-0.010939732945319108,-174801.24018272897,-0.00010939732945319108,-1748.0124018272898,-0.045868944836308795,-732919.9426838548,-0.00045868944836308795,-7329.199426838549
2024-08-27,2024-08-26,15699957.510709936,0.05289881683565217,830509.1766865664,-0.0110476168073817,-173447.11447049765,-0.000110476168073817,-1734.4711447049763,-0.04600410783287753,-722262.5382942954,-0.00046004107832877533,-7222.625382942954
2024-08-28,2024-08-27,15644150.434816984,0.053150591117308646,831495.8431386237,-0.011297544814242028,-176740.49061808878,-0.00011297544814242028,-1767.4049061808878,-0.04637117421613518,-725437.6252763253,-0.0004637117421613518,-7254.376252763253
2024-08-29,2024-08-28,15233110.10771658,0.053075870777900526,808510.5836226956,-0.011211247214975434,-170782.16327055165,-0.00011211247214975434,-1707.8216327055165,-0.04645600173594708,-707669.3896079544,-0.0004645600173594708,-7076.693896079544
2024-08-30,2024-08-29,15075417.089963622,0.0526807390178661,794184.113301852,-0.010845025634424743,-163493.28479030036,-0.00010845025634424743,-1634.9328479030034,-0.0460796817364377,-694670.4215495775,-0.000460796817364377,-6946.704215495775
2024-09-03,2024-08-30,15193312.207655957,0.052716537062800876,800938.8061016003,-0.010928740351801719,-166043.7642013313,-0.00010928740351801719,-1660.437642013313,-0.046124181511406764,-700779.0900253956,-0.00046124181511406764,-7007.790900253955
2024-09-04,2024-09-03,14822223.523579068,0.05205730030999858,771604.9412288809,-0.010239448120661493,-151771.38880253627,-0.00010239448120661493,-1517.7138880253626,-0.0453788106692235,-672614.8749734054,-0.000453788106692235,-6726.148749734054
2024-09-05,2024-09-04,14688560.30063105,0.05250157289782766,771172.5193877185,-0.010687533839233432,-156984.48526261514,-0.00010687533839233432,-1569.8448526261514,-0.04556894275289866,-669342.1634619563,-0.0004556894275289866,-6693.421634619563
2024-09-06,2024-09-05,14672963.000279758,0.0520648250539335,763945.2516324047,-0.010234090665132978,-150164.43367100463,-0.00010234090665132978,-1501.6443367100464,-0.04485387802077995,-658139.2926179656,-0.00044853878020779947,-6581.392926179657
2024-09-09,2024-09-06,14323257.627840701,0.051593646761506386,738989.094524865,-0.003003621454323452,-43021.64390678436,-3.003621454323452e-05,-430.2164390678436,-0.0363858084129462,-521163.307895882,-0.00036385808412946197,-5211.63307895882
2024-09-10,2024-09-09,14438598.299397586,0.05181668679621029,748160.3258561792,-0.0032416159830024605,-46804.39101947936,-3.2416159830024605e-05,-468.04391019479357,-0.036579456728845494,-528156.0817179962,-0.00036579456728845494,-5281.560817179961
2024-09-11,2024-09-10,14262799.329773609,0.05108575931419392,728625.933707461,-0.008955969733553254,-127737.19911319608,-8.955969733553254e-05,-1277.3719911319608,-0.042616819466880645,-607835.1441293082,-0.00042616819466880645,-6078.351441293082
2024-09-12,2024-09-11,14489752.70384316,0.051325507196963764,743693.9066833273,-0.009135973853906243,-132378.0018518784,-9.135973853906243e-05,-1323.780018518784,-0.042830476281666835,-620603.0095091723,-0.00042830476281666835,-6206.0300950917235
2024-09-13,2024-09-12,14820913.880025208,0.05207677780389217,771825.4389806942,-0.00990908129051074,-146861.64043682875,-9.90908129051074e-05,-1468.6164043682872,-0.0436267391921423,-646588.1444330616,-0.000436267391921423,-6465.8814443306155
2024-09-16,2024-09-13,15261595.96196956,0.051292334344034636,782802.8827049116,-0.00907725541344842,-138533.40456365075,-9.077255413448421e-05,-1385.3340456365074,-0.04271373209190771,-651879.7212145083,-0.0004271373209190771,-6518.797212145083
2024-09-17,2024-09-16,15638392.023314614,0.052455407043633426,820318.2190908781,-0.003935101859424417,-61538.665529353304,-3.935101859424417e-05,-615.3866552935331,-0.03638239481461927,-568962.152858025,-0.00036382394814619273,-5689.62152858025
2024-09-18,2024-09-17,15903762.031204669,0.05118318657864948,814005.21934559,-0.06835111450258918,-1087039.8596168007,-0.0006835111450258918,-10870.398596168006,-0.005511708236805024,-87656.89618357777,-5.511708236805024e-05,-876.5689618357777
2024-09-19,2024-09-18,16040998.596066829,0.05166342987202471,828733.0060451454,-0.06874651012535385,-1102762.672405295,-0.0006874651012535385,-11027.62672405295,-0.006054410950980665,-97118.79756469249,-6.0544109509806654e-05,-971.1879756469249
2024-09-20,2024-09-19,16584410.875167845,0.050010991080435545,829402.8243522973,-0.0068165003812604985,-113047.64305356237,-6.816500381260499e-05,-1130.4764305356236,-0.028852699128117942,-478505.017198305,-0.0002885269912811794,-4785.05017198305
2024-09-23,2024-09-20,16653578.610529777,0.05038807377411787,839141.7476304458,-0.007245516220125148,-120663.77394572271,-7.245516220125148e-05,-1206.637739457227,-0.02923123108712275,-486804.6047919605,-0.0002923123108712275,-4868.046047919605
2024-09-24,2024-09-23,16802876.748212036,0.050399284088668415,846852.9587400194,-0.0072614413735620775,-122013.1044143311,-7.261441373562078e-05,-1220.131044143311,-0.02926098081553266,-491668.6541751922,-0.0002926098081553266,-4916.686541751922
2024-09-25,2024-09-24,16784990.95658808,0.05014617914418686,841703.1634426222,-0.007001281817358568,-117516.4519888881,-7.001281817358568e-05,-1175.1645198888812,-0.02900792969446897,-486897.83759100444,-0.0002900792969446897,-4868.978375910045
2024-09-26,2024-09-25,16659293.673722614,0.04984081089776426,830312.7056823293,-0.006676708626362354,-111229.24978044757,-6.676708626362354e-05,-1112.2924978044757,-0.028655176684319605,-477375.00365648937,-0.00028655176684319605,-4773.750036564893
2024-09-27,2024-09-26,16910913.03708899,0.04826672543696791,816234.3964496154,-0.01577163464906925,-266712.7420031496,-0.0001577163464906925,-2667.127420031496,-0.04737401977435024,-801137.928621371,-0.0004737401977435024,-8011.379286213711
2024-09-30,2024-09-27,16826406.999419987,0.048412811553031176,814613.6711775246,-0.021550807739827843,-362622.66219659365,-0.00021550807739827843,-3626.2266219659364,-0.047317732801096385,-796187.4304010529,-0.00047317732801096385,-7961.874304010529
2024-10-01,2024-09-30,16834338.441578493,0.04913726928649268,827193.4212637979,-0.022332062133906955,-375945.49206054927,-0.00022332062133906955,-3759.4549206054926,-0.04812669407261022,-810181.05609263,-0.0004812669407261022,-8101.8105609263
2024-10-02,2024-10-01,16624954.370540937,0.04982285153894963,828302.6334452729,-0.02301762803802801,-382667.0158502994,-0.0002301762803802801,-3826.6701585029937,-0.048885022321555616,-812711.2654987373,-0.0004888502232155562,-8127.112654987373
2024-10-03,2024-10-02,16524952.545698699,0.05024328924549061,830267.9705215461,-0.023440342509170597,-387350.54761896806,-0.00023440342509170597,-3873.505476189681,-0.04940091941272942,-816347.8490092393,-0.0004940091941272942,-8163.478490092393
2024-10-04,2024-10-03,16508953.865964074,0.05044832318119369,832849.0400135726,-0.02364102924695688,-390288.6611819185,-0.0002364102924695688,-3902.886611819185,-0.04971893676053024,-820807.6332443791,-0.0004971893676053024,-8208.07633244379
2024-10-07,2024-10-04,16874303.296317454,0.05007277754001237,844943.2350992013,-0.02323430663674908,-392062.73706814554,-0.0002323430663674908,-3920.627370681455,-0.04938668167614457,-833365.8454019472,-0.0004938668167614457,-8333.658454019473
2024-10-08,2024-10-07,16664498.058303207,0.05062151641384981,843582.161986964,-0.023796266238164387,-396552.8325207566,-0.00023796266238164387,-3965.528325207566,-0.049805825740247694,-829989.0863405456,-0.0004980582574024769,-8299.890863405455
2024-10-09,2024-10-08,16976549.342038408,0.05187428582234243,880646.3728459997,-0.025075051992671377,-425687.8574077641,-0.00025075051992671377,-4256.878574077641,-0.051086851175808495,-867278.4497154858,-0.000510868511758085,-8672.784497154858
2024-10-10,2024-10-09,16868298.350670557,0.0517465367450187,872876.0204289124,-0.02493741711815864,-420651.7920442191,-0.0002493741711815864,-4206.517920442191,-0.05088929257785549,-858415.7700578312,-0.0005088929257785549,-8584.157700578311
2024-10-11,2024-10-10,16939986.860068027,0.05180796654026791,877626.2724389824,-0.02501895717867339,-423820.80585933186,-0.0002501895717867339,-4238.208058593319,-0.050855450129406315,-861490.6569549878,-0.0005085545012940632,-8614.906569549878
2024-10-14,2024-10-11,17127806.403318603,0.051309411695173564,878817.6701831041,-0.0431533738300148,-739122.632610529,-0.000431533738300148,-7391.226326105289,-0.06308958918599672,-1080586.2696426546,-0.0006308958918599672,-10805.862696426546
2024-10-15,2024-10-14,16963706.159963716,0.051058419349159036,866140.0228313397,-0.04295584672696709,-728690.3617287088,-0.0004295584672696709,-7286.903617287088,-0.06285890849711956,-1066320.0532811827,-0.0006285890849711956,-10663.200532811827
2024-10-16,2024-10-15,17199889.007822674,0.051028119874212574,877677.9981143266,-0.0428916465764588,-737731.5604778487,-0.00042891646576458803,-7377.315604778488,-0.06290271788584878,-1081919.765926981,-0.0006290271788584878,-10819.197659269812
2024-10-17,2024-10-16,17384969.762084424,0.050407755172726575,876337.2994524062,-0.04311273069771554,-749513.5195406736,-0.0004311273069771554,-7495.135195406736,-0.045394245128597965,-789177.5789333238,-0.00045394245128597965,-7891.775789333238
2024-10-18,2024-10-17,17315971.735432774,0.05013034540146462,868055.6440592436,-0.04280790088092429,-741260.4017072927,-0.0004280790088092429,-7412.6040170729275,-0.04517350691620042,-782223.1689513035,-0.00045173506916200423,-7822.231689513034
2024-10-21,2024-10-18,17451693.602077466,0.04935642010534686,861353.1209739294,-0.021852900198826575,-381370.1185866991,-0.00021852900198826575,-3813.701185866991,-0.04434643701197935,-773920.4310768914,-0.0004434643701197935,-7739.204310768913
2024-10-22,2024-10-21,17110194.419347093,0.050141950372071066,857938.5194313892,-0.042778465401307336,-731947.8599776814,-0.00042778465401307336,-7319.478599776815,-0.04521412552547996,-773622.4782417262,-0.0004521412552547996,-7736.224782417261
2024-10-23,2024-10-22,17191484.838732194,0.05128559176264024,881675.4732328384,-0.04398482683866459,-756164.4837311632,-0.00043984826838664587,-7561.644837311632,-0.04634181589372663,-796684.62533632,-0.0004634181589372663,-7966.8462533632
2024-10-24,2024-10-23,16907691.00433595,0.052061710712114594,880243.3178775605,-0.03567421969757831,-603168.6834674492,-0.0003567421969757831,-6031.686834674491,-0.05202682184182114,-879653.4276391485,-0.0005202682184182114,-8796.534276391485
2024-10-25,2024-10-24,17017753.492238887,0.05229228447681984,889897.2067725502,-0.03528098834137128,-600403.1625560105,-0.0003528098834137128,-6004.031625560105,-0.05220184376793641,-888358.1090831086,-0.0005220184376793641,-8883.581090831085
2024-10-28,2024-10-25,17052738.98225808,0.05262738167728685,897441.0030624442,-0.0445507879307791,-759712.9580375096,-0.000445507879307791,-7597.129580375096,-0.047170421276647445,-804384.8817138219,-0.00047170421276647445,-8043.848817138219
2024-10-29,2024-10-28,17215134.558149315,0.05272172974984395,907611.6717819475,-0.044897554017487434,-772917.4337428235,-0.00044897554017487434,-7729.174337428236,-0.04724516434629206,-813331.8614432963,-0.00047245164346292057,-8133.318614432963
2024-10-30,2024-10-29,17203890.20881316,0.0533770233211369,918292.4488900988,-0.045407702817684,-781189.1339098515,-0.00045407702817684,-7811.891339098515,-0.047894214740166335,-823966.8120271426,-0.00047894214740166335,-8239.668120271426
2024-10-31,2024-10-30,17206639.419288173,0.0508361983337412,874720.134176103,0.0310559372123681,534368.3134412714,0.000310559372123681,5343.683134412714,-0.021285304644076686,-366248.5619403275,-0.00021285304644076686,-3662.4856194032755
2024-11-01,2024-10-31,17978774.300285697,0.054098722730672295,972628.7259084927,0.0009996963331371234,17973.314742295563,9.996963331371234e-06,179.73314742295562,-0.040191486720667774,-722593.6685438156,-0.00040191486720667774,-7225.936685438156
2024-11-04,2024-11-01,17439670.853123903,0.050915888766864675,887956.3412883886,-0.028674963777278878,-500081.9300009942,-0.0002867496377727888,-5000.819300009942,-0.05116750479830581,-892344.4420580914,-0.0005116750479830581,-8923.444420580914
2024-11-05,2024-11-04,17561447.548693478,0.050381207893966995,884766.9398697232,-0.028101332828057296,-493500.08250830637,-0.00028101332828057296,-4935.000825083063,-0.05062051778642676,-888969.5679940388,-0.0005062051778642676,-8889.695679940389
2024-11-06,2024-11-05,18076378.035824183,0.05085157668321289,919212.3238434587,-0.028593858187673377,-516873.39010313054,-0.00028593858187673377,-5168.733901031305,-0.05101113206518876,-922096.5072457048,-0.0005101113206518876,-9220.965072457047
2024-11-07,2024-11-06,18230494.219671343,0.05068723658799946,924053.3736286379,-0.028416982425843312,-518055.6338548386,-0.0002841698242584331,-5180.5563385483865,-0.050682204417014376,-923961.634664582,-0.0005068220441701438,-9239.61634664582
2024-11-08,2024-11-07,18442369.465770993,0.05059972920912056,933178.9009425656,-0.02832999974226244,-522472.32221200096,-0.0002832999974226244,-5224.723222120009,-0.05066336847650635,-934352.5598242254,-0.0005066336847650635,-9343.525598242253
2024-11-11,2024-11-08,18653167.347684637,0.050548981865937155,942898.6180004018,-0.028341402234178387,-528656.9187421727,-0.00028341402234178387,-5286.569187421727,-0.0506268513761822,-944351.1310062847,-0.000506268513761822,-9443.511310062848
2024-11-12,2024-11-11,19078353.465510592,0.04933424925373464,941216.2452183516,-0.011804188392011694,-225204.4785162762,-0.00011804188392011694,-2252.044785162762,-0.052211728316456374,-996113.807866563,-0.0005221172831645637,-9961.13807866563
2024-11-13,2024-11-12,18891029.592538577,0.04907212066424947,927022.8836369605,-0.011524880033245838,-217716.8497585041,-0.00011524880033245838,-2177.1684975850408,-0.030374826303727898,-573811.7425719429,-0.000303748263037279,-5738.117425719429
2024-11-14,2024-11-13,18628911.61337234,0.04839328681248304,901514.2627103239,-0.02925064737258551,-544907.7245378173,-0.0002925064737258551,-5449.077245378174,0.0004008980034948817,7468.293473083587,4.008980034948817e-06,74.68293473083587
2024-11-15,2024-11-14,18773230.210045762,0.04829505076228255,906654.1059661764,-0.02918755458230851,-547944.6814419538,-0.0002918755458230851,-5479.446814419538,-0.042641515334986696,-800518.9838889019,-0.00042641515334986696,-8005.189838889019
2024-11-18,2024-11-15,18537999.660558436,0.0481927469343605,893397.1263105535,-0.010642468585206344,-197290.07902005903,-0.00010642468585206344,-1972.90079020059,-0.04924657867615631,-912933.05878225,-0.0004924657867615631,-9129.3305878225
2024-11-19,2024-11-18,18966959.38250939,0.046568636006559666,883265.4276352816,-0.035178365315197135,-667226.6260764212,-0.00035178365315197135,-6672.266260764212,-0.03471842659179131,-658502.9869911397,-0.00034718426591791307,-6585.029869911397
2024-11-20,2024-11-19,19163280.988177076,0.0467238808615179,895382.8578073768,-0.04388406910354123,-840962.7471357407,-0.0004388406910354123,-8409.627471357406,-0.03428331093092429,-656980.7205743449,-0.00034283310930924293,-6569.807205743448
2024-11-21,2024-11-20,19004955.475062978,0.04649013360317301,883542.9191580322,-0.036204810652609026,-688070.8144359203,-0.00036204810652609026,-6880.708144359203,-0.032419574596843914,-616132.5717335014,-0.00032419574596843914,-6161.325717335014
2024-11-22,2024-11-21,19257968.177698772,0.04656893097206783,896822.990729533,-0.04670374505885144,-899419.2361227174,-0.0004670374505885144,-8994.192361227173,-0.03484815535303373,-671104.6668402267,-0.00034848155353033733,-6711.046668402268
2024-11-25,2024-11-22,19829851.101055708,0.04688724641141661,929767.1148769,-0.044584599086976845,-884105.9612950151,-0.00044584599086976845,-8841.05961295015,-0.04540758425396266,-900425.6346147212,-0.0004540758425396266,-9004.256346147213
2024-11-26,2024-11-25,20382709.29444621,0.04631646509943454,944055.043668138,-0.02094947711012568,-427007.10180634685,-0.0002094947711012568,-4270.071018063469,-0.040420944200662834,-823888.355049142,-0.00040420944200662834,-8238.88355049142
2024-11-27,2024-11-26,20060935.862999946,0.04614753064261602,925762.6524573447,-0.02016690285141995,-404566.94465768634,-0.0002016690285141995,-4045.6694465768633,-0.03521641281248877,-706474.1987562669,-0.00035216412812488773,-7064.741987562668
2024-11-29,2024-11-27,20103491.198197052,0.046000677604419046,924774.2173315386,-0.008380830765136738,-168483.95752050547,-8.380830765136738e-05,-1684.8395752050546,-0.038423542363437424,-772447.3457069158,-0.00038423542363437424,-7724.473457069158
2024-12-02,2024-11-29,20195684.673507847,0.04651176849025295,939337.0100363467,-0.031956069393549585,-645374.7008768625,-0.00031956069393549585,-6453.747008768625,-0.03738794011827612,-755075.0492206982,-0.0003738794011827612,-7550.750492206982
2024-12-03,2024-12-02,20265321.59297948,0.045962159549262964,931437.9443736468,-0.04379497811019886,-887519.3155606766,-0.0004379497811019886,-8875.193155606767,-0.03480979864735195,-705431.7641754494,-0.00034809798647351953,-7054.317641754494
2024-12-04,2024-12-03,20172935.56181203,0.046128740081009624,930552.1012017829,-0.05109997272879918,-1030836.4570684178,-0.0005109997272879918,-10308.364570684178,-0.034902193390429215,-704079.6982310303,-0.00034902193390429215,-7040.796982310302
2024-12-05,2024-12-04,20523470.861581624,0.04594592303348992,942969.8125863023,-0.03764705175772487,-772648.1697741216,-0.0003764705175772487,-7726.4816977412165,-0.04654351937991921,-955234.5637892316,-0.0004654351937991921,-9552.345637892315
2024-12-06,2024-12-05,20331883.294422995,0.04582569985136235,931722.7812631566,-0.050016124341815266,-1016922.0029571372,-0.0005001612434181527,-10169.220029571372,-0.033474502272239776,-680599.6735380765,-0.00033474502272239776,-6805.996735380765
2024-12-09,2024-12-06,20394658.098350234,0.04539125801752152,925739.1879213504,-0.0553804072093482,-1129464.470382067,-0.000553804072093482,-11294.64470382067,-0.0335947162566852,-685152.7519661831,-0.000335947162566852,-6851.52751966183
2024-12-10,2024-12-09,20210060.007356748,0.044962249825807585,908689.7670453368,-0.03967120230857213,-801757.3792202323,-0.0003967120230857213,-8017.573792202323,-0.03309804524374016,-668913.4805021972,-0.0003309804524374016,-6689.134805021972
2024-12-11,2024-12-10,19882743.47729669,0.044775859670854054,890266.9318110254,-0.048544879784758604,-965205.3918965611,-0.00048544879784758604,-9652.053918965612,-0.03294559363524671,-655048.786956869,-0.0003294559363524671,-6550.487869568689
2024-12-12,2024-12-11,20478770.258867476,0.045281023494790275,927299.6772361905,-0.041888309127829926,-857821.0591612505,-0.00041888309127829926,-8578.210591612506,-0.0447734955097312,-916906.1282302197,-0.000447734955097312,-9169.061282302198
2024-12-13,2024-12-12,20192600.498642705,0.045211063734431324,912928.948108045,-0.04182877710820071,-844631.7854926683,-0.0004182877710820071,-8446.317854926683,-0.034539380555953514,-697439.913036957,-0.00034539380555953514,-6974.399130369571
2024-12-16,2024-12-13,20381040.38922955,0.04536680565908469,924622.6984681329,-0.03430485707737185,-699168.677640663,-0.00034304857077371853,-6991.686776406629,-0.04268681953489839,-870001.793028517,-0.0004268681953489839,-8700.01793028517
2024-12-17,2024-12-16,20571816.429098587,0.04493770641746847,924450.2471648869,0.0015182379364042653,31232.912123402002,1.5182379364042653e-05,312.32912123402,-0.027391445029768813,-563491.7788801489,-0.00027391445029768813,-5634.917788801489
2024-12-18,2024-12-17,20724827.72771772,0.04474036867983255,927236.433364107,0.0113452746330088,235128.86229275327,0.000113452746330088,2351.2886229275327,-0.028065644523482536,-581655.6478165399,-0.00028065644523482536,-5816.556478165398
2024-12-19,2024-12-18,19497668.761500977,0.04460042493617907,869604.3120278079,0.023529150709680757,458763.586776791,0.00023529150709680757,4587.635867767911,-0.049465356806528,-964459.1421831407,-0.00049465356806528,-9644.591421831406
2024-12-20,2024-12-19,19197150.177391887,0.043942959911293024,843579.6006562035,0.1292534813699335,2481298.492809338,0.001292534813699335,24812.984928093378,-0.02640004232762061,-506805.5772528353,-0.0002640004232762061,-5068.055772528353
2024-12-23,2024-12-20,19599733.579137903,0.04388386074323313,860111.978991358,0.14600081853318736,2861577.1455865316,0.0014600081853318736,28615.771455865317,-0.02628224429813142,-515124.98610519205,-0.0002628224429813142,-5151.249861051921
2024-12-24,2024-12-23,19572787.202182118,0.04382760853992816,857828.4555325536,0.11977682629721528,2344366.3328681258,0.0011977682629721528,23443.663328681258,-0.02632235033277336,-515201.7617246606,-0.0002632235033277336,-5152.017617246606
2024-12-26,2024-12-24,19731274.965724308,0.043815544189352254,864536.5501729533,0.11270534025882642,2223820.0587524218,0.0011270534025882642,22238.200587524218,-0.026279840479168093,-518534.7585498377,-0.00026279840479168093,-5185.347585498377
2024-12-27,2024-12-26,19831016.440159142,0.04430506494122626,878614.4712317764,0.05255859371752769,1042290.3360839366,0.0005255859371752769,10422.903360839366,-0.027061118308752824,-536649.4820699688,-0.00027061118308752824,-5366.494820699688
2024-12-30,2024-12-27,19399267.49227902,0.044311116657196184,859603.2049145293,0.03928690766805687,762137.2307971029,0.0003928690766805687,7621.37230797103,-0.027133438508390034,-526368.8316095625,-0.00027133438508390034,-5263.688316095625
2024-12-31,2024-12-30,19095394.929699335,0.04443018753833412,848411.977845096,0.027432328436323428,523831.1453328173,0.0002743232843632343,5238.311453328172,-0.02758547497194383,-526755.5389126041,-0.0002758547497194383,-5267.5553891260415
2025-01-02,2024-12-31,18772625.764101733,0.04437011845190175,832943.6288064165,0.03507493361162156,658448.6023916848,0.0003507493361162156,6584.486023916847,-0.027699281038937734,-519988.23687865713,-0.00027699281038937734,-5199.8823687865715
2025-01-03,2025-01-02,18656821.270839844,0.044259170092538574,825735.4260121924,0.018508708367968862,345313.6639752929,0.00018508708367968862,3453.1366397529287,-0.02792007372562702,-520899.82536769484,-0.0002792007372562702,-5208.9982536769485
2025-01-06,2025-01-03,18175867.62042345,0.04317153024792411,784680.0187573754,-0.024352336439995015,-442624.8433813635,-0.00024352336439995015,-4426.248433813635,-0.042751088553636546,-777038.1261798982,-0.00042751088553636546,-7770.3812617989815
2025-01-07,2025-01-06,18670339.613698263,0.04421239750104824,825460.476480395,-0.0254762589515678,-475650.40671229124,-0.000254762589515678,-4756.504067122913,-0.04463229789658102,-833300.1594689182,-0.0004463229789658102,-8333.001594689182
2025-01-08,2025-01-07,18886019.08174717,0.044634122916162366,842960.8970916911,-0.01413211297668221,-266899.35534302704,-0.0001413211297668221,-2668.9935534302704,-0.048485144363671906,-915691.3616335739,-0.00048485144363671906,-9156.91361633574
2025-01-10,2025-01-08,19025755.02227408,0.04438361089028989,844431.7078025914,-0.025634371061120098,-487713.2639589431,-0.000256343710611201,-4877.13263958943,-0.045392604577066537,-863628.5745062251,-0.00045392604577066537,-8636.28574506225
2025-01-13,2025-01-10,18832454.379897695,0.044240929184150096,833165.2805847912,-0.025466666056708775,-479599.8267210571,-0.00025466666056708775,-4795.998267210572,-0.044863396265759636,-844887.8635021909,-0.00044863396265759636,-8448.878635021909
2025-01-14,2025-01-13,18732188.520343095,0.04437221017698879,831188.6060996404,-0.002565453210703894,-48056.55318302482,-2.565453210703894e-05,-480.5655318302482,-0.027805275622295317,-520853.66481693607,-0.00027805275622295317,-5208.53664816936
2025-01-15,2025-01-14,18559333.42627941,0.04301166714019101,798267.8716749507,0.1556784459556558,2889288.1857760353,0.001556784459556558,28892.881857760356,-0.005715078332633322,-106068.04433264681,-5.715078332633322e-05,-1060.680443326468
2025-01-16,2025-01-15,19285629.473445404,0.04351226205722163,839161.3635870337,0.09819742983797272,1893799.247099794,0.0009819742983797272,18937.99247099794,-0.026034635262739414,-502094.3291534883,-0.00026034635262739414,-5020.9432915348825
2025-01-17,2025-01-16,19884863.432116967,0.044099166415716394,876905.9016467195,0.0034203415836493722,68013.02528205844,3.420341583649372e-05,680.1302528205844,-0.048223464236120395,-958917.0005588308,-0.00048223464236120395,-9589.170005588308
2025-01-21,2025-01-17,19946988.506261766,0.04398191484026936,877306.7498022367,0.0039407943939528955,78606.9804817192,3.9407943939528955e-05,786.0698048171921,-0.04831271375388552,-963693.1459550691,-0.00048312713753885517,-9636.931459550691
2025-01-22,2025-01-21,20451927.25163198,0.043479271847423756,889234.904777441,0.029646004850494845,606317.9345038494,0.00029646004850494845,6063.179345038494,-0.013456372071472128,-275208.7426766403,-0.00013456372071472128,-2752.0874267664026
2025-01-23,2025-01-22,20393892.630743302,0.043676178643912475,890727.2977851146,0.02039972347486485,416029.77024324745,0.0002039972347486485,4160.297702432475,-0.04107656641027316,-837711.0850107076,-0.0004107656641027316,-8377.110850107076
2025-01-24,2025-01-23,20874862.063491903,0.04398413432901434,918162.7371002733,0.003042114689206371,63503.724518505536,3.042114689206371e-05,635.0372451850553,-0.04890225432135839,-1020827.8135521573,-0.0004890225432135839,-10208.278135521572
2025-01-27,2025-01-24,20670016.211232558,0.04382228695336529,905807.3817393456,0.011733734916435923,242536.49094103603,0.00011733734916435923,2425.3649094103603,-0.0488864915401524,-1010484.5726452334,-0.000488864915401524,-10104.845726452333
2025-01-28,2025-01-27,20627800.01732055,0.044001651328501167,907657.2640361892,-0.03297056742765786,-680110.2713553092,-0.0003297056742765786,-6801.102713553092,-0.040964960195938316,-845017.006639312,-0.00040964960195938316,-8450.17006639312
2025-01-29,2025-01-28,20974006.603719197,0.0439519350923618,921848.176873434,-0.026443275349408157,-554621.4318024517,-0.0002644327534940816,-5546.2143180245175,-0.04892780209832734,-1026212.0443157835,-0.0004892780209832734,-10262.120443157835
2025-01-30,2025-01-29,20855547.877938155,0.044105526501930906,919844.9196426901,-0.03303799950742578,-689025.5805184155,-0.0003303799950742578,-6890.255805184155,-0.04092954535956789,-853608.0928687095,-0.00040929545359567887,-8536.080928687095
2025-01-31,2025-01-30,21118255.64568433,0.04370143770658104,922898.1335715272,0.011396267818676586,240669.29720149748,0.00011396267818676586,2406.6929720149747,-0.04862007210041583,-1026771.1121281858,-0.0004862007210041583,-10267.711121281858
2025-02-03,2025-01-31,20885933.48217413,0.04420610908895021,923285.8539375472,-0.01860752429226481,-388635.51463618205,-0.0001860752429226481,-3886.3551463618205,-0.027648762982789704,-577470.2245229441,-0.00027648762982789704,-5774.702245229441
2025-02-04,2025-02-03,20682280.92184764,0.04444902925996699,919307.3098580629,0.0021874313568107095,45241.069818817436,2.1874313568107095e-05,452.41069818817436,-0.0281032559587599,-581239.434557661,-0.000281032559587599,-5812.394345576609
2025-02-05,2025-02-04,21076142.24342612,0.04450917360972915,938081.6741359996,0.0072606086792818825,153025.62129839923,7.260608679281882e-05,1530.2562129839923,-0.032082053579461645,-676165.9247019518,-0.00032082053579461645,-6761.659247019518
2025-02-06,2025-02-05,21219669.839568537,0.044414601145039936,942463.1723538701,0.0023592407226491474,50062.309206679995,2.3592407226491474e-05,500.6230920667999,-0.030143017269973482,-639624.8744372498,-0.0003014301726997348,-6396.248744372499
2025-02-07,2025-02-06,21395698.018929765,0.04433625613626899,948605.147581533,0.014044881219698463,300500.0372884063,0.00014044881219698463,3005.0003728840625,-0.031871125216223484,-681904.9706498153,-0.00031871125216223484,-6819.049706498153
2025-02-10,2025-02-07,21241046.555414952,0.043922814410352534,932966.545735149,-0.01690751148116648,-359133.23850767006,-0.00016907511481166482,-3591.3323850767006,-0.03599795416589224,-764634.2203374108,-0.00035997954165892243,-7646.342203374108
2025-02-11,2025-02-10,21629920.99857034,0.04367978130138444,944790.2187837755,-0.019430563196119743,-420281.5468897985,-0.00019430563196119743,-4202.815468897985,-0.03151013062187846,-681561.6360058633,-0.0003151013062187846,-6815.616360058633
2025-02-12,2025-02-11,21721631.464069985,0.043564229194630426,946286.1315820405,-0.00756250578049858,-164269.96350888908,-7.56250578049858e-05,-1642.6996350888908,-0.03529729295196765,-766714.7891819562,-0.0003529729295196765,-7667.147891819563
2025-02-13,2025-02-12,21793001.739644513,0.0435961554374947,950091.0912911345,-0.009927856447966565,-216357.79284147636,-9.927856447966565e-05,-2163.5779284147634,-0.024164237620401263,-526611.2724985881,-0.00024164237620401263,-5266.112724985881
2025-02-14,2025-02-13,22155727.82965422,0.04363523975198079,966770.4957265949,-0.0032932179951122853,-72963.64158342734,-3.293217995112285e-05,-729.6364158342734,-0.024179038120120122,-535704.1877722157,-0.00024179038120120122,-5357.041877722157
2025-02-18,2025-02-14,23132170.014385156,0.044076482369676616,1019584.6838114094,-0.0005713316286820591,-13216.140369268962,-5.713316286820591e-06,-132.16140369268962,-0.047525679755959505,-1099372.1041640781,-0.00047525679755959505,-10993.721041640782
2025-02-19,2025-02-18,23118718.468919724,0.0438333871014952,1013371.7359386447,-0.00031790108792686955,-7349.4657527445925,-3.1790108792686955e-06,-73.49465752744592,-0.04717350085971725,-1090590.8855691457,-0.0004717350085971725,-10905.908855691456
2025-02-20,2025-02-19,22783064.82431398,0.04335218364490986,987695.6102575456,0.022122634798796975,504021.42270561575,0.00022122634798796975,5040.214227056157,-0.024200076348186716,-551351.9081940855,-0.00024200076348186716,-5513.519081940854
2025-02-21,2025-02-20,21584333.287564486,0.042695000769111056,921543.1263133151,-0.012948731354353593,-279489.73320350423,-0.00012948731354353593,-2794.8973320350424,-0.04420545850541413,-954145.3495104609,-0.0004420545850541413,-9541.453495104608
2025-02-24,2025-02-21,20089636.52001195,0.042066893975073696,845108.6094851112,0.00794982531290983,159709.10093394876,7.94982531290983e-05,1597.0910093394875,-0.04351044926194092,-874109.1104948153,-0.0004351044926194092,-8741.091104948153
2025-02-25,2025-02-24,19780046.93905622,0.041670008683511436,824234.7277107366,0.010833808106591042,214293.2328770986,0.00010833808106591042,2142.9323287709863,-0.042470081535148085,-840060.206270774,-0.00042470081535148085,-8400.60206270774
2025-02-26,2025-02-25,19634766.772005085,0.04217564407050492,828108.9347834632,0.006364239722048831,124960.36262355927,6.364239722048831e-05,1249.6036262355926,-0.04643573177338309,-911754.763257763,-0.0004643573177338309,-9117.54763257763
2025-02-27,2025-02-26,20070311.447294954,0.042642311956013486,855844.4817899,-0.007624892487759216,-153033.9669814671,-7.624892487759216e-05,-1530.339669814671,-0.04941120213910674,-991698.2159171189,-0.0004941120213910674,-9916.98215917119
2025-02-28,2025-02-27,19122678.73791581,0.04294218702311931,821169.6467466078,-0.004480982327052796,-85688.385470509,-4.480982327052796e-05,-856.8838547050901,-0.029680156950330494,-567564.1062520891,-0.00029680156950330494,-5675.641062520891
2025-03-03,2025-02-28,19517085.53920162,0.04346232409026195,848257.8970021456,-0.021984406103114223,-429071.53444302647,-0.00021984406103114223,-4290.715344430265,-0.05324466548661602,-1039180.6908084612,-0.0005324466548661602,-10391.806908084613
2025-03-04,2025-03-03,18504407.313604474,0.043600410940387906,806799.7630814745,-0.010300251971984142,-190600.05792235228,-0.00010300251971984142,-1906.0005792235227,-0.04869507907307655,-901073.5773363858,-0.00048695079073076547,-9010.735773363858
2025-03-05,2025-03-04,18191128.620315347,0.04319601381150338,785784.2431299761,0.047633551979168326,866508.0706955277,0.00047633551979168326,8665.080706955277,-0.05190422761730262,-944196.480524476,-0.0005190422761730262,-9441.96480524476
2025-03-06,2025-03-05,18514275.17247059,0.04328508356037108,801391.947900093,0.04954220087279096,917237.9396086644,0.0004954220087279096,9172.379396086644,-0.051954305867192574,-961896.3152199065,-0.0005195430586719257,-9618.963152199065
2025-03-07,2025-03-06,17185774.994112987,0.04284601724997624,736342.0118519753,0.02002501598794143,344145.4190222766,0.0002002501598794143,3441.454190222766,-0.025730081446273534,-442191.39031585824,-0.00025730081446273534,-4421.913903158582
2025-03-10,2025-03-07,17118257.202557277,0.042968010181886285,735537.4497756293,0.009498996380825908,162606.26321313862,9.498996380825908e-05,1626.0626321313862,-0.02587655931979918,-442961.59795355296,-0.0002587655931979918,-4429.61597953553
2025-03-11,2025-03-10,16061866.421539605,0.042394202959801515,680930.0249879708,0.016292154371354284,261682.40723179505,0.00016292154371354284,2616.8240723179506,-0.018475447753341784,-296750.1738923097,-0.00018475447753341784,-2967.501738923097
2025-03-12,2025-03-11,16006271.998771654,0.04263986801659451,682505.3254653357,0.009832526863606111,157382.09941410858,9.832526863606111e-05,1573.8209941410857,-0.025476722069008723,-407787.34307366214,-0.0002547672206900872,-4077.8734307366217
2025-03-13,2025-03-12,16178676.057429036,0.04304961084872308,696485.7083198734,0.008071391649357162,130584.43082758738,8.071391649357162e-05,1305.8443082758738,-0.025836397231594754,-417998.7013010279,-0.00025836397231594754,-4179.987013010279
2025-03-14,2025-03-13,15374892.753732244,0.04288279798495261,659318.4199986116,0.13627564612618964,2095223.4441357327,0.0013627564612618964,20952.234441357326,-0.03374188647374057,-518777.8858423699,-0.00033741886473740573,-5187.7788584237
2025-03-17,2025-03-14,16094188.285626119,0.043301325813034475,696899.6906522193,0.10709991330587823,1723686.1701190383,0.0010709991330587823,17236.861701190384,-0.02648857616481745,-426312.13221472024,-0.0002648857616481745,-4263.121322147203
2025-03-18,2025-03-17,16421219.490691818,0.04338452002228568,712426.7257842671,0.10392328630854722,1706547.0946666617,0.0010392328630854722,17065.470946666617,-0.02657138790889274,-436334.5930242424,-0.0002657138790889274,-4363.3459302424235
2025-03-19,2025-03-18,15547192.825771082,0.04405308967987363,684901.8798239814,0.08228202898638778,1279254.5707470563,0.0008228202898638778,12792.545707470565,-0.0435874747035353,-677662.8740042825,-0.000435874747035353,-6776.6287400428255
2025-03-20,2025-03-19,16185452.580621678,0.044315571791200645,717267.5858096137,0.08102358218438979,1311403.3473575443,0.0008102358218438979,13114.033473575444,-0.043792729524610996,-708805.1470965822,-0.00043792729524610996,-7088.051470965822
2025-03-21,2025-03-20,16366656.606310077,0.04481008846434003,733391.3303942297,0.010065834219912667,164744.0521333557,0.00010065834219912667,1647.440521333557,-0.04408098823674017,-721458.3973375203,-0.0004408098823674017,-7214.583973375203
2025-03-24,2025-03-21,16786089.813181084,0.044990522011897245,755214.9432336077,-0.0011010962784718803,-18483.10102338843,-1.1010962784718803e-05,-184.8310102338843,-0.043885217741961025,-736661.2064875658,-0.00043885217741961025,-7366.612064875657
2025-03-25,2025-03-24,18014902.207491558,0.04542022184753079,818240.8548258388,-0.023455602701749623,-422550.38888979424,-0.00023455602701749623,-4225.5038888979425,-0.04448491597080079,-801391.4109224556,-0.00044484915970800787,-8013.914109224555
2025-03-26,2025-03-25,18129781.13549031,0.045585342541370144,826452.2832613963,-0.04034874843224512,-731513.9781675617,-0.0004034874843224512,-7315.139781675617,-0.030928506523481003,-560727.0541182949,-0.00030928506523481003,-5607.270541182948
2025-03-27,2025-03-26,17463036.87974926,0.04525624684367316,790311.5076701004,-0.005891511167833985,-102883.67680133952,-5.891511167833985e-05,-1028.8367680133952,-0.044287680563086934,-773397.3989917416,-0.00044287680563086934,-7733.9739899174165
2025-03-28,2025-03-27,17130830.881819863,0.04520879087171785,774464.1507949601,-0.00646140599973935,-110689.253440311,-6.46140599973935e-05,-1106.8925344031102,-0.04482199675512888,-767838.0461975915,-0.0004482199675512888,-7678.380461975915
2025-03-31,2025-03-28,16771212.381597137,0.045108427384225575,756523.0158606994,0.012885173603886108,216099.9830845233,0.00012885173603886108,2160.9998308452327,-0.03394691318332754,-569330.8906972259,-0.00033946913183327543,-5693.30890697226
2025-04-01,2025-03-31,16682900.780930502,0.04491427744377803,749300.4342417337,0.013074801832828331,218125.62170740333,0.0001307480183282833,2181.2562170740334,-0.033741166007300594,-562900.5247327008,-0.00033741166007300594,-5629.005247327008
2025-04-02,2025-04-01,16881004.517069936,0.04481708167966387,756557.358276298,0.013145208887108822,221904.3306011119,0.00013145208887108822,2219.043306011119,-0.033686525943840695,-568662.3966223684,-0.00033686525943840695,-5686.623966223684
2025-04-03,2025-04-02,17497673.71697042,0.045018851610748485,787725.1765975853,0.0012938844530865912,22639.967987569893,1.2938844530865912e-05,226.39967987569895,-0.02846153679692265,-498010.6843560999,-0.0002846153679692265,-4980.106843561
2025-04-04,2025-04-03,14657688.769302186,0.04472220661842729,655524.1856893336,-0.0178410810252487,-261509.0129759982,-0.000178410810252487,-2615.090129759982,-0.044484341191215054,-652037.6282882795,-0.00044484341191215054,-6520.376282882795
2025-04-07,2025-04-04,13971133.046931166,0.04414424408288992,616745.107338259,0.03399818177707223,474993.12096122676,0.0003399818177707223,4749.931209612268,-0.027249034444101067,-380699.88561894605,-0.00027249034444101067,-3806.99885618946
2025-04-08,2025-04-07,14250128.461014953,0.044381776461428754,632446.0159034093,-0.002978017583193937,-42437.13311967489,-2.978017583193937e-05,-424.3713311967489,-0.03671811727667049,-523237.8880391669,-0.00036718117276670487,-5232.37888039167
2025-04-09,2025-04-08,14093322.740442198,0.04475422404006061,630735.7233946311,-0.006067526017788233,-85511.6024047196,-6.067526017788233e-05,-855.1160240471959,-0.04428107475332871,-624067.4777923083,-0.0004428107475332871,-6240.674777923084
2025-04-10,2025-04-09,16745702.432925839,0.04520196686812826,756938.6865566486,0.002834815055692552,47470.96937500557,2.8348150556925522e-05,474.7096937500557,-0.02858613596896792,-478694.9266434949,-0.0002858613596896792,-4786.949266434949
2025-04-11,2025-04-10,15728246.400017582,0.04509548187244322,709272.8504173132,0.0565473384100193,889390.4717779619,0.000565473384100193,8893.90471777962,-0.03457806192761759,-543852.2780326363,-0.00034578061927617587,-5438.522780326363
2025-04-14,2025-04-11,15730642.24376019,0.045352580769334856,713425.222913645,0.03846754644247635,605119.2110818255,0.0003846754644247635,6051.192110818256,-0.034742182973542673,-546516.8511240564,-0.00034742182973542673,-5465.168511240564
2025-04-15,2025-04-14,15785493.374925751,0.04524559573126442,714224.0516604433,0.01385969140425547,218782.0668403901,0.0001385969140425547,2187.820668403901,-0.03363715693321945,-530979.1179206733,-0.0003363715693321945,-5309.791179206734
2025-04-16,2025-04-15,15934939.177686045,0.04564053334707804,727279.1229228402,0.08261496668647283,1316464.4693155035,0.0008261496668647283,13164.644693155034,-0.029220321109359182,-465624.0396300942,-0.0002922032110935918,-4656.240396300942
2025-04-17,2025-04-16,15669001.367564801,0.045547666669209494,713686.4513292293,0.08466422845895688,1326603.9115072142,0.0008466422845895688,13266.03911507214,-0.029103369306368587,-456020.73346223286,-0.00029103369306368587,-4560.207334622329
2025-04-21,2025-04-17,15908788.965777049,0.045463120074189615,723263.1829860648,0.058191899100627775,925762.6423096785,0.0005819189910062778,9257.626423096784,-0.02905179602647537,-462178.89206199686,-0.0002905179602647537,-4621.788920619969
2025-04-22,2025-04-21,15185177.192393955,0.04532116176681504,688209.8719942367,0.0176622439189901,268204.3035251473,0.000176622439189901,2682.043035251473,-0.03379030101942765,-513111.7083643389,-0.0003379030101942765,-5131.117083643389
2025-04-23,2025-04-22,15985693.50315679,0.04561808732172137,729236.7621252806,0.015400617730786798,246189.5548036398,0.00015400617730786798,2461.895548036398,-0.01843781295211705,-294741.22672107763,-0.0001843781295211705,-2947.4122672107765
2025-04-24,2025-04-23,16401019.408696542,0.04565669711719076,748816.3755560251,0.006804069745591779,111593.6799555757,6.804069745591779e-05,1115.936799555757,-0.027255267708271858,-447014.17467258684,-0.0002725526770827186,-4470.141746725869
2025-04-25,2025-04-24,17047974.86805843,0.04611796282922019,786217.8712785986,-0.008976025996629972,-153023.06560558686,-8.976025996629972e-05,-1530.2306560558686,0.0007783131679706123,13268.663327041937,7.783131679706123e-06,132.68663327041938
2025-04-28,2025-04-25,17121600.447269224,0.04629178434377283,792589.4355252314,-0.010905176126271843,-186714.06844112565,-0.00010905176126271843,-1867.1406844112564,-0.01493372369994056,-255689.2503802973,-0.0001493372369994056,-2556.892503802973
2025-04-29,2025-04-28,17376406.877072774,0.04649286797294785,807878.9907799675,-0.011111597313348542,-193079.63597093296,-0.00011111597313348542,-1930.7963597093296,-0.03366993000670643,-585062.4033190925,-0.0003366993000670643,-5850.624033190925
2025-04-30,2025-04-29,17471015.809542738,0.04655271789688415,813323.2703536461,-0.010004258705302582,-174784.56200309697,-0.00010004258705302582,-1747.8456200309697,-0.03315567459905508,-579263.3150961458,-0.0003315567459905508,-5792.633150961458
2025-05-01,2025-04-30,17443678.101344444,0.046598563832612815,812850.3474810494,-0.009451186640498793,-164863.45743258795,-9.451186640498793e-05,-1648.6345743258796,-0.034069892957946935,-594304.2457056883,-0.00034069892957946935,-5943.042457056882
2025-05-02,2025-05-01,17663141.181736015,0.046798905565399944,826615.6761523905,-0.009229897606018861,-163028.9845080784,-9.229897606018861e-05,-1630.289845080784,-0.014675015542271047,-259206.8713673038,-0.00014675015542271047,-2592.068713673038
2025-05-05,2025-05-02,18056238.462416373,0.04690290575527325,846890.0508974551,-0.03137310574910998,-566480.2787125359,-0.0003137310574910998,-5664.802787125359,2.1268120271866753e-05,384.0222512761778,2.1268120271866753e-07,3.840222512761778
2025-05-06,2025-05-05,17897167.137194198,0.04728504335042746,846268.3239320733,-0.04282757069365567,-766492.1907843555,-0.0004282757069365567,-7664.921907843555,-0.00040638801915987566,-7273.194301457573,-4.0638801915987566e-06,-72.73194301457572
2025-05-07,2025-05-06,17716739.023136478,0.04740733113690212,839903.3135359067,-0.04290041823770893,-760055.5139008936,-0.0004290041823770893,-7600.555139008937,-0.0005427382124126301,-9615.551267198178,-5.427382124126301e-06,-96.15551267198178
2025-05-08,2025-05-07,17896268.026548572,0.047303038577872186,846547.8568597676,-0.046954009262152596,-840301.534676527,-0.00046954009262152596,-8403.01534676527,-0.0004261536113013553,-7626.559248330654,-4.261536113013553e-06,-76.26559248330653
2025-05-09,2025-05-08,18996732.60521287,0.04804600955669336,912717.196296006,-0.048106402186258446,-913864.4589311796,-0.00048106402186258446,-9138.644589311796,-0.012223098523058556,-232198.93424971576,-0.00012223098523058556,-2321.989342497158
2025-05-12,2025-05-09,18488945.249760967,0.04731767850455529,874853.967216514,-0.03989997478394819,-737708.4492472613,-0.0003989997478394819,-7377.0844924726125,-0.00044152328990895717,-8163.299933621048,-4.415232899089572e-06,-81.63299933621047
2025-05-13,2025-05-12,19765785.196477655,0.04654897581945493,920077.0571633786,-0.011159161914495869,-220569.5973746397,-0.00011159161914495869,-2205.6959737463967,-0.0360928949728577,-713404.4091525335,-0.000360928949728577,-7134.044091525335
2025-05-14,2025-05-13,20198447.661153693,0.04690103514047762,947328.1035388674,-0.010734761018512534,-216825.50858741833,-0.00010734761018512534,-2168.2550858741834,-0.029068753146289927,-587143.6890003338,-0.0002906875314628993,-5871.436890003339
2025-05-15,2025-05-14,20535298.98451392,0.04719359371104433,969134.5570099711,-0.002860700056133564,-58745.330957718485,-2.8607000561335638e-05,-587.4533095771849,-0.04960734347259424,-1018701.6300371977,-0.0004960734347259424,-10187.016300371977
2025-05-16,2025-05-15,19956020.974268086,0.047434251159449034,946598.9110366652,-0.002924610412877865,-58363.58674095352,-2.924610412877865e-05,-583.6358674095352,-0.02806166300864943,-559999.1355734509,-0.0002806166300864943,-5599.991355734509
2025-05-19,2025-05-16,20138043.038170375,0.04738660083198321,954273.406987078,-0.0029384353938406715,-59174.33842604656,-2.9384353938406715e-05,-591.7433842604656,-0.029166627621363822,-587358.8023173135,-0.0002916662762136382,-5873.588023173134
2025-05-20,2025-05-19,20170954.75182591,0.047633620804745015,960815.609918145,-0.016091279499724775,-324576.47068793233,-0.00016091279499724775,-3245.764706879323,-0.0382204177886758,-770942.3178112616,-0.000382204177886758,-7709.423178112616
2025-05-21,2025-05-20,20101972.096335657,0.04754958857890401,955840.5028053691,-0.013088303503804716,-263100.7118218546,-0.00013088303503804716,-2631.007118218546,-0.0470793918543877,-946388.6213693537,-0.000470793918543877,-9463.886213693537
2025-05-22,2025-05-21,19422004.938850816,0.04752754438062609,923080.2016919713,-0.00768635115521582,-149284.35009834333,-7.68635115521582e-05,-1492.8435009834334,-0.03449080277106581,-669880.5417645696,-0.0003449080277106581,-6698.805417645695
2025-05-23,2025-05-22,19805295.930070043,0.047760253225169504,945905.9488195642,0.00977527640946621,193602.24208771082,9.77527640946621e-05,1936.0224208771083,-0.022198207424584115,-439642.0671609664,-0.00022198207424584115,-4396.420671609664
2025-05-27,2025-05-23,19769446.335038777,0.048051225901147555,949946.1317855619,-0.004469217802116621,-88353.9614985445,-4.469217802116621e-05,-883.5396149854448,-0.03468593698457492,-685721.7697970907,-0.0003468593698457492,-6857.217697970907
2025-05-28,2025-05-27,20471564.840738777,0.048086722714126146,984410.4620208596,-0.002584686720814855,-52912.581798157786,-2.584686720814855e-05,-529.1258179815778,-0.03678866358962987,-753121.5120792337,-0.0003678866358962987,-7531.215120792337
2025-05-29,2025-05-28,20548584.4621212,0.04832138533946257,992936.0679746517,-0.0028142561691854584,-57828.98059055304,-2.8142561691854584e-05,-578.2898059055304,-0.030442361728566514,-625547.4412058949,-0.00030442361728566514,-6255.474412058949
2025-05-30,2025-05-29,20438665.50461539,0.048328052510148094,987760.899744405,-0.007344858541560861,-150119.1069096797,-7.344858541560861e-05,-1501.1910690967968,-0.02990457544123845,-611209.6145010089,-0.0002990457544123845,-6112.096145010089
2025-06-02,2025-05-30,20583287.82314257,0.04861668639227487,1000691.2490196524,-0.020066315652218086,-413030.7506196357,-0.00020066315652218086,-4130.307506196357,-0.030379646300104923,-625313.0037603279,-0.00030379646300104923,-6253.130037603279
2025-06-03,2025-06-02,20497138.516323652,0.04892336139139743,1002788.9151236337,-0.000723990014786513,-14839.723617514366,-7.23990014786513e-06,-148.39723617514366,-0.023741059655441737,-486623.78828189237,-0.00023741059655441737,-4866.237882818924
2025-06-04,2025-06-03,20877493.32705522,0.04910773759012535,1025246.4638446207,-0.0034851133114473243,-72760.42990377283,-3.485113311447324e-05,-727.6042990377283,-0.03000451369589499,-626419.0344675846,-0.0003000451369589499,-6264.190344675846
2025-06-05,2025-06-04,21113883.26313035,0.04928219112338484,1040538.4303304262,-0.010452497283983814,-220692.80746222127,-0.00010452497283983814,-2206.9280746222125,-0.037418398967605654,-790047.707695263,-0.00037418398967605654,-7900.477076952629
2025-06-06,2025-06-05,20972305.262839116,0.049250069273875936,1032887.4870276994,-0.007042368841139041,-147694.7091098745,-7.04236884113904e-05,-1476.947091098745,-0.03364487170966074,-705610.5200240648,-0.0003364487170966074,-7056.105200240649
2025-06-09,2025-06-06,21211545.438564003,0.04891530325175954,1037569.177565835,-0.004324413423666129,-91727.49183123022,-4.324413423666129e-05,-917.2749183123022,-0.031362061291347054,-665237.7881284372,-0.00031362061291347054,-6652.377881284373
2025-06-10,2025-06-09,21311816.141052708,0.04875498573281984,1039057.2918975044,-0.0018301786539005882,-39004.43097720867,-1.8301786539005882e-05,-390.0443097720867,-0.03385945777677063,-721606.5387742729,-0.0003385945777677063,-7216.065387742729
2025-06-11,2025-06-10,21377945.009190388,0.048626959458624414,1039544.4652706031,-0.002554722258635983,-54614.71195887471,-2.554722258635983e-05,-546.147119588747,-0.031120307686581528,-665288.2263928248,-0.0003112030768658153,-6652.882263928248
2025-06-12,2025-06-11,21369538.971559696,0.048724985032124996,1041230.466532658,-0.009496012770642687,-202925.41497667745,-9.496012770642687e-05,-2029.2541497667746,-0.03836239861094645,-819786.7721591278,-0.0003836239861094645,-8197.867721591278
2025-06-13,2025-06-12,20418963.4458099,0.04814568997367639,983085.0836457944,-0.003197291368898375,-65285.37558713942,-3.197291368898375e-05,-652.8537558713942,-0.03601575885847849,-735404.4636043764,-0.0003601575885847849,-7354.0446360437645
2025-06-16,2025-06-13,19537579.332532723,0.04772715621003155,932473.1007696731,-0.022532301584237552,-440226.6297465939,-0.00022532301584237552,-4402.266297465939,-0.04086015604169643,-798308.5402043103,-0.0004086015604169643,-7983.0854020431025
2025-06-17,2025-06-16,19746895.997522198,0.04707633695252422,929611.5297458069,-0.004768346529209627,-94160.04299244845,-4.768346529209627e-05,-941.6004299244845,-0.026989635708010024,-532961.5293370853,-0.00026989635708010024,-5329.615293370854
2025-06-18,2025-06-17,19800516.34186236,0.047267947591836,935929.7687384422,0.004200848295584508,83178.9653264057,4.2008482955845083e-05,831.7896532640569,-0.02698013062157334,-534220.5172780439,-0.0002698013062157334,-5342.205172780439
2025-06-20,2025-06-18,20345720.180980437,0.04769754800999879,970440.9651303157,-0.0011504047586159694,-23405.813313668856,-1.1504047586159694e-05,-234.05813313668855,-0.0280022348166091,-569725.6340208368,-0.000280022348166091,-5697.256340208368
2025-06-23,2025-06-20,20784363.062687825,0.04796779390505757,996980.0438389009,-0.003923976407260027,-81557.35029791378,-3.923976407260027e-05,-815.5735029791379,-0.028704092181206647,-596596.2732790578,-0.0002870409218120665,-5965.962732790578
2025-06-24,2025-06-23,20851461.03937045,0.04775968791766511,995859.2718676857,0.000989943679341465,20641.772060959593,9.899436793414651e-06,206.41772060959593,-0.04005382295389007,-835180.7288008806,-0.00040053822953890067,-8351.807288008806
2025-06-25,2025-06-24,21148216.19806443,0.04776403938514427,1010124.2314098956,-0.005530074435688287,-116951.20975732505,-5.530074435688287e-05,-1169.5120975732505,-0.0443597090872154,-938128.7182596746,-0.000443597090872154,-9381.287182596747
2025-06-26,2025-06-25,21111799.053821184,0.047387540117922934,1000436.2246244788,-0.0161625820726638,-341221.18490897084,-0.000161625820726638,-3412.2118490897083,-0.02725583887609878,-575419.7933955248,-0.0002725583887609878,-5754.197933955249
2025-06-27,2025-06-26,20987346.241705254,0.04686713074690477,983616.7003405605,-0.024684841136632385,-518069.3078559929,-0.00024684841136632385,-5180.693078559929,-0.026845102078331545,-563407.4522118655,-0.00026845102078331545,-5634.074522118654
2025-06-30,2025-06-27,21488911.96069925,0.04700446293082971,1010074.7656805511,0.005613769143968106,120633.79090242062,5.613769143968106e-05,1206.337909024206,-0.027028400566833644,-580810.9202192018,-0.00027028400566833644,-5808.1092021920185
2025-07-01,2025-06-30,22022547.57101815,0.04761717347668589,1048651.4680877386,0.0013435519240677374,29588.43616191471,1.3435519240677374e-05,295.8843616191471,-0.028397818834073607,-625392.3161865411,-0.00028397818834073607,-6253.923161865411
2025-07-02,2025-07-01,22245383.167725425,0.04728327904394824,1051834.6597591105,0.018033031624031803,401151.69815229735,0.00018033031624031803,4011.5169815229738,-0.027764079549141146,-617622.5878698542,-0.00027764079549141146,-6176.225878698541
2025-07-03,2025-07-02,22487272.493502323,0.04745601819177091,1067156.4125349557,0.018047425693244745,405837.37937022967,0.00018047425693244745,4058.3737937022966,-0.027723279229956155,-623420.9344574773,-0.00027723279229956155,-6234.209344574773
2025-07-07,2025-07-03,22678552.870787535,0.04760343694173849,1079577.061514417,0.010306777661913541,233742.80213315817,0.00010306777661913541,2337.428021331582,-0.028125194933577985,-637838.7203023541,-0.00028125194933577985,-6378.387203023541
2025-07-08,2025-07-07,22823361.100027878,0.04787231834154475,1092607.2082045635,0.013140459795453474,299909.4589320331,0.00013140459795453474,2999.094589320331,-0.028313335088306357,-646205.4706665057,-0.00028313335088306357,-6462.054706665057
2025-07-09,2025-07-08,22556418.451497056,0.04736645918362743,1068417.673911656,0.018205245017381688,410645.1246240931,0.00018205245017381688,4106.451246240931,-0.02735778947170961,-617093.7472318425,-0.0002735778947170961,-6170.9374723184255
2025-07-10,2025-07-09,22772960.85476942,0.04747520085000703,1081150.890529526,0.01809890794870206,412165.72222986707,0.0001809890794870206,4121.657222298671,-0.027486363382068363,-625945.8773398105,-0.00027486363382068363,-6259.458773398104
2025-07-11,2025-07-10,22891041.90177051,0.04700017241073183,1075882.9160445007,0.017828187197019285,408105.78015957697,0.00017828187197019285,4081.05780159577,-0.027761469920842274,-635488.9712127422,-0.00027761469920842274,-6354.889712127421
2025-07-14,2025-07-11,22566737.322235037,0.04720751836774669,1065319.6666395252,0.01838678307524086,414929.70385987737,0.0001838678307524086,4149.297038598774,-0.02721242882391603,-614095.7331693304,-0.0002721242882391603,-6140.957331693304
2025-07-15,2025-07-14,22701639.642112207,0.047398351655733174,1076020.298918567,0.004354844821727322,98862.11784017202,4.354844821727322e-05,988.6211784017203,-0.041222460666104355,-935817.4472030458,-0.00041222460666104355,-9358.174472030458
2025-07-16,2025-07-15,22507488.721140373,0.04775524055276291,1074850.5381166565,0.0011966346586747556,26933.241083447723,1.1966346586747556e-05,269.33241083447723,-0.04471061219419939,-1006323.599676224,-0.0004471061219419939,-10063.23599676224
2025-07-17,2025-07-16,22671224.311288945,0.0478575038017805,1084988.2036685292,0.0010137609234177336,22983.201292822854,1.0137609234177336e-05,229.83201292822852,-0.04469518562193811,-1013294.5788696554,-0.0004469518562193811,-10132.945788696554
2025-07-18,2025-07-17,22754201.457148537,0.04717778882815746,1073492.9112987064,0.011772641378509502,267877.05360936804,0.00011772641378509502,2678.7705360936807,-0.03378276944694045,-768699.9417760854,-0.00033782769446940447,-7686.999417760854
2025-07-21,2025-07-18,22792600.509058047,0.04707323561243808,1072921.4539830654,0.014223684206464415,324194.7518849417,0.00014223684206464415,3241.9475188494175,-0.032588502268005026,-742776.7133831707,-0.00032588502268005026,-7427.767133831707
2025-07-22,2025-07-21,22756989.477257002,0.04678382445920755,1064659.000924025,0.005516668002490677,125542.75568220073,5.516668002490677e-05,1255.4275568220073,-0.04140977352835931,-942361.7804404685,-0.0004140977352835931,-9423.617804404685
2025-07-23,2025-07-22,22975632.011338565,0.04649301617565043,1068206.4307489558,0.003539522167045339,81322.75880600934,3.539522167045339e-05,813.2275880600935,-0.043304274632889606,-994943.0784832151,-0.00043304274632889606,-9949.43078483215
2025-07-24,2025-07-23,23195626.116865233,0.046378255169248754,1075772.6668584663,0.0036556349229499574,84794.74089250265,3.6556349229499574e-05,847.9474089250266,-0.043179736677710634,-1001581.0278008684,-0.00043179736677710634,-10015.810278008683
2025-07-25,2025-07-24,22483654.303743016,0.04608398886203096,1036136.4745114476,0.013204507389617814,296885.579399387,0.00013204507389617814,2968.8557939938705,-0.03310684037542977,-744362.7540903646,-0.0003310684037542977,-7443.627540903646
2025-07-28,2025-07-25,22813144.59018894,0.046095289799574425,1051578.5111243527,0.012360274412048095,281976.72733646573,0.00012360274412048095,2819.7672733646577,-0.033975778714239596,-775094.3523722115,-0.00033975778714239596,-7750.943523722116
2025-07-29,2025-07-28,23058564.278627116,0.046149652146507035,1064144.7204565143,0.01311261932318633,302358.17552486,0.0001311261932318633,3023.5817552486,-0.03321481651112068,-765885.9815244814,-0.0003321481651112068,-7658.859815244815
2025-07-30,2025-07-29,22728902.477657594,0.04653409911229736,1057669.0006090596,0.0034888007396136067,79296.61177465736,3.488800739613607e-05,792.9661177465736,-0.04340211894105356,-986482.5287349018,-0.0004340211894105356,-9864.825287349018
2025-07-31,2025-07-30,22679605.181852795,0.046455285364002556,1053587.5306658826,0.018815925757547508,426737.76731223194,0.00018815925757547508,4267.37767312232,-0.028053552626889494,-636243.497526183,-0.00028053552626889494,-6362.434975261831
2025-08-01,2025-07-31,24289199.149186235,0.04815336839045021,1169606.7545397745,0.017336718612699642,421095.0109772653,0.00017336718612699642,4210.950109772653,-0.028069506873644456,-681785.8424734022,-0.00028069506873644456,-6817.858424734021
2025-08-04,2025-08-01,23203829.978793193,0.048023190189185445,1114321.9401891085,0.0174890009951148,405811.80558958877,0.000174890009951148,4058.118055895888,-0.02798970175612106,-649468.2807061623,-0.0002798970175612106,-6494.682807061623
2025-08-05,2025-08-04,23466331.85607089,0.047256360369584374,1108933.4347427438,-0.024702630082357874,-579680.1152303696,-0.00024702630082357874,-5796.801152303697,-0.038922715078067854,-913373.3487612344,-0.00038922715078067854,-9133.733487612344
2025-08-06,2025-08-05,23146506.10913301,0.046976330209700365,1087337.914183479,-0.0244314702631844,-565503.1757018992,-0.000244314702631844,-5655.031757018992,-0.0387184484124857,-896196.8027157516,-0.000387184484124857,-8961.968027157514
2025-08-07,2025-08-06,23426341.229472224,0.047027377733396554,1101679.3979098317,-0.024683239618462915,-578237.9939509401,-0.00024683239618462915,-5782.3799395094,-0.03881239785636925,-909232.4761173424,-0.0003881239785636925,-9092.324761173424
2025-08-08,2025-08-07,23378458.398958918,0.046268139736425365,1081677.7800252384,0.003941982832824514,92157.48166659813,3.941982832824514e-05,921.5748166659813,-0.03816164443380815,-892160.416831646,-0.0003816164443380815,-8921.60416831646
2025-08-11,2025-08-08,22847692.149251893,0.04615955168663523,1054639.2266837226,0.010774260631180727,246166.99003702163,0.00010774260631180727,2461.6699003702165,-0.03375177531539583,-771150.1718968832,-0.0003375177531539583,-7711.501718968832
2025-08-12,2025-08-11,22714451.50479762,0.04609809635173213,1047092.9740449075,0.010842537584181133,246282.29414482787,0.00010842537584181133,2462.822941448279,-0.03371493866226108,-765816.3392311556,-0.0003371493866226108,-7658.163392311556
2025-08-13,2025-08-12,23106808.099878434,0.04600932002647406,1063128.5286576299,0.010936755954132904,252713.5210673519,0.00010936755954132904,2527.135210673519,-0.03372546582821323,-779287.8669715308,-0.0003372546582821323,-7792.878669715308
2025-08-14,2025-08-13,23586400.420822266,0.04610401629464126,1087427.7893335233,-0.009739069277395901,-229709.5877027879,-9.739069277395901e-05,-2297.095877027879,-0.03381668358795331,-797613.8400097154,-0.0003381668358795331,-7976.138400097154
2025-08-15,2025-08-14,23282343.976342507,0.04611879033357432,1073753.540319097,-0.02392934499525698,-557131.241308143,-0.0002392934499525698,-5571.31241308143,-0.038322640318057266,-892240.8939666611,-0.00038322640318057266,-8922.408939666611
2025-08-18,2025-08-15,23690311.500787724,0.046110493292418245,1092371.9495523712,-0.023907941834693663,-566386.5894066072,-0.00023907941834693663,-5663.8658940660725,-0.03826390727250731,-906483.882522955,-0.0003826390727250731,-9064.83882522955
2025-08-19,2025-08-18,24133528.89469247,0.04625542687772719,1116306.6810899638,-0.020380012396657016,-491841.6180489128,-0.00020380012396657016,-4918.416180489128,-0.034673471892093105,-836793.2357871361,-0.00034673471892093105,-8367.932357871361
2025-08-20,2025-08-19,23573362.387138657,0.04586459734285096,1081182.7739032225,-0.023653196163101603,-557585.3647668718,-0.00023653196163101603,-5575.853647668718,-0.03226017544183807,-760480.8063631197,-0.0003226017544183807,-7604.808063631197
2025-08-21,2025-08-20,23249595.82373009,0.04568781593162324,1062223.2544792166,-0.027395861514714626,-636942.707459997,-0.00027395861514714626,-6369.42707459997,-0.03171062841100941,-737259.2938724611,-0.0003171062841100941,-7372.5929387246115
2025-08-22,2025-08-21,23297489.490696985,0.04568913822562382,1064442.217650473,-0.027392274408741257,-638171.2251639374,-0.0002739227440874126,-6381.712251639374,-0.037685673452055035,-877981.5811990906,-0.00037685673452055035,-8779.815811990906
2025-08-25,2025-08-22,24345195.954836603,0.04580892588209346,1115227.2770801515,-0.03153355520607928,-767690.5806446581,-0.00031533555206079283,-7676.905806446581,-0.02743133005115514,-667821.1053971698,-0.0002743133005115514,-6678.211053971699
2025-08-26,2025-08-25,24316725.488425154,0.045835323481423586,1114564.978770945,-0.027508132699712723,-668907.7115580859,-0.00027508132699712723,-6689.077115580858,-0.03775476110374279,-918072.1616407849,-0.0003775476110374279,-9180.721616407849
2025-08-27,2025-08-26,24607654.30808197,0.04615369691297961,1135734.2186745922,-0.0263392003355796,-648145.9366092593,-0.000263392003355796,-6481.459366092594,-0.037792979735123966,-929996.5805942778,-0.00037792979735123966,-9299.965805942778
2025-08-28,2025-08-27,24633958.415945202,0.04590740798631012,1130881.1793185943,-0.02756342597363126,-678996.2892354163,-0.0002756342597363126,-6789.962892354164,-0.03775228967834235,-929988.3340430027,-0.0003775228967834235,-9299.883340430028
2025-08-29,2025-08-28,24836077.984939143,0.046263561754443794,1149005.427594414,-0.020469326172216362,-508377.7811123214,-0.00020469326172216362,-5083.777811123214,-0.033625189918704,-835117.8390793221,-0.00033625189918704,-8351.17839079322
2025-09-02,2025-08-29,24513146.762733247,0.04631313451756924,1135280.6634713819,-0.020175012744563098,-494553.0483474889,-0.00020175012744563098,-4945.5304834748895,-0.03368736967086297,-825783.4367923128,-0.0003368736967086297,-8257.834367923128
2025-09-03,2025-09-02,24455007.790416483,0.04611173680443121,1127662.8827819997,-0.027818526138524702,-680302.2734355262,-0.000278185261385247,-6803.0227343552615,-0.03771831005177986,-922401.5661576209,-0.00037718310051779863,-9224.015661576208
2025-09-04,2025-09-03,24429614.548638176,0.046022639339777724,1124315.3395817615,-0.027705630582136598,-676837.875948559,-0.000277056305821366,-6768.37875948559,-0.0320911598668816,-783974.6659666443,-0.000320911598668816,-7839.7466596664435
2025-09-05,2025-09-04,24941590.32852864,0.04613147225456964,1150592.2822253616,-0.0368500266492669,-919098.2682813779,-0.000368500266492669,-9190.98268281378,-0.03768731118151819,-939981.4760732034,-0.0003768731118151819,-9399.814760732033
2025-09-08,2025-09-05,24978688.526829716,0.046196191715894855,1153920.2839970489,-0.03480830653425221,-869465.8470654975,-0.0003480830653425221,-8694.658470654975,-0.037831125019445466,-944971.8884802831,-0.00037831125019445466,-9449.71888480283
2025-09-09,2025-09-08,25061712.427347507,0.046040240655045035,1153847.2713826122,-0.04130067125904732,-1035065.5461506603,-0.0004130067125904732,-10350.655461506603,-0.028625202383344983,-717396.5903060144,-0.00028625202383344983,-7173.965903060144
2025-09-10,2025-09-09,24947817.322293255,0.04597442313734249,1146961.5099282328,-0.02718701013714117,-678256.5624407328,-0.0002718701013714117,-6782.565624407328,-0.030573328465336586,-762737.8134876855,-0.00030573328465336586,-7627.378134876855
2025-09-11,2025-09-10,24710405.111034695,0.04590011274243448,1134210.3805077218,-0.04124472434281004,-1019173.8472037903,-0.0004124472434281004,-10191.738472037903,-0.026482706456137928,-654398.4049677822,-0.0002648270645613793,-6543.9840496778215
2025-09-12,2025-09-11,24596093.544835977,0.04551156651658656,1119406.747413988,-0.026078071799390257,-641418.6934467518,-0.00026078071799390257,-6414.186934467518,-0.03720718613688945,-915151.4307630572,-0.0003720718613688945,-9151.514307630572
2025-09-15,2025-09-12,24450126.881803676,0.045974995106878476,1124094.4637534819,-0.041372249862368926,-1011556.7585206049,-0.00041372249862368926,-10115.567585206049,-0.03188423442934407,-779573.5773266358,-0.0003188423442934407,-7795.735773266358
2025-09-16,2025-09-15,24607351.09655922,0.04597734518081902,1131380.6753521087,-0.039244229984954776,-965696.5457538991,-0.00039244229984954776,-9656.96545753899,-0.037657869122136034,-926660.4070366777,-0.00037657869122136034,-9266.604070366777
2025-09-17,2025-09-16,24676552.081718124,0.045789029307012424,1129915.3664658098,-0.026420268655463763,-651961.1354895364,-0.00026420268655463763,-6519.6113548953645,-0.03738105280311141,-922435.4963654339,-0.0003738105280311141,-9224.35496365434
2025-09-18,2025-09-17,25054062.7682316,0.04593910312208237,1150961.173136916,-0.04108818966918129,-1029426.0830046732,-0.0004108818966918129,-10294.260830046733,-0.026204314813688123,-656524.5481406434,-0.00026204314813688123,-6565.245481406434
2025-09-19,2025-09-18,25273811.15130586,0.04601537360582493,1162983.8625704036,-0.04142065470806797,-1046857.8048551579,-0.00041420654708067967,-10468.578048551579,-0.03431648344901367,-867308.3220672847,-0.0003431648344901367,-8673.083220672846
2025-09-22,2025-09-19,25629512.37266342,0.046018754506582875,1179438.2380010262,-0.026283648323072867,-673637.0898949301,-0.00026283648323072867,-6736.370898949302,-0.03743104838260722,-959339.5176437948,-0.0003743104838260722,-9593.395176437947
2025-09-23,2025-09-22,25428667.444840338,0.04613070981581655,1173042.478900831,-0.02599949883901609,-661132.6097098526,-0.0002599949883901609,-6611.326097098526,-0.03753784605783836,-954537.4040003825,-0.0003753784605783836,-9545.374040003824
2025-09-24,2025-09-23,25201887.609507393,0.04585519237785687,1155637.4046190889,-0.04131351761665625,-1041178.6277283744,-0.0004131351761665625,-10411.786277283745,-0.0356636851016591,-898792.1836728759,-0.000356636851016591,-8987.921836728758
2025-09-25,2025-09-24,25055224.279808093,0.04579049309752059,1147291.074441383,-0.029001201682325728,-726631.6125346189,-0.0002900120168232573,-7266.3161253461885,-0.0377000835839969,-944584.0495645537,-0.000377000835839969,-9445.840495645536
2025-09-26,2025-09-25,24932390.535084516,0.045782966800088476,1141478.8081146146,-0.0261171954139737,-651164.1157423105,-0.000261171954139737,-6511.641157423106,-0.037744738145934625,-941066.552098944,-0.00037744738145934625,-9410.66552098944
2025-09-29,2025-09-26,25054113.15179097,0.04550830843860364,1140170.3089673794,-0.025342664045260865,-634937.9725577903,-0.00025342664045260865,-6349.379725577904,-0.037474787984608654,-938897.5785057618,-0.00037474787984608654,-9388.975785057619
2025-09-30,2025-09-29,25712872.37322133,0.04619910564382738,1187911.7071767026,-0.014635898243865048,-376330.9836119562,-0.00014635898243865048,-3763.3098361195616,-0.0384835757184461,-989523.270913604,-0.000384835757184461,-9895.23270913604
2025-10-01,2025-09-30,24940310.32442677,0.04617049842463225,1151506.5585437857,-0.019487793801895026,-486031.62495770253,-0.00019487793801895026,-4860.316249577026,-0.04280612919806345,-1067598.1459872082,-0.00042806129198063453,-10675.981459872082
2025-10-02,2025-10-01,25498804.068147,0.046268465105573336,1179790.5262609108,-0.02627405497127311,-669956.9797882166,-0.0002627405497127311,-6699.569797882166,-0.037954756598702205,-967800.901964517,-0.00037954756598702205,-9678.00901964517
2025-10-03,2025-10-02,25407556.539806105,0.0463324980336742,1177195.5634210324,-0.026365463507704856,-669882.0047702057,-0.00026365463507704856,-6698.820047702057,-0.037998444458577085,-965447.6260059793,-0.00037998444458577085,-9654.476260059793
2025-10-06,2025-10-03,24797792.813589483,0.04597630696981462,1140110.9345714531,-0.02893974315433742,-717641.7548197539,-0.0002893974315433742,-7176.41754819754,-0.04841708448236337,-1200636.8296317053,-0.0004841708448236337,-12006.368296317052
2025-10-07,2025-10-06,24524202.049318325,0.04606423217199449,1129688.5370327025,-0.026846392539298103,-658386.3549290587,-0.00026846392539298103,-6583.863549290587,-0.05189946374449389,-1272792.9351212392,-0.0005189946374449389,-12727.929351212391
2025-10-08,2025-10-07,24209041.711674936,0.045991144436979596,1113401.5340425058,0.010705630529641436,259173.05604187015,0.00010705630529641436,2591.7305604187013,-0.03442228147368526,-833330.4480074617,-0.00034422281473685257,-8333.304480074617
2025-10-09,2025-10-08,23999134.112286508,0.04589243204730638,1101378.631442301,-0.015032145674768321,-360758.4800441925,-0.0001503214567476832,-3607.584800441925,-0.040139678135676926,-963317.518802125,-0.00040139678135676926,-9633.17518802125
2025-10-10,2025-10-09,23798168.840000194,0.045832263557406314,1090723.9464585434,0.006685830977232882,159110.5344318916,6.685830977232882e-05,1591.105344318916,-0.03429058266185836,-816053.0758088885,-0.0003429058266185836,-8160.530758088885
2025-10-13,2025-10-10,22195320.20457371,0.045533772582235676,1010636.6625849599,-0.028238187504897594,-626755.6136679944,-0.00028238187504897594,-6267.556136679945,-0.05331871508991032,-1183425.9543169956,-0.0005331871508991032,-11834.259543169956
2025-10-14,2025-10-13,22975170.25337245,0.04507860236649269,1035688.5641542479,-0.02793213794815702,-641745.624899593,-0.0002793213794815702,-6417.45624899593,-0.05309258244651019,-1219811.120899785,-0.0005309258244651019,-12198.111208997852
2025-10-15,2025-10-14,23354054.37454236,0.04512444283415363,1053838.691569752,-0.027757006044711735,-648238.6284426989,-0.00027757006044711735,-6482.386284426988,-0.04883923466520099,-1140594.141982138,-0.0004883923466520099,-11405.94141982138
2025-10-16,2025-10-15,23753225.360259533,0.04551662390397971,1081166.6252294062,-0.028153565839374173,-668737.9940775591,-0.00028153565839374173,-6687.3799407755905,-0.04657528532648614,-1106313.2485784143,-0.0004657528532648614,-11063.132485784143
2025-10-17,2025-10-16,23328738.751619767,0.045309728015657254,1057018.8077842153,-0.025623891558863854,-597773.0719765698,-0.00025623891558863854,-5977.730719765698,-0.040106975963277725,-935645.1643647996,-0.00040106975963277725,-9356.451643647995
2025-10-20,2025-10-17,22879811.457260657,0.04500897174575985,1029796.7874281574,-0.028137597290343874,-643782.9208633961,-0.00028137597290343874,-6437.829208633962,-0.04443681987003831,-1016706.0603867305,-0.0004443681987003831,-10167.060603867305
2025-10-21,2025-10-20,23003227.184426676,0.045363964697338,1043517.5859191775,-0.02851341983804226,-655900.6743394246,-0.0002851341983804226,-6559.006743394246,-0.053817769555383754,-1237982.379641614,-0.0005381776955538375,-12379.82379641614
2025-10-22,2025-10-21,23587622.180426408,0.04587119033086467,1081992.3064908648,-0.01353230201272329,-319194.8271075408,-0.0001353230201272329,-3191.9482710754082,-0.03880667528548751,-915357.1947125704,-0.0003880667528548751,-9153.571947125703
2025-10-23,2025-10-22,22746795.60363754,0.04456284730054884,1013661.9790616953,-0.02765557448739242,-629075.7001658884,-0.0002765557448739242,-6290.757001658884,-0.03495671225570221,-795153.1886556295,-0.0003495671225570221,-7951.531886556295
2025-10-24,2025-10-23,23342982.44050947,0.04499936412865368,1050419.3666892545,-0.024982045205355907,-583155.4425566366,-0.00024982045205355907,-5831.554425566367,-0.03826017072673521,-893106.4934450744,-0.0003826017072673521,-8931.064934450744
2025-10-27,2025-10-24,23494455.129432417,0.045417012381103024,1067047.9595007016,-0.024907232383001437,-585181.8536207733,-0.0002490723238300144,-5851.818536207734,-0.03816169377383327,-896588.2020324663,-0.0003816169377383327,-8965.882020324663
2025-10-28,2025-10-27,23803309.534855723,0.0453954947550155,1080563.0131415536,-0.02506476828865664,-596624.43799433,-0.0002506476828865664,-5966.2443799433,-0.03833741997228829,-912557.4743681381,-0.0003833741997228829,-9125.57474368138
2025-10-29,2025-10-28,24285179.55854547,0.04611783099344387,1119979.8065264376,-0.025190948578345668,-611766.7094752103,-0.0002519094857834567,-6117.6670947521025,-0.03881377317255519,-942599.4508401578,-0.0003881377317255519,-9425.994508401578
2025-10-30,2025-10-29,23840053.530490533,0.045881231302434655,1093811.01029486,-0.024956320318283987,-594960.0123119587,-0.00024956320318283987,-5949.600123119588,-0.03855062890143687,-919049.0566443305,-0.00038550628901436873,-9190.490566443304
2025-10-31,2025-10-30,22118414.079119585,0.04471297013936311,988979.9882497427,-0.00918833721318471,-203231.44717980313,-9.188337213184711e-05,-2032.3144717980313,-0.03354641659062685,-741993.5330221318,-0.0003354641659062685,-7419.935330221318
2025-11-03,2025-10-31,22334506.608497556,0.04462620976412074,996704.3768889528,0.00023683892594120182,5289.680556583236,2.368389259412018e-06,52.89680556583235,-0.02393628151809643,-534605.0377487827,-0.0002393628151809643,-5346.050377487826
2025-11-04,2025-11-03,23082599.35179246,0.04577598985713761,1056628.8338040228,-0.0073544794809657366,-169760.50330011063,-7.354479480965737e-05,-1697.6050330011064,-0.04403183916475012,-1016369.3021624909,-0.0004403183916475012,-10163.69302162491
2025-11-05,2025-11-04,22052746.947212912,0.04503765443729222,993203.996401626,0.0024649824574320134,54359.63436306721,2.4649824574320134e-05,543.5963436306722,-0.04339417651015101,-956960.793561051,-0.0004339417651015101,-9569.60793561051
2025-11-06,2025-11-05,22159391.368499435,0.04479399099314588,992607.5773741582,0.002717092977824742,60209.12668022002,2.717092977824742e-05,602.0912668022002,-0.029466143152692692,-652951.7982407472,-0.0002946614315269269,-6529.517982407472
2025-11-07,2025-11-06,21334559.538280774,0.044438931404568505,948085.027868342,-0.018150610497906505,-387235.2803237304,-0.00018150610497906505,-3872.3528032373038,-0.037651481738629894,-803277.7788572907,-0.00037651481738629894,-8032.777788572907
2025-11-10,2025-11-07,22087447.920346458,0.04460155908469739,985134.6134495089,-0.04651115446825185,-1027312.7020327023,-0.00046511154468251853,-10273.127020327021,-0.03927290144031398,-867438.1652438344,-0.0003927290144031398,-8674.381652438344
2025-11-11,2025-11-10,22797839.14003455,0.04504768199626466,1026989.8077822721,-0.024816111595388213,-565753.7202328066,-0.00024816111595388213,-5657.537202328066,-0.03249953471551187,-740919.164570208,-0.0003249953471551187,-7409.191645702081
2025-11-12,2025-11-11,22893251.190318204,0.04517543726820575,1034212.6330134966,-0.025096134882265225,-574532.1197658046,-0.00025096134882265225,-5745.321197658046,-0.038351978057687974,-878001.4673202229,-0.00038351978057687974,-8780.01467320223
2025-11-13,2025-11-12,23035816.69571204,0.045216324322375295,1041594.9587441033,-0.025129600726229995,-578880.8759658664,-0.00025129600726229995,-5788.808759658664,-0.03846314979691484,-886030.0682614441,-0.0003846314979691484,-8860.300682614441
2025-11-14,2025-11-13,22587282.100147817,0.04481323698710767,1012209.2256485792,-0.04294962319690426,-970115.2552435291,-0.00042949623196904263,-9701.152552435291,-0.052329604623987946,-1181983.5418312154,-0.0005232960462398795,-11819.835418312154
2025-11-17,2025-11-14,22277670.874487136,0.04473078455237814,996497.6962154736,-0.024891250117371755,-554519.0777693472,-0.00024891250117371755,-5545.190777693472,-0.010118110759248927,-225407.94136615473,-0.00010118110759248927,-2254.0794136615473
2025-11-18,2025-11-17,21983454.233452495,0.04553441989266121,1001003.8357571266,-0.025463179764075028,-559768.6469817171,-0.0002546317976407503,-5597.686469817171,-0.03874250448993796,-851694.074343879,-0.0003874250448993796,-8516.94074343879
2025-11-19,2025-11-18,21779953.30767625,0.04518655631887229,984161.0867597216,-0.025111505190594796,-546927.4105366244,-0.00025111505190594796,-5469.274105366244,-0.03841961175469616,-836777.3501163318,-0.0003841961175469616,-8367.77350116332
2025-11-20,2025-11-19,22142250.197371352,0.04577660156762431,1013596.9650957191,-0.02570395643499146,-569143.4344459143,-0.0002570395643499146,-5691.434344459143,-0.03894238659613719,-862272.0672944302,-0.0003894238659613719,-8622.720672944302
2025-11-21,2025-11-20,21311604.268594734,0.045473175285988085,969106.3165314202,-0.025402735317007347,-541373.042415916,-0.00025402735317007347,-5413.73042415916,-0.0386750605190056,-824227.5848449994,-0.000386750605190056,-8242.275848449994
2025-11-24,2025-11-21,21611472.492586605,0.04510769293023577,974843.6649658335,-0.025021542681292336,-540752.381378831,-0.00025021542681292336,-5407.52381378831,-0.02055148512929289,-444147.85555351595,-0.0002055148512929289,-4441.47855553516
2025-11-25,2025-11-24,22226208.161495056,0.04595173808556417,1021332.8960722496,-0.02588460795617531,-575316.6846126436,-0.0002588460795617531,-5753.166846126435,-0.039105992195297146,-869177.9228944754,-0.00039105992195297146,-8691.779228944753
2025-11-26,2025-11-25,23372841.562431477,0.04612742966746218,1078129.1052997948,-0.030089866665514164,-703285.6862077509,-0.00030089866665514164,-7032.856862077509,-0.05327541372603661,-1245197.804191641,-0.0005327541372603661,-12451.978041916409
2025-11-28,2025-11-26,23724753.049797807,0.04627078576066236,1097762.9655918153,-0.030784361608729438,-730351.3769627822,-0.0003078436160872944,-7303.5137696278225,-0.05390555962293195,-1278896.0900652122,-0.0005390555962293195,-12788.960900652122
2025-12-01,2025-11-28,24302066.26212644,0.04655392260145882,1131356.5118225578,-0.007574225317628219,-184069.32555327666,-7.574225317628219e-05,-1840.6932555327664,-0.03473567008656503,-844148.5561030665,-0.0003473567008656503,-8441.485561030666
2025-12-02,2025-12-01,24465561.90658977,0.046401192137259434,1135231.238773687,-0.03022886639837616,-739566.2022355032,-0.0003022886639837616,-7395.662022355032,-0.05366199064022331,-1312870.7540392242,-0.0005366199064022331,-13128.70754039224
2025-12-03,2025-12-02,24511076.336967684,0.04626528737421111,1134011.9905810356,0.010647820292582905,260989.53601381317,0.00010647820292582905,2609.8953601381318,-0.034123116524264335,-836394.3139814865,-0.00034123116524264335,-8363.943139814864
2025-12-04,2025-12-03,25039807.83016706,0.04645925160796985,1163330.732196945,-0.05204952634207463,-1303310.137256767,-0.0005204952634207463,-13033.10137256767,-0.04556913327308856,-1141042.3401454093,-0.00045569133273088563,-11410.423401454093
2025-12-05,2025-12-04,25164028.98309711,0.04654179711559556,1171179.1315422722,-0.0487590310970093,-1226973.6717128751,-0.000487590310970093,-12269.736717128753,-0.043251113104030015,-1088372.2637010226,-0.00043251113104030015,-10883.722637010225
2025-12-08,2025-12-05,25357101.979367737,0.046510817289789695,1179379.5371609374,-0.06906191503759235,-1751210.0224986593,-0.0006906191503759235,-17512.100224986592,-0.056509569926749964,-1432918.927442811,-0.0005650956992674996,-14329.18927442811
2025-12-09,2025-12-08,26774122.620593127,0.04767408337359913,1276431.7540691232,-0.042319664669281803,-1133071.8911177337,-0.00042319664669281803,-11330.718911177337,-0.043686089479220286,-1169656.7165308474,-0.00043686089479220286,-11696.567165308472
2025-12-10,2025-12-09,27115501.099305548,0.04770390075977122,1293515.1734927392,-0.04232019515403654,-1147533.2982221032,-0.0004232019515403654,-11475.33298222103,-0.04363532949204843,-1183193.824810199,-0.0004363532949204843,-11831.93824810199
2025-12-11,2025-12-10,27481149.880478255,0.047879872136300086,1315793.9424357973,-0.04242924239316395,-1166004.3695216805,-0.0004242924239316395,-11660.043695216804,-0.04380175137955952,-1203722.4946891204,-0.0004380175137955952,-12037.224946891205
2025-12-12,2025-12-11,27726384.446851924,0.04802006053681785,1331422.6596049143,-0.04254826809890269,-1179709.6388579016,-0.0004254826809890269,-11797.096388579015,-0.043870950799147074,-1216382.8479060775,-0.00043870950799147074,-12163.828479060774
2025-12-15,2025-12-12,27141467.67195781,0.047802296993199864,1297424.4984862602,-0.04231488887227186,-1148488.1883692539,-0.0004231488887227186,-11484.88188369254,-0.04368401315371501,-1185648.2307929355,-0.00043684013153715007,-11856.482307929356
2025-12-16,2025-12-15,26947771.105236076,0.047606667995173615,1282893.5922169066,-0.0421705881051615,-1136403.3556310833,-0.000421705881051615,-11364.033556310833,-0.04346475105866526,-1171278.1626749788,-0.00043464751058665263,-11712.78162674979
2025-12-17,2025-12-16,27075067.584288083,0.0478460753863845,1295435.724729303,-0.04242187355990995,-1148575.0936866857,-0.0004242187355990995,-11485.750936866856,-0.04367329204366874,-1182457.333710682,-0.0004367329204366874,-11824.573337106822
2025-12-18,2025-12-17,26745911.336549755,0.04768410605838733,1275354.8728002624,-0.042313172281335104,-1131704.3542047434,-0.00042313172281335104,-11317.043542047435,-0.043507898899213665,-1163658.4063979394,-0.00043507898899213665,-11636.584063979393
2025-12-19,2025-12-18,27360408.708989624,0.047007842670230386,1286153.7879853856,-0.054263627400272935,-1484675.0237037956,-0.0005426362740027293,-14846.750237037955,-0.04539727375740335,-1242087.9642764446,-0.0004539727375740335,-12420.879642764447
2025-12-22,2025-12-19,26892139.1043831,0.046575932897219376,1252526.4663884365,-0.00685863547770435,-184443.3793326824,-6.85863547770435e-05,-1844.4337933268241,-0.027073111602163996,-728053.8831938822,-0.00027073111602163996,-7280.538831938822
2025-12-23,2025-12-22,26282560.39332983,0.04670763807653706,1227596.3185763771,0.009366667194822542,246179.99623214477,9.366667194822542e-05,2461.7999623214478,-0.03414064688822549,-897303.6137071345,-0.0003414064688822549,-8973.036137071345
2025-12-24,2025-12-23,26369201.809453454,0.04661647590583137,1229239.260806392,0.009454975536030835,249320.15801304244,9.454975536030835e-05,2493.201580130424,-0.03398506649360533,-896159.0768775736,-0.0003398506649360533,-8961.590768775737
2025-12-26,2025-12-24,26547201.28869019,0.0465554199004304,1235916.1031762187,0.00924674606483794,245475.22904865674,9.246746064837941e-05,2454.7522904865673,-0.02981570987814902,-791523.6517004105,-0.0002981570987814902,-7915.236517004106
2025-12-29,2025-12-26,26518307.924662165,0.04663997105995056,1236813.114165101,0.00942554791504846,249949.5819699125,9.42554791504846e-05,2499.495819699125,-0.03372806251424401,-894411.1474549779,-0.0003372806251424401,-8944.111474549778
2025-12-30,2025-12-29,26237419.36171697,0.04678498711185897,1227517.3266863674,0.0034433747216296162,90345.26659093167,3.443374721629616e-05,903.4526659093168,-0.027244729345981405,-714831.389246991,-0.00027244729345981405,-7148.313892469911
2025-12-31,2025-12-30,25957851.87057325,0.046609675887885116,1209887.0624331515,-0.03976632926097484,-1032248.4843928275,-0.0003976632926097484,-10322.484843928276,-0.026590077729115452,-690221.2989194077,-0.0002659007772911545,-6902.212989194076
2026-01-02,2025-12-31,25601140.03999148,0.04664415577571094,1194143.5640611532,-0.03979406861267312,-1018773.523314074,-0.0003979406861267312,-10187.73523314074,-0.02664736410383506,-682202.9001189234,-0.0002664736410383506,-6822.029001189234
2026-01-05,2026-01-02,25381552.307826515,0.04642738042210179,1178398.9846989373,-0.0787970925302417,-1999992.5257609757,-0.000787970925302417,-19999.925257609757,-0.06016282663887096,-1527025.9313212018,-0.0006016282663887096,-15270.259313212018
2026-01-06,2026-01-05,26512010.083545018,0.046741562392160894,1239212.7734616182,-0.037772432725145105,-1001423.1172890728,-0.00037772432725145105,-10014.231172890728,-0.03327790353870111,-882264.1141772822,-0.0003327790353870111,-8822.641141772823
2026-01-07,2026-01-06,27042700.885657348,0.04664668097769005,1261452.2409883544,-0.00435347951597484,-117729.84436234392,-4.3534795159748396e-05,-1177.2984436234392,-0.033254404116417335,-899288.9036510465,-0.00033254404116417335,-8992.889036510463
2026-01-08,2026-01-07,27223944.365807503,0.046639876530990505,1269721.4039078166,-0.008446215326227136,-229939.29614283823,-8.446215326227136e-05,-2299.392961428382,-0.03313311119579887,-902013.9758605422,-0.0003313311119579887,-9020.13975860542
2026-01-09,2026-01-08,27388776.48620683,0.04649135476643722,1273341.3242388954,0.009573860984325722,262216.3386097133,9.573860984325722e-05,2622.163386097133,-0.03385846608160922,-927341.9596750102,-0.00033858466081609223,-9273.419596750102
2026-01-12,2026-01-09,28018273.44059323,0.04661341763062283,1306027.4811753598,0.009399614513502103,263360.9696754706,9.399614513502103e-05,2633.6096967547064,-0.033113955265638706,-927795.8533322373,-0.00033113955265638706,-9277.958533322373
2026-01-13,2026-01-12,28001996.507260688,0.046753094395133456,1309179.9859561562,-0.011706430391195122,-327803.4229267362,-0.00011706430391195122,-3278.0342292673618,-0.044317588010669984,-1240980.944684999,-0.00044317588010669984,-12409.80944684999
2026-01-14,2026-01-13,28251318.221152574,0.04674412448032232,1320583.135662754,-0.009402673330353994,-265637.91638537514,-9.402673330353994e-05,-2656.3791638537514,-0.04440948034016637,-1254626.3611260592,-0.0004440948034016637,-12546.26361126059
2026-01-15,2026-01-14,27528200.544660714,0.046858877859957564,1289940.5870266736,-0.012587187021173563,-346502.6086120163,-0.00012587187021173563,-3465.026086120163,-0.04438358445291585,-1221800.2137107528,-0.0004438358445291585,-12218.002137107527
2026-01-16,2026-01-15,27861602.28537493,0.04663836566643292,1299419.595438039,0.0043246802863543266,120492.5221498056,4.3246802863543266e-05,1204.925221498056,-0.03816277028957232,-1063275.9279161866,-0.00038162770289572323,-10632.759279161866
2026-01-20,2026-01-16,27105218.358238257,0.04642543819353486,1258371.6396126568,0.00964037387400224,261304.43890988597,9.64037387400224e-05,2613.0443890988595,-0.03379926504527911,-916136.4594002599,-0.0003379926504527911,-9161.3645940026
2026-01-21,2026-01-20,26771482.29679437,0.046322654132539796,1240126.1150498176,0.0021705061381174784,58107.66665169559,2.1705061381174784e-05,581.0766665169559,-0.041172462251758135,-1102247.8442883773,-0.00041172462251758135,-11022.478442883774
2026-01-22,2026-01-21,27259443.87863717,0.04658001711027281,1269745.3622834408,-0.016759837779075498,-456863.8573537716,-0.00016759837779075498,-4568.638573537715,-0.044167746984744016,-1203988.2201764756,-0.00044167746984744016,-12039.882201764754
2026-01-23,2026-01-22,27943287.80538479,0.046490191820415167,1299088.8101654067,-0.0936264796221574,-2616231.666286938,-0.0009362647962215739,-26162.31666286938,-0.03299400589375848,-921961.0025418551,-0.00032994005893758477,-9219.610025418551
2026-01-26,2026-01-23,27554823.91725719,0.04653083708137676,1282149.022499918,-0.09066283017565638,-2498198.3213304034,-0.0009066283017565638,-24981.983213304033,-0.0329290188067842,-907353.314988989,-0.000329290188067842,-9073.53314988989
2026-01-27,2026-01-26,27541967.077138428,0.04664112446597734,1284588.3144826635,-0.07164791179880489,-1973324.4279084022,-0.0007164791179880489,-19733.24427908402,-0.03301048735219747,-909173.7558545172,-0.0003301048735219747,-9091.737558545172
2026-01-28,2026-01-27,27571866.147350494,0.046623343835410135,1285492.595571827,-0.049087167992180325,-1353424.8254329034,-0.0004908716799218033,-13534.248254329033,-0.03302285430671001,-910501.7187480652,-0.0003302285430671001,-9105.017187480651
2026-01-29,2026-01-28,25342080.673135854,0.046693904900282024,1183320.7049266805,-0.021399726182248086,-542313.5872935485,-0.00021399726182248086,-5423.135872935485,-0.034156804820672376,-865604.503302035,-0.00034156804820672376,-8656.04503302035
2026-01-30,2026-01-29,25778113.60003815,0.04655661212775385,1200141.6362621526,0.003719174375423767,95873.29954802479,3.719174375423767e-05,958.732995480248,-0.033137704490845965,-854227.5108095217,-0.00033137704490845965,-8542.275108095217
2026-02-02,2026-01-30,24666289.48072585,0.046423680182729396,1145099.9341478392,-0.011836951107523086,-291973.6625873629,-0.00011836951107523086,-2919.7366258736292,-0.03388976928332885,-835934.8595776004,-0.00033889769283328847,-8359.348595776004
2026-02-03,2026-02-02,25086827.68163917,0.04639013346212537,1163781.2842925822,-0.021117850568772717,-529779.8782254069,-0.00021117850568772717,-5297.798782254068,-0.033816462123109625,-848347.758085129,-0.00033816462123109625,-8483.47758085129
2026-02-04,2026-02-03,25051630.165471096,0.046238733621547914,1158355.6540067522,0.003997072824880182,100133.19015335315,3.9970728248801823e-05,1001.3319015335314,-0.033655986307935815,-843137.321840567,-0.00033655986307935815,-8431.37321840567
2026-02-05,2026-02-04,24471345.82767927,0.04564011323632547,1116874.9946205628,0.007952855558508026,194617.07868983128,7.952855558508026e-05,1946.1707868983128,-0.03318771015465086,-812147.9324232441,-0.00033187710154650857,-8121.479324232441
2026-02-06,2026-02-05,23742975.96358412,0.04552021476640155,1080785.365055859,0.010671020541994092,253361.78423547812,0.00010671020541994092,2533.6178423547813,-0.033076009840894705,-785322.9066236349,-0.00033076009840894705,-7853.229066236348
2026-02-09,2026-02-06,24757871.989585668,0.04543072299655383,1124768.0243430056,0.010751841089983588,266192.7053581809,0.00010751841089983588,2661.927053581809,-0.03288820795780134,-814242.0425861183,-0.0003288820795780134,-8142.420425861183
2026-02-10,2026-02-09,24912456.41668292,0.04570813269718735,1138701.8637066395,0.010456767263092304,260503.75870118377,0.00010456767263092304,2605.037587011838,-0.033077938806842094,-824052.7088791584,-0.00033077938806842094,-8240.527088791583
2026-02-11,2026-02-10,24216612.04121885,0.04577524781763691,1108521.417490363,0.010400737298998236,251870.62011247472,0.00010400737298998236,2518.706201124747,-0.033204978556150566,-804112.0835312895,-0.00033204978556150566,-8041.120835312895
2026-02-12,2026-02-11,23262704.865918003,0.04322513836867711,1005533.636659004,0.1084326201595022,2522436.04060869,0.001084326201595022,25224.360406086904,-0.04161356333521535,-968044.042286301,-0.0004161356333521535,-9680.44042286301
2026-02-13,2026-02-12,22338225.668833144,0.042586215732636525,951300.497417247,0.1294494772184865,2891671.634819026,0.0012944947721848649,28916.71634819026,-0.041418825422137595,-925223.0692177129,-0.00041418825422137595,-9252.230692177129
2026-02-17,2026-02-13,22274622.30821138,0.042562345418245905,948060.1687430586,0.15923332002821047,3546862.062510939,0.0015923332002821047,35468.62062510939,-0.023024466772101487,-512861.3011965234,-0.00023024466772101487,-5128.613011965234
2026-02-18,2026-02-17,22733585.778279293,0.04222715064592818,959974.5513815301,-0.019962709354218178,-453823.96547097736,-0.00019962709354218178,-4538.239654709774,-0.02279526564678766,-518218.1269199105,-0.0002279526564678766,-5182.1812691991045
2026-02-19,2026-02-18,23245997.49257844,0.04230583827465465,983441.410454051,-0.02025949886068773,-470952.2597164427,-0.0002025949886068773,-4709.522597164428,-0.02279387590438664,-529866.3821195159,-0.0002279387590438664,-5298.6638211951595
2026-02-20,2026-02-19,22053635.032923505,0.0421817731968234,930261.4311242981,0.10867657540211267,2396713.530546185,0.0010867657540211267,23967.13530546185,-0.02359331686459451,-520318.39934788644,-0.0002359331686459451,-5203.183993478864
2026-02-23,2026-02-20,22261188.993361253,0.04209683789018224,937125.6642962379,0.13579757666941986,3023015.51907842,0.0013579757666941986,30230.155190784204,-0.023518413930893184,-523547.8573397133,-0.00023518413930893184,-5235.478573397133
2026-02-24,2026-02-23,21474061.991896514,0.04204498492744989,902876.6127804135,0.1375572108988317,2953912.0742738945,0.0013755721089883169,29539.120742738945,-0.02383484247455922,-511830.8848657728,-0.0002383484247455922,-5118.308848657728
2026-02-25,2026-02-24,21410129.32093652,0.04262884302383504,912689.0419422108,0.0947649825528564,2028930.5315529485,0.000947649825528564,20289.305315529484,-0.024286900181089838,-519985.67368181003,-0.00024286900181089838,-5199.8567368181
2026-02-26,2026-02-25,21864630.42385454,0.04302612676720546,940750.3603348626,0.09643542075800995,2108524.834642798,0.0009643542075800995,21085.248346427983,-0.023965092062702698,-523987.88102464436,-0.00023965092062702698,-5239.878810246444
2026-02-27,2026-02-26,22612548.610876724,0.04326618138735555,978358.6298285872,0.13579253446843673,3070615.2866616785,0.0013579253446843673,30706.152866616787,-0.023885788827961163,-540118.560981408,-0.00023885788827961163,-5401.18560981408
2026-03-02,2026-02-27,21816063.5601499,0.043536121302594856,949786.7894998054,0.03500246303957122,763615.9584330834,0.0003500246303957122,7636.159584330834,-0.02512782666033997,-548190.263550406,-0.0002512782666033997,-5481.90263550406
2026-03-03,2026-03-02,21403873.37756279,0.04333364171404308,927507.7802360512,-0.026129293438801465,-559268.0882092888,-0.00026129293438801465,-5592.680882092888,-0.024960043146841915,-534241.6030135083,-0.00024960043146841915,-5342.416030135082
2026-03-04,2026-03-03,21277372.265298463,0.042877086747127084,912311.7363701181,-0.013832757849214367,-294324.7382134634,-0.00013832757849214367,-2943.247382134634,-0.02443641836624641,-519942.77040920133,-0.0002443641836624641,-5199.427704092013
2026-03-05,2026-03-04,21446916.992303982,0.042543540771350814,912427.7874818611,-0.003940686248236902,-84515.57085865064,-3.940686248236902e-05,-845.1557085865064,-0.05601699789265224,-1201391.9039617798,-0.0005601699789265224,-12013.919039617798
2026-03-06,2026-03-05,21876001.655531354,0.04319875009827527,945015.9286667551,0.007556012492490605,165295.34179494006,7.556012492490605e-05,1652.9534179494005,-0.024729798536624048,-540989.1137281446,-0.0002472979853662405,-5409.8911372814455
2026-03-09,2026-03-06,21178480.82855769,0.043351466294113405,918118.1977997456,-0.00472970074868323,-100167.87663080273,-4.72970074868323e-05,-1001.6787663080273,-0.05689302233167076,-1204907.7827299936,-0.0005689302233167076,-12049.077827299936
2026-03-10,2026-03-09,21512539.223981436,0.043748379547058736,941138.7309917283,-0.015304847801662913,-329246.13865033945,-0.00015304847801662913,-3292.461386503395,-0.025297461132289117,-544212.6248755155,-0.0002529746113228912,-5442.126248755155
2026-03-11,2026-03-10,21189044.669967167,0.04346574549189308,920997.6228411465,-0.014587958602951812,-309104.9064815778,-0.00014587958602951812,-3091.0490648157775,-0.056935691311887915,-1206412.9065230545,-0.0005693569131188791,-12064.129065230545
2026-03-12,2026-03-11,20957441.962197866,0.042441883490812654,889473.31002507,0.06336688058236131,1328007.72213036,0.0006336688058236131,13280.077221303602,-0.05589805838331699,-1171480.3143679136,-0.0005589805838331699,-11714.803143679137
2026-03-13,2026-03-12,20148386.06654105,0.042090626811311364,848058.1987770051,0.10202495795941444,2055638.2413889023,0.0010202495795941444,20556.382413889023,-0.04318622530600502,-870132.740222014,-0.0004318622530600502,-8701.32740222014
2026-03-16,2026-03-13,20333097.671072874,0.042513613751792766,864433.4607654692,0.013355357751111685,271555.7935854741,0.00013355357751111685,2715.5579358547407,-0.05605370754798791,-1139745.510398993,-0.0005605370754798791,-11397.45510398993
2026-03-17,2026-03-16,20556386.41381164,0.04304131925072013,884773.9902780326,-0.019055215681861026,-391706.3767548585,-0.00019055215681861026,-3917.063767548585,-0.0564364305774015,-1160129.07476532,-0.000564364305774015,-11601.290747653198
2026-03-18,2026-03-17,20911870.199300155,0.04330241123663045,905534.4030971325,-0.024242293471550547,-506951.6944104066,-0.00024242293471550547,-5069.516944104066,-0.024808586462712195,-518793.9399363524,-0.00024808586462712195,-5187.939399363524
2026-03-19,2026-03-18,20113287.801588845,0.04172663462341551,839259.8111724979,0.09575666549142894,1925981.3719495812,0.0009575666549142894,19259.81371949581,-0.0426123881186069,-857075.2261425456,-0.00042612388118606903,-8570.752261425456
2026-03-20,2026-03-19,20285148.581846703,0.04161990827166723,844266.0232536003,0.09468920184566368,1920784.5285357607,0.0009468920184566368,19207.84528535761,-0.04252279313442173,-862581.1768468756,-0.00042522793134421727,-8625.811768468757
2026-03-23,2026-03-20,19536964.676262356,0.04151691721244807,811114.5450469066,0.11617197759072537,2269647.8225615434,0.0011617197759072537,22696.478225615436,-0.04250934607162374,-830503.592612325,-0.0004250934607162374,-8305.03592612325
2026-03-24,2026-03-23,20209069.477186564,0.04277160044349992,864374.2450131535,0.0411577796407471,831760.4282865928,0.000411577796407471,8317.604282865928,-0.0563872305491285,-1139533.4597934745,-0.000563872305491285,-11395.334597934747
2026-03-25,2026-03-24,20118311.86995309,0.04326938241954943,870506.9299367608,-0.010932302136635458,-219939.46384138663,-0.00010932302136635458,-2199.3946384138662,-0.05700671606359842,-1146878.8924493375,-0.0005700671606359842,-11468.788924493374
2026-03-26,2026-03-25,20362938.682157155,0.04343841360965773,884533.7527836412,0.001526237669824404,31078.684085032757,1.526237669824404e-05,310.78684085032756,-0.02507462173157171,-510592.98479828,-0.0002507462173157171,-5105.9298479828
2026-03-27,2026-03-26,19798333.88117034,0.04327284093035088,856730.1527258605,0.04099586375556699,811649.7983796851,0.0004099586375556699,8116.497983796851,-0.024944060491885467,-493850.83797045855,-0.00024944060491885467,-4938.508379704585
2026-03-30,2026-03-27,19642447.22324322,0.043307113535059005,850657.6920033987,0.09004267066428512,1768658.4063630912,0.0009004267066428512,17686.58406363091,-0.024025526802187724,-471920.1422225879,-0.00024025526802187724,-4719.201422225879
2026-03-31,2026-03-30,19371762.678992875,0.04308905274654987,834710.9038687702,-0.025255380777466224,-489241.24278867425,-0.00025255380777466224,-4892.412427886743,-0.024793284613874172,-480289.625572696,-0.0002479328461387417,-4802.89625572696
2026-04-01,2026-03-31,20552997.21116355,0.04356429490740199,895376.8317381396,0.03028492774875685,622446.0355604892,0.0003028492774875685,6224.460355604892,-0.02478378453789204,-509381.0544893734,-0.0002478378453789204,-5093.810544893734
2026-04-02,2026-04-01,20402820.887368537,0.043612999022635816,889828.2074198177,0.03467038356938165,707373.626062459,0.0003467038356938165,7073.736260624589,-0.02455945576753174,-501082.17711620027,-0.0002455945576753174,-5010.821771162003
2026-04-06,2026-04-02,20506131.653193794,0.04390974975131496,900419.109259258,-0.0060942769903982175,-124970.0462961355,-6.0942769903982175e-05,-1249.700462961355,-0.025563331372237957,-524205.03861333075,-0.0002556333137223796,-5242.050386133307
2026-04-07,2026-04-06,20664861.371825013,0.04395335273967232,908289.9411922536,0.0007415885403358469,15324.824380974338,7.415885403358469e-06,153.24824380974337,-0.02525571231823398,-521905.79390299856,-0.0002525571231823398,-5219.057939029985
2026-04-08,2026-04-07,20737711.910529245,0.04408824464265066,914289.3160402238,0.018417341942424115,381933.5313596984,0.00018417341942424115,3819.3353135969837,-0.02489845186365025,-516336.9217665589,-0.0002489845186365025,-5163.369217665589
2026-04-09,2026-04-08,21626317.55024587,0.04419460259094495,955766.5096386945,0.05398255162640253,1167443.8036451228,0.0005398255162640253,11674.438036451227,-0.024961426413284277,-539823.7341207806,-0.00024961426413284277,-5398.237341207806
2026-04-10,2026-04-09,21324408.349969782,0.04374886945273374,932918.7570596134,0.027567186017235512,587853.9316911072,0.0002756718601723551,5878.539316911072,-0.024608586421562967,-524763.5457689303,-0.00024608586421562967,-5247.635457689304
2026-04-13,2026-04-10,21582846.670904905,0.04422732839099463,954551.6473265964,0.014459907627080437,312085.9691907255,0.00014459907627080437,3120.8596919072547,-0.025105215971387568,-541842.0269504108,-0.0002510521597138757,-5418.420269504108
2026-04-14,2026-04-13,22323531.639788833,0.043786004520909756,977458.2573024658,0.058775000464059146,1312065.5824880276,0.0005877500046405915,13120.655824880276,-0.029878165629220604,-666986.1757627574,-0.00029878165629220604,-6669.861757627574
2026-04-15,2026-04-14,23044448.559170768,0.043754993258417425,1008309.6913504641,-0.04172009697502588,-961416.6286245998,-0.0004172009697502588,-9614.166286245998,-0.015468277745505493,-356457.9308052673,-0.00015468277745505493,-3564.5793080526732
2026-04-16,2026-04-15,23127126.72367765,0.04368112955657304,1010219.0186882459,-0.05666360080743907,-1310466.2764935265,-0.0005666360080743907,-13104.662764935265,-0.04202099805144244,-971824.9469911208,-0.0004202099805144244,-9718.249469911209
2026-04-17,2026-04-16,22976066.9718148,0.04330302058958487,994933.1011481772,-0.050295700909366164,-1155597.3924879634,-0.0005029570090936616,-11555.973924879636,-0.03356628923037175,-771221.3093523271,-0.0003356628923037175,-7712.213093523272
2026-04-20,2026-04-17,24038065.381893657,0.0436047158209562,1048173.009863038,-0.039976967175535394,-960968.9507353364,-0.00039976967175535394,-9609.689507353363,-0.01102591708238218,-265041.715721641,-0.0001102591708238218,-2650.41715721641
2026-04-21,2026-04-20,24795936.84595742,0.0437988992075848,1086034.7386737273,-0.04095643520456785,-1015553.1807680116,-0.0004095643520456785,-10155.531807680116,-0.01123650942269419,-278619.77801413066,-0.00011236509422694191,-2786.1977801413063
2026-04-22,2026-04-21,24662154.39268265,0.04388145601835263,1082211.2433003257,-0.04275400314449618,-1054405.8264548043,-0.0004275400314449618,-10544.058264548043,-0.011324838540562043,-279294.916559544,-0.00011324838540562043,-2792.94916559544
2026-04-23,2026-04-22,25124860.0255091,0.044389939815525276,1115291.024405846,-0.04258875613531096,-1070036.5365602297,-0.0004258875613531096,-10700.365365602298,-0.011860671793540584,-297997.7186212111,-0.00011860671793540584,-2979.9771862121115
2026-04-24,2026-04-23,24462968.001812957,0.04415581915617281,1080182.391111295,-0.041864698099707,-1024134.770018692,-0.00041864698099707,-10241.34770018692,-0.011614621833459099,-284128.12226506806,-0.00011614621833459099,-2841.281222650681
2026-04-27,2026-04-24,24681879.3563998,0.044381588885587284,1095421.0225193996,-0.04284987998961279,-1057615.5683398328,-0.0004284987998961279,-10576.155683398329,-0.011860848539695101,-292748.03272128524,-0.00011860848539695101,-2927.4803272128524
2026-04-28,2026-04-27,24614863.086431146,0.04432748321252723,1091114.930242433,-0.042127786790415594,-1036969.7039804425,-0.00042127786790415594,-10369.697039804425,-0.01182315451100091,-291025.3295380082,-0.0001182315451100091,-2910.253295380082
2026-04-29,2026-04-28,24397084.22060026,0.04456243269073422,1087193.4234306728,-0.04279786031873567,-1044143.00265768,-0.0004279786031873567,-10441.4300265768,-0.012077517835145518,-294656.21979984693,-0.00012077517835145518,-2946.562197998469
2026-04-30,2026-04-29,23920214.180458643,0.04447429899259376,1063834.7574285988,-0.04227430763127926,-1011210.4928707972,-0.0004227430763127926,-10112.104928707971,-0.011969207622895134,-286306.0099100299,-0.00011969207622895134,-2863.0600991002984
2026-05-01,2026-04-30,23939873.40709581,0.04445101826224082,1064151.7500145491,-0.03957336609321793,-947381.3745642949,-0.0003957336609321793,-9473.813745642949,-0.015572837132404177,-372811.74953907693,-0.00015572837132404177,-3728.117495390769
2026-05-04,2026-05-01,23657852.529436085,0.04395141914729115,1039796.1926460476,-0.04198152631779695,-993192.75858708,-0.00041981526317796947,-9931.9275858708,-0.01346972962069648,-318664.87697781436,-0.0001346972962069648,-3186.648769778144
2026-05-05,2026-05-04,23280943.365063846,0.04415523655897486,1027975.5616004904,-0.04008280088447572,-933165.4173046103,-0.00040082800884475717,-9331.654173046101,-0.011634705814120988,-270866.92712772975,-0.00011634705814120988,-2708.669271277298
2026-05-06,2026-05-05,23373361.843966328,0.04417294464743352,1032470.2189579593,-0.039491729165926776,-923054.4756391251,-0.00039491729165926776,-9230.544756391251,-0.011639336182314025,-272050.41621279536,-0.00011639336182314025,-2720.5041621279534
2026-05-07,2026-05-06,24093954.16269423,0.04402236170290285,1060672.7650032872,-0.039625804036066276,-954742.3061048848,-0.00039625804036066276,-9547.423061048848,-0.011496644838699527,-276999.63376840163,-0.00011496644838699527,-2769.996337684016
2026-05-08,2026-05-07,24349959.59686547,0.04451668171930379,1083979.401251567,-0.04226783102432782,-1029219.9776895194,-0.00042267831024327823,-10292.199776895193,-0.012006208022435905,-292350.68025787635,-0.00012006208022435905,-2923.5068025787637
2026-05-11,2026-05-08,24246619.045113754,0.04402527365604385,1067464.0386949775,-0.04074767068114743,-987993.2479815326,-0.0004074767068114743,-9879.932479815327,-0.011488414810597453,-278555.21734479914,-0.00011488414810597453,-2785.552173447991
2026-05-12,2026-05-11,23627485.614887968,0.04412092407484346,1042466.498893928,-0.04170266803311673,-985329.1890549138,-0.0004170266803311673,-9853.291890549139,-0.011595336389166183,-273968.643734811,-0.00011595336389166183,-2739.68643734811
2026-05-13,2026-05-12,23109396.167574573,0.04390342646158318,1014581.6752147024,-0.04258655429661626,-984149.5546524302,-0.0004258655429661626,-9841.495546524302,-0.011377174772807253,-262919.63909253804,-0.00011377174772807253,-2629.1963909253805
2026-05-14,2026-05-13,22411406.60277431,0.043396479850366175,972576.1550556588,-0.041288349065492225,-925329.978864023,-0.00041288349065492225,-9253.29978864023,-0.010825470294095058,-242614.01642721915,-0.00010825470294095058,-2426.140164272191
2026-05-15,2026-05-14,22448709.880566847,0.04330783352505926,972204.9903599418,-0.04261227482953295,-956590.5949991662,-0.0004261227482953295,-9565.905949991662,-0.010762571767979068,-241605.8511881415,-0.00010762571767979068,-2416.058511881415
2026-05-18,2026-05-15,21906934.15161467,0.04306832869567009,943495.0407561411,-0.041024181763025386,-898714.0485064685,-0.00041024181763025386,-8987.140485064685,-0.010498047509746589,-229980.03551654087,-0.00010498047509746589,-2299.8003551654087
2026-05-19,2026-05-18,21712857.71660967,0.04292761836582227,932081.2696900191,-0.04068376201773749,-883360.7360675429,-0.0004068376201773749,-8833.607360675429,-0.010319082653089534,-224056.7734124681,-0.00010319082653089534,-2240.567734124681
2026-05-20,2026-05-19,21201260.63437475,0.042462423415184775,900256.9059925096,-0.04199719261800683,-890393.426606402,-0.0004199719261800683,-8903.93426606402,-0.018263583540599482,-387210.9947619264,-0.00018263583540599482,-3872.109947619264
2026-05-21,2026-05-20,21789005.904201426,0.04225763051232761,920751.7607306686,-0.0421604985534188,-918635.351904518,-0.000421604985534188,-9186.353519045178,-0.009614981039484521,-209500.878638113,-9.614981039484521e-05,-2095.00878638113
2026-05-22,2026-05-21,21966562.362240944,0.041863032975552716,919586.9245300278,-0.04403296862066433,-967252.9512004217,-0.0004403296862066433,-9672.529512004216,-0.009178804748640607,-201626.7869218472,-9.178804748640607e-05,-2016.267869218472
2026-05-26,2026-05-22,22894655.008037325,0.04239689279881527,970662.2340416176,-0.04401627284751075,-1007737.3815833994,-0.0004401627284751075,-10077.373815833993,-0.00977514053264461,-223798.47014998057,-9.77514053264461e-05,-2237.984701499806
2026-05-27,2026-05-26,23391578.703851815,0.0424477213998009,992919.2159226177,-0.04555232441804877,-1065540.7817681786,-0.0004555232441804877,-10655.407817681786,-0.009816799086725253,-229630.42845703437,-9.816799086725253e-05,-2296.304284570344
2026-05-28,2026-05-27,24004536.456797242,0.04271724900779679,1025407.7611417439,-0.017508263636508564,-420277.7527577873,-0.00017508263636508564,-4202.777527577873,-0.010021353668170085,-240557.94947404758,-0.00010021353668170085,-2405.579494740476
2026-05-29,2026-05-28,24243596.108978342,0.042552399299665186,1031623.1820890557,-0.019006573653071457,-460787.69506061345,-0.00019006573653071457,-4607.876950606134,-0.009862114268985311,-239093.11511787208,-9.862114268985311e-05,-2390.931151178721
2026-06-01,2026-05-29,24087376.430232733,0.042622891558941625,1026673.6335252163,-0.013325675226385364,-320980.55536497105,-0.00013325675226385364,-3209.8055536497104,-0.009952851860790812,-239738.0893252106,-9.952851860790812e-05,-2397.380893252106
2026-06-02,2026-06-01,23860991.386163566,0.04223379766759587,1007740.28235148,-0.01574404536703322,-375668.5308861481,-0.00015744045367033221,-3756.685308861481,-0.009483605572463416,-226288.23087432235,-9.483605572463416e-05,-2262.882308743224
2026-06-03,2026-06-02,23055566.81823566,0.04110994894455457,947813.1747854344,-0.006693671413850882,-154326.388541353,-6.693671413850882e-05,-1543.26388541353,-0.00908237756342134,-209399.3627819051,-9.08237756342134e-05,-2093.993627819051
2026-06-04,2026-06-03,22779391.95596127,0.04067300620405239,926506.3503493537,-0.041034257721284106,-934735.4402550608,-0.00041034257721284106,-9347.354402550607,-0.00865098512442819,-197064.1809545401,-8.65098512442819e-05,-1970.641809545401
2026-06-05,2026-06-04,23262560.260532968,0.04106192267978421,955205.4507518255,-0.016612411837235025,-386447.23143647093,-0.00016612411837235025,-3864.4723143647097,-0.00903338114212962,-210139.5731751524,-9.03338114212962e-05,-2101.395731751524
2026-06-08,2026-06-05,22889602.86516783,0.04151946129711242,950363.9802666092,-0.03197889602320897,-731984.2300377481,-0.0003197889602320897,-7319.8423003774815,-0.008724604683230108,-199702.73635472055,-8.724604683230108e-05,-1997.0273635472056
2026-06-09,2026-06-08,23353903.76217142,0.04199311832826438,980703.2441117631,-0.031638434511801344,-738880.9547743716,-0.00031638434511801344,-7388.8095477437155,-0.0092227350277016,-215386.86626095057,-9.222735027701601e-05,-2153.8686626095055
2026-06-10,2026-06-09,23582990.493783273,0.04193158429314844,988872.1537745916,-0.041181554274034166,-971184.2029637677,-0.00041181554274034166,-9711.842029637677,-0.00917294064065044,-216325.37192849757,-9.17294064065044e-05,-2163.253719284976
2026-06-11,2026-06-10,23023605.6723851,0.041777760106282966,961874.6745625604,-0.04546291406336486,-1046720.2061124436,-0.0004546291406336486,-10467.202061124435,-0.009005501645145686,-207339.11875984957,-9.005501645145686e-05,-2073.391187598496
2026-06-12,2026-06-11,23754411.63329183,0.04123681873351095,979556.366643259,-0.029391057023650524,-698167.2668773475,-0.00029391057023650524,-6981.672668773475,-0.00923460635341225,-219362.6405903666,-9.23460635341225e-05,-2193.6264059036657
2026-06-15,2026-06-12,23404698.144370195,0.04031635700000255,943592.165865726,-0.017684682652423234,-413904.65925894585,-0.00017684682652423234,-4139.046592589459,-0.024345839606339237,-569807.0270576223,-0.00024345839606339237,-5698.070270576223
2026-06-16,2026-06-15,23977237.984142333,0.041722181955922644,1000382.6859748462,-0.007222475546855844,-173175.01502161112,-7.222475546855844e-05,-1731.7501502161113,-0.009749938223250348,-233776.58910955946,-9.749938223250348e-05,-2337.7658910955947
2026-06-17,2026-06-16,24113111.167987686,0.04205881119366058,1014168.7899061425,-0.03152183575278328,-760089.529725912,-0.0003152183575278328,-7600.89529725912,-0.010143940566497561,-244601.96656141567,-0.00010143940566497561,-2446.0196656141566
2026-06-18,2026-06-17,22753325.499686144,0.04104262355353978,933856.1730747757,-0.045350459702718504,-1031873.7711763539,-0.00045350459702718504,-10318.737711763539,-0.008248574689635746,-187682.50482175473,-8.248574689635746e-05,-1876.8250482175474
2026-06-22,2026-06-18,23504574.864736773,0.041724667765434584,980720.5771989264,-0.05591430976773504,-1314242.0799458108,-0.0005591430976773504,-13142.420799458108,-0.03859076199596578,-907059.4544214165,-0.00038590761995965783,-9070.594544214164
2026-06-23,2026-06-22,23507986.257683292,0.04194942628104587,986146.5365325247,-0.08016885513236205,-1884608.3447457696,-0.0008016885513236205,-18846.0834474577,-0.056918382038061155,-1338036.542760309,-0.0005691838203806115,-13380.365427603092
2026-06-24,2026-06-23,23182994.81934084,0.04129881536020913,957430.2225406421,-0.052439681455515585,-1215708.8635111018,-0.0005243968145551559,-12157.088635111017,-0.01829849846107026,-424213.9950247082,-0.00018298498461070262,-4242.139950247082
2026-06-25,2026-06-24,23902454.40895641,0.04217009996763083,1007968.8918974301,-0.08009093374400159,-1914369.8923867464,-0.0008009093374400159,-19143.69892386746,-0.057009530102701544,-1362667.6941558516,-0.0005700953010270154,-13626.676941558517
2026-06-26,2026-06-25,23840928.89725305,0.04167803201117119,993642.9977557689,-0.0806619266437221,-1923055.25782842,-0.000806619266437221,-19230.5525782842,-0.05648776423229501,-1346720.7706269396,-0.0005648776423229501,-13467.207706269395
2026-06-29,2026-06-26,23685082.035122626,0.03990978769473696,945266.5955541723,-0.03551968058753269,-841286.5485770643,-0.00035519680587532687,-8412.865485770642,-0.007004385785628481,-165899.4519382574,-7.004385785628481e-05,-1658.994519382574
2026-06-30,2026-06-29,23924790.162467707,0.04020606073671465,961921.5663853298,-0.039093624565684354,-935306.7644242909,-0.00039093624565684354,-9353.067644242909,-0.007302599162713197,-174713.15260852562,-7.302599162713197e-05,-1747.1315260852562
2026-07-01,2026-06-30,24104442.392239068,0.04140992904157858,998163.2490494384,-0.08048608703238314,-1940072.2482488193,-0.0008048608703238314,-19400.722482488192,-0.055839317223602136,-1345975.6052382805,-0.0005583931722360214,-13459.756052382805
2026-07-02,2026-07-01,24630023.910594888,0.04183345890736637,1030359.0931513224,-0.08093292168941182,-1993379.796364517,-0.0008093292168941182,-19933.797963645167,-0.05625629390331455,-1385593.8639600908,-0.0005625629390331455,-13855.938639600907
2026-07-06,2026-07-02,24658774.79625817,0.04182403013571883,1031329.3401886057,-0.08094136498061483,-1995914.8907587186,-0.0008094136498061483,-19959.148907587187,-0.0564067849967341,-1390922.2082154204,-0.000564067849967341,-13909.222082154203
2026-07-07,2026-07-06,24694085.639030762,0.04300464410026499,1061960.3642879827,-0.10784125974265188,-2663041.303506006,-0.0010784125974265188,-26630.41303506006,-0.05751679063717638,-1420324.5536766362,-0.0005751679063717638,-14203.245536766362
2026-07-08,2026-07-07,24119014.195742313,0.04197458817551617,1012385.688065712,-0.08108233530573078,-1955625.9962628589,-0.0008108233530573078,-19556.25996262859,-0.05636269073950595,-1359412.5380563778,-0.0005636269073950595,-13594.125380563777
2026-07-09,2026-07-08,23653974.385892097,0.04202516100280058,994062.0819232363,-0.08112568385745811,-1918944.848002294,-0.0008112568385745811,-19189.44848002294,-0.05632018836749589,-1332196.2930533658,-0.0005632018836749589,-13321.962930533658
2026-07-10,2026-07-09,23892643.985060923,0.042274614222170444,1010052.3072161116,-0.08138720669245841,-1944555.5544414767,-0.0008138720669245841,-19445.555544414765,-0.056593866948419225,-1352177.1147364867,-0.0005659386694841922,-13521.771147364867
2026-07-13,2026-07-10,23670709.50014536,0.04159805506247435,984655.4771548813,-0.0604617758878781,-1431173.1329048558,-0.000604617758878781,-14311.731329048558,-0.055919294522298324,-1323649.3760903934,-0.0005591929452229832,-13236.493760903933
2026-07-14,2026-07-13,23456937.034713954,0.04124343343861897,967444.6212651012,-0.012424367863410335,-291437.6146681398,-0.00012424367863410335,-2914.3761466813976,-0.04475789988530807,-1049883.2394157022,-0.00044757899885308067,-10498.832394157022
2026-07-15,2026-07-14,24294971.00893161,0.04368095673575605,1061227.5775375892,-0.1356224031182858,-3294942.3519203896,-0.001356224031182858,-32949.4235192039,-0.057884972622018055,-1406313.7317047287,-0.0005788497262201805,-14063.137317047287
2026-07-16,2026-07-15,24431863.100208763,0.043423698899112295,1060921.8668077975,-0.10993931273110477,-2686022.23797739,-0.0010993931273110477,-26860.222379773903,-0.05750419986635183,-1404934.738821751,-0.0005750419986635183,-14049.34738821751
2026-07-17,2026-07-16,24286522.289614573,0.04134140315925383,1004038.9093111604,0.08694980342973321,2111708.3390738214,0.0008694980342973321,21117.083390738215,-0.00930303717465164,-225938.41970329004,-9.30303717465164e-05,-2259.3841970329004
2026-07-20,2026-07-17,23745049.014082134,0.04074979804018188,967605.9517780669,0.03347093022895431,794768.8788334434,0.0003347093022895431,7947.688788334434,-0.00867339279993426,-205950.13715282606,-8.67339279993426e-05,-2059.5013715282607
2026-07-21,2026-07-20,23119761.601194292,0.040232441220108904,930164.4496429802,-0.030513449993684744,-705463.6894839548,-0.00030513449993684744,-7054.6368948395475,-0.015603604820374484,-360751.62356630416,-0.00015603604820374484,-3607.5162356630417
2026-07-22,2026-07-21,23252266.591278564,0.0405613700029278,943143.7886155667,0.021009110177681867,488509.4306970025,0.00021009110177681867,4885.094306970025,-0.008446874600996634,-196408.9800854735,-8.446874600996634e-05,-1964.089800854735
2026-07-23,2026-07-22,22797249.275245853,0.04000055513699122,911902.6266062048,-0.038035366750972105,-867101.737097309,-0.00038035366750972105,-8671.01737097309,-0.02462363845985374,-561351.2240328166,-0.0002462363845985374,-5613.512240328167
2026-07-24,2026-07-23,22059825.42357315,0.03963022856235721,874235.9235819025,-0.03976252715229486,-877154.407379712,-0.00039762527152294863,-8771.54407379712,-0.041298149780736454,-911029.974479622,-0.00041298149780736454,-9110.29974479622
2026-07-27,2026-07-24,22220973.259157058,0.039567174584708306,879221.128387202,-0.040334239688116086,-896266.0615380588,-0.00040334239688116086,-8962.660615380588,-0.04503110749349837,-1000635.0354432543,-0.0004503110749349837,-10006.350354432543
2026-07-28,2026-07-27,23091648.365034513,0.04005423382006484,924918.2829038103,-0.03185613125778683,-735610.5812751981,-0.0003185613125778683,-7356.105812751981,-0.023971962719106232,-553552.1337293177,-0.00023971962719106232,-5535.521337293178
2026-07-29,2026-07-28,23527529.379965767,0.040204601720253016,945914.9481830751,-0.017039859744785724,-400905.8007759421,-0.00017039859744785724,-4009.058007759421,-0.024095586085685905,-566909.6095584695,-0.00024095586085685905,-5669.096095584695
2026-07-30,2026-07-29,23334612.442612313,0.04047409902786546,944447.4147791523,-0.02155457697956137,-502967.70018251764,-0.00021554576979561368,-5029.677001825176,-0.024349315406907435,-568181.8382631139,-0.00024349315406907435,-5681.818382631139
2026-07-31,2026-07-30,22621978.08735119,0.03945229648018707,892488.9864704744,-0.02763969964664284,-625264.6797473228,-0.0002763969964664284,-6252.646797473228,-0.032308253926552344,-730876.6123670453,-0.00032308253926552344,-7308.7661236704525
