Date,GME,ROKU,DKS,BBWI,DKNG,CVNA,RH,W,DDS,BB
2020-06-02,0.012106467920636854,-0.018857877919146948,0.036752653732110785,0.01571916252541361,-0.05560641333527361,0.18802386542612526,0.16789756763841868,0.1287099712427695,0.08199000721276306,0.08943090455232161
2020-06-03,0.06220101424864777,-0.061902189399409946,-0.02804217473769055,0.08988094880546349,-0.02689606489070806,-0.015854049371000545,0.02819624649515262,-0.03721573498777231,0.0789471498925649,-0.02798509172220498
2020-06-04,0.006756696528056327,-0.009907645136279286,0.0029938759252063907,-0.025122719721376474,0.009213120848868828,-0.050190939108531674,-0.026835348241547985,-0.02230055084051885,-0.014692851175738153,0.0038387679040452483
2020-06-05,-0.0738254897528543,0.014087214067260323,0.04314806344485689,0.046498574946649995,-0.029360934185787557,0.13598040292740632,-0.008856313819127215,-0.03829693143307156,0.10020865675576829,0.04588905740782012
2020-06-08,0.21014502184870243,0.0821038505492353,0.024193649144788942,0.03372585577152187,-0.034062027132446326,-0.019245669699625934,0.03131469576717194,0.030627847004988995,0.01626471327646395,0.058500947702991635
2020-06-09,-0.009980077535050813,0.002656069587104959,-0.003556130255513046,-0.06525113326404786,0.03710525914242391,-0.0007920431137314887,-0.0075220686668348025,-0.02022849426822193,-0.06801836040233844,-0.031088053458469433
2020-06-10,0.022177446102500387,0.004856539088369249,-0.030843448142141017,-0.03268708241115603,-0.00761226181735819,0.04623519096163631,-0.029641686375658782,0.05770464901509431,-0.09988521812482765,-0.007130117807674474
2020-06-11,-0.13806711289970497,-0.06019337363637989,-0.048658945085042316,-0.11340219055958778,-0.07236005591637984,-0.09713806996389118,-0.06101250747761178,-0.020177694023721937,-0.13100177962107828,-0.09694792553156428
2020-06-12,0.08009151345499199,0.010472209243017172,0.08957718024094885,0.010982047803451467,0.01653810113027765,0.03682644638680488,0.02700118604160351,0.03391157057685312,0.09367000249712687,0.043737531016928566
2020-06-15,-0.006355875912014253,-0.005366908787753699,-0.008119882058486794,-0.008306507317178857,0.13313448224536706,0.027965098659539223,0.042320394443114306,0.045626803340581557,-0.10003374810229515,-0.04952385312034968
2020-06-16,-0.010661021348578825,0.12391850367050616,0.0378611572688734,0.03994821452289088,-0.02919361555337574,0.032452789076057975,0.03702193137406273,-0.0063667669754914336,0.08884792773725869,0.0460921903052407
2020-06-17,0.02586214781232954,-0.028888319959421094,0.01084541250979032,-0.04213111628554911,0.00369735092450707,0.007879306512432738,-0.012083117481424543,0.056834694841319644,-0.0611129487131884,-0.02298848474755899
2020-06-18,0.03991587631245408,0.08924310644338518,0.000244146261567435,0.010349074788710277,0.002946928494288903,0.033792907728642074,0.009689409545110994,-0.010942974683963214,0.0010910001917503465,-0.003921564960883028
2020-06-19,-0.014141353034639925,0.0055559830924643006,-0.03210771124312928,-0.07298309062432329,0.028403522112587565,0.025532616777409034,-0.016282543377216685,0.04654877588233686,-0.043225674458859054,-0.003937004178520276
2020-06-22,-0.002049227181827984,0.009961079994528221,0.04923861025923415,0.011740285671859585,-0.08916664123535156,0.010069762952355399,0.016712010299743785,-0.00919095139808046,-0.014046987310816106,0.011857696335581869
2020-06-23,-0.008213544721353827,-0.014640172166360044,0.002419193682624776,0.0027304567391279733,-0.006927182910715146,0.001726929788640419,0.0031852046750817653,-0.0025473362756702755,-0.0019252989760233374,-0.003906246362021082
2020-06-24,-0.08695653890853061,-0.035423826060301256,-0.01254839608206837,-0.056501256543188605,-0.011318775629839184,-0.12036669043690551,-0.02112813835895433,-0.032862680603022554,-0.01929012902589422,-0.03529408464794692
2020-06-25,0.01133791212355817,0.002026753166538997,-0.011974530149635343,0.019480835935884455,-0.03966990479202537,0.04374157729315553,0.018140312178251294,0.021971940888862562,-0.02281678462349901,-0.014227676946319434
2020-06-26,-0.02466370685505792,-0.008495108700046883,-0.01780860212639357,-0.01910858473175825,-0.07568615373811782,0.0021338829849062435,-3.930976139998599e-05,-0.015503084786856025,-0.013687606142060438,-0.026804147834466163
2020-06-29,0.006896600107140438,-0.06119950887991776,0.04633583651188666,0.09090904678184875,0.005998823096103889,0.02521075909664039,-0.005113290684666705,-0.008467894885577976,0.07392207285528896,0.016949238156632296
2020-06-30,-0.0091324111433575,0.012863934709095526,-0.006979471468000598,-0.009920420744445324,-0.008348318018814194,-0.0014122493237642697,-0.015972200940646997,-0.013084928198033974,-0.013767013471225886,0.018749931703013978
2020-07-01,0.023041451870212448,0.10177637290474806,-0.01575365161283504,0.008683911291529567,0.018340368043754163,0.04309481109156521,0.043230253232147575,0.10920500867568061,-0.036447831450011625,-0.02249481793059882
2020-07-02,-0.033783804827546615,0.002025037059521173,0.0036934057439366175,0.0006620709615319242,-0.023914897671615476,0.025123590500862214,-0.01667565959326267,-0.023221845345119174,-0.017706377454387523,0.01464428697734843
2020-07-06,-0.011655056218990323,0.026272872469252917,0.0031896033319227524,0.03375253967304115,-0.01935883780279446,0.045981527373302855,0.0155484507634982,0.03428302722393095,-0.005325784468786066,0.035051562811695414
2020-07-07,-0.035377270431011354,-0.012194203023836003,-0.026656995737997735,-0.030089519818799926,-0.05613812122972106,-0.00989291664869596,-0.0068260281411393064,0.01828939219249448,-0.035831918323920964,-0.04382465956723891
2020-07-08,0.041564809279134085,0.025609541364691735,0.012562976831095307,0.03432339312450394,0.08169928305508378,0.04364813565660852,0.03032655455913269,-0.01778353660001386,0.04314415126996751,0.00833332505491069
2020-07-09,-0.01173713334470583,0.11909396373185555,-0.037965367867850985,-0.009572310187191513,-0.00845917801222229,-0.0020155397012580067,-0.017901560509374637,0.033637335614757014,-0.07207213517904665,-0.006198390260857556
2020-07-10,0.030878886760803415,0.02244639291569772,0.028630248065126596,0.026417338303462934,-0.011882979685400197,-0.00851125416836973,0.002456021556589638,-0.02258331513716183,0.047660741330230794,-0.016632000968346272
2020-07-13,-0.018433161496169914,-0.026069947165010765,-0.028334627827589776,0.028876651407495624,-0.09034845135996372,-0.07936858241928557,-0.010718593548937339,-0.05791916237592776,-0.02906477858318346,-0.031712493607307324
2020-07-14,-0.04225359049406152,0.008721340889911167,0.004644967038702985,0.016473230323445387,0.024237293308064123,0.07427898489863649,0.03401311300561605,0.044639485416890334,0.0008677447509670699,0.0
2020-07-15,0.026960817541997972,0.025605254641443365,0.04315444890047804,0.08283314857227864,0.07761049839022682,0.003972041173756713,0.047451510432815924,-0.010399202920407857,0.06675358083022576,0.028384304935910265
2020-07-16,-0.00477326507240694,-0.005836256507941062,0.016498158662201057,0.023281509628504615,0.09459452968217463,0.003370175574171519,0.00710975632492894,0.0088564975715264,0.01706631379468604,-0.012738841251293542
2020-07-17,-0.05035972045679393,-0.03228750262258884,-0.0067827745126898265,0.00216691222915788,-0.007856307073287994,0.03030302819282782,0.013267551314435133,-0.018285213376651566,-0.01278473189294338,0.03225808436366906
2020-07-20,-0.027777811225950688,0.014154799776733729,-0.010243918856383205,-0.01189177505014638,0.0014140055485720726,0.02650606367232755,-0.018730546553435867,0.06509754405115431,-0.012950297980558578,0.03958324434029081
2020-07-21,0.041558526808466834,0.01927418428206873,0.05889601802923572,0.03227558762314753,0.06043488841768063,0.0013117959911308485,0.0030327033938120085,-0.018400952220635647,0.04100056290887899,-0.02805608675493476
2020-07-22,0.024937630654563003,-0.007759535972027942,0.03327912569183411,0.02861703125931414,0.0053262521172585675,0.02868367959016016,0.013872563684940165,0.0015511017637173108,-0.030327138862631497,-0.012371122465843931
2020-07-23,0.0,-0.013208875146363375,-0.004954850513119946,-0.002576051078196695,-0.04079472623913494,-0.008311522110650893,-0.007367666956142771,-0.03539823008849563,0.019090206421214617,-0.010438453263686531
2020-07-24,-0.019464700999327622,0.006726122017875147,0.009506269276042145,-0.008781097170798668,0.03700635698614252,0.002771231226732729,0.006079246687268336,0.02197244626666417,-0.004384351032652445,-0.018987274281977773
2020-07-27,-0.004962774165082395,0.03175235238405838,0.03228707967238864,-0.0015635187649246651,-0.06484680713895974,0.016648674388882956,0.025329322359655793,0.038691191865631636,-0.043234491524952734,0.008602142157561943
2020-07-28,-0.017456400914195425,-0.0462909608526999,-0.01933119814051698,-0.002087534889979148,-0.013811778076860404,0.0036464463855852003,-0.0447131790856814,-0.019057100351411727,0.022175959205562368,-0.006396633143354258
2020-07-29,0.030456823303636638,0.01895803243172267,0.036545347486673485,0.3535561767753439,0.03638458800664934,0.026952041545375893,0.023492657545725937,0.06541852909037726,0.02087592464541932,0.0450643873440455
2020-07-30,0.00985220749181659,-0.008049093895558523,-0.011752711224083612,-0.05177736062474936,-0.030649163912729427,0.0026373579993868024,0.015208953876703735,0.058176521440348905,-0.03889349898946681,-0.026694069300988055
2020-07-31,-0.02195114093759909,0.03019616296528138,-0.013621451374069449,-0.005297235603178185,-0.04067263231648277,-0.0059023550561259075,-0.007835759183978719,0.039738974061072074,-0.017521780959431688,0.0
2020-08-03,0.03491268291638816,0.044741480804947775,-0.020385845365152422,-0.0012289998996779516,-0.012734059537394704,0.02929980486450834,0.02247511441835881,0.07963472033160701,0.05222924679493923,0.0
2020-08-04,0.06746981362331783,0.028550209541957194,0.02998431281336922,0.023379731781896007,0.0033384099485449514,0.04514391189673561,0.000782539240147706,0.012426926132652172,0.04196930297405954,0.0021097530305316248
2020-08-05,0.0451467931946401,-0.006128360114750819,0.016945557409556944,0.022846039035516963,-0.01542656125363917,0.04457375983152989,0.02264383167644146,0.03627295022030674,0.027110801728276623,0.018947400544819137
2020-08-06,-0.04319660500190836,-0.06982228980538174,-0.023926197199542143,-0.01018857419434438,0.033794233935524165,0.2806684439521374,0.005053490989562759,0.037491766885794586,-0.013574658941520101,0.024793364003288243
2020-08-07,-0.06094807932030355,0.016377489779873633,0.002407030926507625,0.030878964367369033,0.013075738685200289,-0.1389747994585282,0.029870986251845588,-0.009657881078848574,0.06498460123656358,-0.024193525128260562
2020-08-10,0.040865404454209386,-0.038237711815829134,0.01812251286080091,0.05568346568319793,-0.07274859287579272,-0.009791751313537267,0.0009958182299920626,-0.03771632960483051,0.0007177514819751707,0.0
2020-08-11,0.004618933320764462,-0.026593975816833648,0.006219303075163163,-0.020370972226029127,0.013603299489812981,-0.012991781606364383,-0.02291109714037265,0.03734900967386734,0.023673167709695075,-0.010330617594738856
2020-08-12,0.03908047816573568,0.0038931224040206214,-0.01662402496220583,0.002599522105231289,0.0530586989501487,0.029682980655936886,0.018752024483015273,-0.023905847157214555,-0.05921509470937092,0.006263091867905635
2020-08-13,0.026548647359614375,0.02034294176131768,0.0028174927737802946,-0.017037171848210964,0.06846465452513639,0.0010868392454197462,0.015441180738420934,0.04159216118751341,0.007821265776782438,0.014522757745066839
2020-08-14,0.023706926008538964,-0.020804128104233044,0.0008645530879545227,0.0,-0.059361981551679155,0.016801884333798034,-0.0032698373945933,-0.013681689502172856,0.08721331210296124,-0.018404842169334135
2020-08-17,-0.02526313380191203,-0.00776301901441423,-0.01230843088848943,0.08515467994281245,0.022707179629269048,-0.00854175685551628,0.0019110300384839185,0.01325854381953806,-0.07273949748081443,0.0020832815931923765
2020-08-18,0.03887685181199152,0.02841259487262393,-0.018364698338047436,-0.021528069062198063,0.0729526746549447,0.039025624593098884,0.02193468460383996,0.03820439276287457,-0.04398832416084453,-0.004158000242086568
2020-08-19,-0.01871105065666223,-0.016549955857959375,0.03541206819895337,0.010291236639617729,-0.02526199005205665,-0.01628744528528281,0.004448292750027116,0.021189829907319657,0.03067479122377481,-0.0020876309236564916
2020-08-20,-0.023305013043820377,0.010314204538395044,-0.027102742054567752,0.03863711036408923,0.0013785287132479507,0.016456827372266725,0.003499550647792171,-0.012161851571360627,-0.03385423992150938,0.010460190732859864
2020-08-21,0.09110630458350144,-0.011820770461755448,0.023214619216880505,0.013527264070093858,-0.03221360624383607,-0.0019251425709860825,-0.00901155275355614,0.03556667227305965,-0.020407896364699973,-0.016563131463710468
2020-08-24,-0.03180920826549305,0.009855208999667298,0.03305983469641305,-0.01134463522773943,0.018776666252096508,-0.006478665474715206,0.006944695238569443,-0.007808382649897916,0.08451243217390147,0.008421044600637417
2020-08-25,0.02258729694031114,-0.005451592062266752,-0.023844339618163235,0.0334122273637556,0.09075676837097313,0.010154739337257856,-0.013236836852142053,0.00017750756980405846,0.01739748641472838,-0.0020876309236564916
2020-08-26,0.026104440550806185,0.11172764451163264,0.15684581441241496,0.004572069081192787,-0.005120347053449215,0.024096995914046015,0.017426181912925998,0.012837947018970786,0.004987467520653377,0.0627614436673285
2020-08-27,0.0273972334300725,-0.020148512193749135,-0.01833672257713903,-0.026983166031813277,0.005146699943339161,0.0009143011960714986,0.0052060947163656834,-0.03244738770328748,0.010634718132469967,-0.009842463513508926
2020-08-28,0.026666641235351562,0.07380260168181296,0.0030189135576710324,-0.008686813468404608,-0.07014853000851129,0.05014178345940645,0.016027737505618367,-0.06142656155824344,0.06769571021517784,0.039761391833571524
2020-08-31,0.2393320953260314,0.0036447185523740266,0.018058621357426086,-0.009100156320646424,-0.026431693076513496,-0.011353195057832943,-0.0029861275455055347,-0.04624687968709418,-0.007556092244951351,-0.001912089645385362
2020-09-01,0.14520962454426534,0.03337565533501308,0.0458242012249801,0.07278883581834905,0.04440044309175173,0.05200033137487714,0.03112996195712081,0.03463039215746799,0.007613621471105114,0.06896554559079537
2020-09-02,0.007843129677328253,-0.005299252109116637,-0.008303941617546773,-0.009194555159225404,0.08042245318603136,-0.018530724482694994,-0.01461099354487494,-0.021575450271801744,0.009198140271883481,-0.0107526780644992
2020-09-03,0.014267202719864258,-0.06404224404819969,-0.024051439945514952,-0.05215989297090229,-0.040852155533328105,-0.1097408048569728,-0.047102892564236276,-0.08164278320401741,0.026692794235149142,-0.06159423075411363
2020-09-04,-0.021739139713833122,-0.041881309107239195,0.002190821006857968,0.017555729467710668,-0.03318527417226702,-0.057981919245677305,-0.010342449288271216,-0.05353648571673353,0.02885223418802596,-0.013513455047096001
2020-09-08,0.006535910231946662,0.017009575126084586,-0.013297009708577279,-0.04047788285552223,0.00027022490630268514,-0.032085580587720375,-0.015123317585237106,-0.03395416772995952,0.034206692943012706,-0.03522510772460308
2020-09-09,-0.04545453419510814,-0.008916018960191896,0.04079763381516632,-0.011410745910004794,0.09105654956545339,-0.006298360112261703,0.029300455405927517,0.024714359260098906,-0.0011919112257723352,-0.0020283473413522657
2020-09-10,-0.1523809387879267,-0.010795323944920665,-0.0031572253290044205,-0.020287019567992837,0.053491822443701764,-0.0068386072982755675,0.20051079972349029,0.02438925265190206,-0.019093115297323493,-0.024390220263873164
2020-09-11,-0.022471888612677127,-0.02496234111010942,0.006620110764034015,-0.00035682193288544273,-0.025387912736515306,-0.024575998544422828,-0.010403101066104314,-0.04659683025900907,0.023114291940081966,-0.010416705989173769
2020-09-14,0.13464690874856,0.014601755536071126,0.01848571533561305,0.037500147767783876,0.17269657514521342,-0.015438424186722255,-0.00241188464619857,0.05715876604371428,0.0374551470777893,0.014736878244500318
2020-09-15,0.02604924879169057,0.06840809508142254,0.0024434016575145545,-0.0020656743450824244,-0.008432740773740233,0.0021567325734996867,-0.016529599677028384,0.013648233836726531,-0.008309304602662215,-0.0020747362086480647
2020-09-16,0.22425953714648816,0.008723007259876736,0.014275604990253488,0.029320442008951675,0.05849408314410187,0.02315034494143764,0.01950624866673145,-0.005104701122684352,-0.006067783393814197,-0.016632000968346272
2020-09-17,0.05990777486255228,-0.03129600066065463,0.004977583634755645,0.01608600340674693,0.04076037391359999,-0.05378061652360289,-0.005241914229722311,0.0014128676936546736,0.01220950817845634,0.0
2020-09-18,0.029347876452318955,-0.025505538318723597,-0.0020493234580540864,-0.005277290980571059,0.042929744927407976,-0.009973471992376082,-0.0029509276808031837,0.07704017332044821,0.012636375448770387,0.027484167847082297
2020-09-21,-0.0760295931073619,0.17666857286630355,-0.01882602440197123,-0.023540851587187772,-0.07040978072136417,0.05395071637270865,-0.017044585323611527,0.04236619221645532,-0.06097544598615445,-0.02057611149904548
2020-09-22,0.20685719081333698,0.026321288894879613,-0.02093146009151836,0.03735120839806649,0.0475819939479003,0.30609776053753257,-2.6910142194691566e-05,0.005919731847400467,-0.047719808184827794,0.03781508816878909
2020-09-23,-0.04924246563453705,-0.03374783793132419,0.0060574249092499866,-0.014729809615059208,-0.07081942514052464,-0.035974075934891325,-0.05188726808350741,-0.05736927190943186,-0.04408510926040077,-0.02834005361618719
2020-09-24,-0.08964139660854797,-0.04795725355161051,-0.029750339539920345,-0.015946783974040035,0.008978467129479029,-0.04719446965730878,-0.004139940565749511,-0.009974943697559246,-0.033510191810771195,-0.010416705989173769
2020-09-25,0.09628009643170343,0.02333532452808118,0.020076576901292498,0.023970017172967317,0.051809352337269576,-0.02442999247496691,0.009652574068992337,0.034805909225197995,0.051150142470485216,0.004210522300318598
2020-09-28,0.0069859971682917354,0.021158804831021616,0.03435352016590132,0.03956473564832175,0.069561963874192,0.07261634441802589,0.018246429080130744,0.02383059928072684,0.021880995127993907,-0.033542945084253706
2020-09-29,0.025768109509408665,0.00848141010251613,-0.011762858572412882,-0.037107386800032005,-0.020214408921067628,0.03673977586510224,0.039494848119558945,-0.020216754571040996,0.0761076933352487,0.00433839053086249
2020-09-30,-0.014492808374494848,0.004950273906113578,0.013128008971181382,0.04776030314974977,0.05561532796506308,-0.013139887474619139,0.019450036370330492,-0.012387137212792165,0.08982434791174998,-0.008639300402664807
2020-10-01,-0.04215679995512123,0.06112284480720698,0.04094673797572157,0.04432568794921421,0.0508157999781258,0.06742579245693459,-0.008729278084036562,0.09061542294859715,0.012047886723530521,-0.0021786990303688247
2020-10-02,-0.03889458512143196,-0.0016970966562123158,-0.00132779141680206,-0.0027092012230774953,0.03153803801543442,-0.06467866622095109,0.01439567462732283,-0.037872642719531724,0.026515205120735574,-0.030567656947101063
2020-10-05,0.007454706311485371,0.020800018310546786,0.032574478961224784,0.002414720829582606,-0.05064282853647206,0.010372653263210463,-0.013983482402063596,0.014278281629208633,0.03162895531831955,0.01351350045186761
2020-10-06,-0.034883712724666616,0.0032817307843224786,-0.03573176373764331,-0.02740136401920057,-0.06226260124304317,-0.04604236804531048,-0.04581393672589884,-0.04507294136658091,0.024016304659923104,0.011111153496636383
2020-10-07,0.025191625339909596,0.03768979715711107,0.013186533502144826,0.021362232326409103,-0.06076077883784892,0.010761658107515615,0.043483037064633745,0.04300784690527659,0.025948105389720588,0.0043956000193670075
2020-10-08,0.44123934465047276,0.05311688131749204,0.012026395247088706,-0.012428124997450829,-0.04125259117576796,-0.013643046581647167,-0.004341879283959904,-0.014295913851950726,0.018482701384080036,0.0065644927449282076
2020-10-09,-0.1089695580649106,0.000491425179374616,-0.010906563197026653,-0.009821775779704112,-0.04517898151837785,-0.002570107764308438,-0.01228460774872886,-0.025915100776152333,0.004775283381120765,0.028260895029584177
2020-10-12,-0.018302850137306925,-0.010136210329958484,-0.0004939558935794786,-0.006509751280086462,0.03646044224546752,-0.01850543748520561,-0.01615247977715417,-0.00742770582699348,0.27019970275947736,0.004228325760225138
2020-10-13,0.006779654441774419,0.07621348263562422,0.021570875185919602,-0.0034318727128125337,0.011462487125396326,0.03508346903276216,0.06947412915801587,0.04336882350938365,-0.12666045419598415,0.08210523504959899
2020-10-14,0.03114477121168746,-0.023158310666071213,0.00467445264332822,0.001252174686709795,-0.07073073290932896,-0.016739634371329193,-0.0038633996214524347,-0.041924710702821666,-0.012639121403155373,-0.01167314092180416
2020-10-15,0.12897958560865752,-0.02823429197550087,0.011551410613584556,0.05096933113976121,-0.053826772484676044,0.05238714220553087,0.0007962129796823536,0.014019310768796256,0.001735680820587726,0.015748016714081325
2020-10-16,-0.03759938589717726,-0.0183246958719272,-0.024900848637439243,-0.009223490761016251,-0.014666663275824665,-0.013592335176562553,-0.011163880846027374,-0.0030872933816590287,0.10223072622551754,-0.03488368869407976
2020-10-19,0.04507884364234216,-0.0008096794199353718,-0.005367460236698096,-0.005105086127519143,0.005412757727579542,-0.034607423906624524,-0.03080715155268976,0.00966078418098859,-0.04008639434509742,0.04216868219732306
2020-10-20,-0.003594550056315482,-0.016836254179526833,-0.01193796524662516,-0.0021128807258847804,-0.045984813090110044,-0.06411460301744554,-0.019843086542175148,-0.018036350864941042,-0.04769672629338273,-0.02119463050127901
2020-10-21,0.01731607003877933,0.020054967972611415,-0.0038066127466878097,-0.02661825154320563,-0.02421817091135836,-0.03875385787934449,-0.008250885482538717,-0.0823997379885607,-0.010533784365028942,0.003937004178520276
2020-10-22,0.05744676908001267,-0.0018852597685907746,-0.010965516506957429,0.053449313534144505,0.03614457831325302,0.05186494109970763,0.0433608546401516,-0.01627999435875882,0.030198226615180124,0.005882394190066309
2020-10-23,0.006036227599526933,0.0071955661950162675,0.0008402195929564371,0.025368875060161722,-0.006046472593795427,0.002176094317732691,0.04050271091890201,-7.518341309276089e-05,0.021509766950122522,-0.001949362311646996
2020-10-26,-0.10333334604899092,-0.024736597512250547,-0.018462873031145577,-0.01726146264891193,-0.071361790640604,-0.00621789632170866,-0.0732845497088912,0.020725894758495622,-0.0020642442018004026,-0.046874956344253316
2020-10-27,-0.05650559402672284,0.030445972031048818,-0.014021732527617625,-0.016393461994586023,-0.02494325769775463,0.03446222203363636,-0.0033680474951102157,0.010981762777099835,-0.03144419115422348,-0.0061475838329537735
2020-10-28,-0.06855791287053803,-0.0340783453065141,-0.02792246685303046,-0.039583110580375114,-0.01421186631053628,-0.02553770529267252,-0.028491345666972645,0.030618918162186315,-0.030756092409608193,-0.057731904840605086
2020-10-29,-0.0076142263038552205,0.0024378969373348713,0.0023196738282824647,0.018592799046130537,-0.020445676613276897,-0.05817733006133774,-0.00460974223607713,-0.09542334533284169,0.007492492556167019,0.008752726553724832
2020-10-30,-0.10741682219770154,-0.07126141100918204,0.00836585565544512,-0.026163419237817842,-0.05271601451197849,-0.03054551229855318,-0.047560843754630544,-0.030223631113396987,-0.02165357645030286,-0.026030446620564085
2020-11-02,0.026743049267433205,0.02213444229953576,-0.0065316147828530235,0.03155252043281176,0.009039539012174469,-0.0018343888323939517,0.017599838030984083,0.030681774978046583,-0.012296115507720251,-0.0022271163818317063
2020-11-03,0.0762790413789971,-0.016386307567851754,0.02558673991531757,0.02150212256821904,0.04899215957993053,0.032376679561708865,0.054553938630979015,0.07224998437651364,0.06880964805136669,0.04241072687757552
2020-11-04,-0.05704406783237492,0.05990459901494627,-0.017152024319249004,-0.0008893329037855668,0.05310909524790741,0.05340316426136038,0.04792355929270209,-0.01444672455109286,-0.04447266393846483,0.002141274492786227
2020-11-05,0.049495872539458974,0.04349038019911711,0.0015865804258623495,0.010089062759647938,0.09047135777124238,0.016451260466361806,0.03305212767774579,0.10020361997339666,0.01307610983599794,0.038461605080801986
2020-11-06,0.03580784753204491,0.12574426090265112,-0.004751804319244379,-0.021151664216994548,-0.016500095389597402,0.026844642347186864,-0.0015920170329210004,0.01315525081101776,-0.0017500021860183956,-0.006172882507033073
2020-11-09,-0.031197293108753965,-0.12413165800630821,-0.06967269807276244,-0.024009514642427954,-0.019376174403056612,-0.07547614687965032,-0.04444215434852328,-0.21851028454426014,0.13982007105713867,0.020703914329637918
2020-11-10,-0.033942506302633624,-0.022216249169537128,0.01881739550326711,0.04704779138991366,-0.02746986481080571,-0.00855010859557448,0.02207025219589953,0.031360238071602486,-0.046529409303529,0.018255609679852736
2020-11-11,0.058558522179456673,0.06659598687791934,0.0011196267495379164,0.0026431621969322805,0.0317145381551005,0.07667929710801213,0.07931741689516936,0.037204888671699576,-0.07199043476218847,0.033864557159334785
2020-11-12,-0.052765947707155925,-0.0022901041181787596,-0.040999048771731106,-0.03163433169352858,-0.009365979715777573,0.03613995346345522,-0.03930607018819843,-0.004766871299142106,-0.022164452126473222,-0.038535700172883325
2020-11-13,-0.010781660765967538,-0.012126409125086557,-0.01088198659696149,0.03871741979050802,0.03854545824455502,-0.01704391884540124,0.036393616691468234,-0.05867325513756938,0.05822241477602619,0.024048169919925755
2020-11-16,0.09536786275266951,0.02016655292257652,0.038899586310843226,0.012230824875981483,-0.0025677079822540305,-0.005069184762066192,-0.0007105911509639462,-0.0018232389859996756,0.05627911121611451,0.015655561960041364
2020-11-17,-0.03565508210732282,0.01903742154133181,0.008888188171970457,0.019850403340872402,0.09080274068994698,0.05514027790745124,0.029941860269323106,0.015504837686181494,-0.0013920484115000908,0.019267804148372925
2020-11-18,-0.005159107396929152,-0.021675870972923006,0.0176192608733432,-0.051904192967714646,0.022956440266310274,0.011688201914010765,-0.012404741559709831,-0.018405395889816045,-0.060322193177784866,0.028355405755974283
2020-11-19,0.07692310862556817,0.10207333124305218,0.03094487524480649,0.1767330906072233,0.034395960133213554,0.012579244561274017,0.04337132009877398,0.05919201897588344,0.006355526431998104,-0.014705868173635728
2020-11-20,0.02006420539603626,0.02921741515622034,0.04538160286591286,0.010619497327145622,-0.02210057095159057,0.03215856906173076,0.014187380807237027,0.016053068539066295,-0.02336817481596265,0.07462688160516184
2020-11-23,0.0936270320072159,0.05107536359220899,0.005127350180150092,0.0002501866974466971,-0.004146812457758942,0.024669189392308777,0.004009794938039768,0.015245194680679974,0.0366458704362187,-0.017361176648623022
2020-11-24,-0.01654673011139607,-0.012907574589486215,0.0030607013908434677,-0.0072536667819014244,-0.002914832254977795,-0.013995274211562214,-0.004719947823444537,-0.0571785876333768,-0.013932139984458858,0.007067131259962167
2020-11-25,0.07900511468020799,0.01849744555997823,0.018138605618509773,-0.01864449310960259,0.0488619791691558,0.006083097936289361,0.024737815669238383,0.0365283663058813,0.006959134065074091,0.03684211318842956
2020-11-27,0.09016948635295297,-0.009782065901550507,-0.009490564750155528,-0.0028241229680456836,0.05016923115129046,0.04610344194900029,0.029969965190474568,0.04038950836444255,0.040418785601121554,0.04060918005952474
2020-11-30,0.02985071794239791,0.06620909140986808,-0.04504946295563106,-0.0007725352695261423,-0.0073933533582641875,0.0042947881854624725,-0.02108357703819308,-0.024244254423047118,-0.05877643769648344,-0.045528488693725944
2020-12-01,-0.045893677519165954,-0.026773906301879258,0.005808765310610031,0.0023189815895994226,-0.0301757412650282,0.003676949827758458,0.0016329557515997184,-0.024139013111004637,0.044696483950746435,0.1925042821927232
2020-12-02,0.049367071111086736,-0.015330247502041483,0.0017500949146447287,-0.005912436774020202,0.006301687721872895,-0.10225782282157403,0.0011676554008013262,-0.022278618774076553,0.017400528113972857,0.06428568703787674
2020-12-03,-0.027744215113954862,0.027618881392347028,-0.004193157959816118,-0.00827504800684431,-0.020352194361742848,0.010955854502759932,0.008186082082300317,-0.012031802462280305,0.03420526055453843,0.0013423126359546345
2020-12-04,0.048387018529086445,0.025181593308891914,-0.014911952059765698,-0.002607762378766587,-0.016180610289059705,0.06655845079639677,0.02149952250297571,-0.0017516710241538558,0.0608948235564728,0.14209120833731226
2020-12-07,-0.03254433428847481,0.012146588987806517,-0.011219977396050407,0.05202609416570647,-0.026802024260390245,0.06495538574319482,0.0017307640140891145,-0.011071690360130337,-0.07610511664852482,-0.031690192870546086
2020-12-08,0.03608563540197629,0.020501345660543624,0.010806961939126225,0.017892780145678078,0.060922139585924295,0.009502483207552093,0.006911094582555455,0.03210817998099702,0.04128603234082173,0.03272732821377833
2020-12-09,-0.1936245916906033,0.00032667854153634046,-0.02975772178901681,0.015136859163645378,-0.03756145338694861,-0.022346427020270343,-0.008939733777842851,-0.015145300458544453,-0.020015061124915134,-0.024647890477002776
2020-12-10,0.03367496656554647,0.05146451583006506,0.008367707602263463,-0.013468220048840296,0.023906865886262008,0.019452119874364238,-0.03202013744032639,0.015211921489917346,0.018478662640133425,0.007220151975052547
2020-12-11,-0.05736540173564675,0.027578512227503627,-0.019051048443981866,-0.03608002525472531,-0.00039913106206468374,-0.008484687828835824,-0.05293143623194274,-0.002701991395082315,-0.016042479378626795,-0.025089610635394388
2020-12-14,-0.04432758331985698,-0.01979625801562601,-0.012885090254716514,-0.03388960967233845,0.00978242517416894,-0.028227371080411845,-0.005129668396717135,0.04055824867190294,-0.03416168223851501,0.011029430670447038
2020-12-15,0.08883648511941966,-0.012888482305695614,0.003972741990903028,0.0293194031520434,-0.0015816889711057769,0.02020161640898932,0.025827364114594742,0.07397039440912367,0.03416432859690133,0.006060629179983401
2020-12-16,0.0,0.017742214080981977,-0.017335648755967714,-0.01576813449419212,0.06534651954575343,0.019215770116963293,0.004158046049538955,0.003159039477119485,-0.002331931943142962,-0.007228966052757024
2020-12-17,0.07075808774326786,0.011233207230479714,0.011505104104453823,0.012661382508680097,0.026022333563798794,0.04226696448279532,0.009373920954110382,0.043831708891646004,0.012855171570646196,0.0024272400872844546
2020-12-18,0.05394471981460014,0.034083950753589054,-0.005307923003296855,-0.014289239840868606,-0.023550710490811255,-0.021140441493119,0.033022255461094385,-0.029221871337992256,0.0048077821828422795,-0.1585956880529088
2020-12-21,-0.0063979770145576875,0.03900680601752815,0.016580873982004807,0.0007766652936220808,-0.010389635573983091,0.04642428018079703,0.002269257474422526,0.022657423353991124,-0.006315925864225469,0.023021630020186423
2020-12-22,0.2530585588586858,0.0020056255793168276,0.03805778860542275,-0.01707184477913648,-0.01762277135395507,0.04637472320853009,0.01145148350726588,0.0065017538441365375,0.023690470646489104,0.01125174714539856
2020-12-23,0.05704011626790084,0.016492363464355675,0.0077658917417897655,0.0313155280834998,0.028435072908035375,-0.07381999162001884,0.005639370494068929,-0.09549214309491572,0.0410160299072182,-0.01390819246686159
2020-12-24,-0.0204180886011206,-0.009901285079852995,-0.0037635868428722574,-0.005868548469497026,-0.033030224521375495,0.01744446931061927,0.018214528630094984,-0.018708302476988625,0.03397770617418927,-0.004231341207714845
2020-12-28,0.04168735327495554,-0.04644384163651294,0.029861564447524414,-0.003593346186299473,-0.06044907866021332,-0.08452551588186563,-0.043407874050904405,-0.05774861830769762,0.08390169675402559,-0.025495726600212487
2020-12-29,-0.0767032219107926,-0.0024676018003407796,-0.02026200099714337,-0.031684920019446006,-0.01736108026992722,-0.0038967582050916105,-0.009998501850958408,-0.020401312171302255,-0.008224425255480505,-0.01598839123323814
2020-12-30,-0.006191895618225529,-0.0024443180255647734,0.0048137421368223965,0.011705125591187526,0.017459990478718712,-0.0006786235264226725,-0.0023083948608375593,-0.011527264459935571,0.04091280360994154,-0.014771034699306296
2020-12-31,-0.021806857284670356,-0.019838228182192275,-0.0026616221792876704,-0.022087674928366496,-0.048825318741525514,-0.04314132406290094,-0.004360643242744433,-0.02106906250890961,-0.012684002361470714,-0.005996995711468167
2021-01-04,-0.084394911874217,-0.042527545281636825,-0.003380039419687786,0.06480241183410307,-0.03651204280063991,-0.013651150448749316,-0.0117536185582231,0.04716358562693812,-0.08009521327583291,-0.007541506767994921
2021-01-05,0.006956570390342032,0.05435671315213564,0.0506961337156111,0.020959652109053595,0.060633107081935256,0.08172851778745627,0.013770171852340862,0.023132816571950432,0.005862018716941808,0.028875388970133198
2021-01-06,0.056994802722292626,0.023181632857083745,0.05385667600444677,0.07717031977031708,0.029739324219751007,-0.018585193324085925,0.04387193630508124,-0.00020662090059975213,-0.006513485802074115,-0.008862620819583777
2021-01-07,-0.015250581554318687,0.10596295391280819,0.009995138016658078,0.06016056981416762,0.015817972094587684,0.07706416897756752,0.0461305005014645,0.033859774582748914,-0.014147736561730961,0.052160939291026276
2021-01-08,-0.021570762792818332,0.05230824933670997,0.02617719848351685,0.012562341047305026,0.044806098487557344,0.03064847098293466,-0.010538945893487361,0.03323068466911239,0.014175889401270902,0.07082153031904248
2021-01-11,0.12719049926924497,0.010021797286762224,0.005599474991192066,0.0034225624100439056,0.030769201425405734,-0.015479089138956459,0.008256785837979397,0.00309616757431197,-0.0037964280754240187,0.011904782178450812
2021-01-12,0.0005015159786356804,0.03016397567738527,0.038670264970421364,0.008100358069282665,-0.003917893478561307,0.05220150112295818,0.041682843367261135,0.07897986649883837,-0.037762009749188086,-0.0026143765591094548
2021-01-13,0.5739347577801177,-0.016109230426338494,-0.019955738274763157,-0.023895258562754096,0.02322535479757315,0.003432288561138641,-0.011241919868220429,0.10531025513961745,0.09108903082654263,-0.024901710926695242
2021-01-14,0.2710191188620199,0.0241311434270135,0.019298096302330814,-0.025562938601119356,0.005308385413877126,0.025567486122083594,0.024806716645477067,0.067195045627777,0.11483260777386417,0.2244623100286225
2021-01-15,-0.110498618498443,-0.024279510274759608,-0.011180750130412864,0.004891164207643239,-0.02221408315151241,-0.03119632710575415,-0.015924165207487184,-0.09055080958962658,-0.03670287180763354,0.08013178083663108
2021-01-19,0.108732411559199,0.06328686658832594,-0.007387389886563622,0.011725499964754249,-0.044878953690357215,-0.0437110954138602,-0.012555178376500442,-0.0004999796549479685,0.06252899745106033,0.255081320117837
2021-01-20,-0.006097603525028306,-0.01299123429800575,0.020048789192869343,-0.0037172231693258784,0.036849275802532944,-0.01861815019087354,0.0025749188009094315,-0.019209636979752198,0.0023133848992613615,0.03562749528684139
2021-01-21,0.09994887408407527,-0.011341856129667427,0.009231527739455903,0.007462539342506069,0.007145563481282036,0.009893222262153056,-0.002150168381958917,-0.0019382071179457894,0.11006919378819546,0.0046911977948127515
2021-01-22,0.5108065066343643,-0.001864810965926944,0.005016178197681187,-0.013507691845878855,-0.019230817169242576,0.0033755628008289573,0.0016360271082793698,0.021872491373782887,0.037037202883091425,0.09260696848689065
2021-01-25,0.18120286713129974,0.008963009318235793,0.007046550279602881,-0.029814377773591194,-0.023605518610029685,-0.002413426863882795,-0.012609032928553865,-0.018670420943967314,0.09248108288493784,0.2841880865835751
2021-01-26,0.9270737591255416,-0.05447220127981556,-0.0007289940555876839,-0.02117002410494684,0.054006636933498164,-0.042080594970279495,-0.010268507157338291,-0.0475640421763428,0.19821071565050152,0.049362138422304414
2021-01-27,1.3483580199952216,-0.0028259398812779946,0.026987809068092394,-0.12697682269092903,0.0038845556629305555,-0.08426126786684218,-0.07158580244651946,-0.014660717005249513,-0.08960384580876357,0.3266384926139134
2021-01-28,-0.442893727768914,0.004350420020671875,-0.03252849388430479,0.10362298955778648,0.035010092042662366,0.06978396612473547,0.04669796368804935,0.006914540731071783,-0.11503671273218752,-0.41633468542312246
2021-01-29,0.6787189553404578,-0.03707831643829407,-0.016150152886761027,-0.016171987979823665,-0.03667433907328588,0.02023357104972412,-0.0029156049259307926,-0.020924739403552217,0.043369664712161304,-0.03754261101583045
2021-02-01,-0.3076923076923077,0.0698404069428804,0.024772077411770788,0.02698733890061411,0.00979483964735861,0.011677334937553852,0.01825989452380994,0.03198439784377727,-0.0056940081907075335,0.03758863252711109
2021-02-02,-0.6,0.006126832576113239,0.020241693343499012,0.05375064704900656,0.08546855848844159,0.06210266276669785,-0.007974580202046222,0.013414898872175618,-0.06998035425928517,-0.21052630892776691
2021-02-03,0.026777818467881964,0.015092554804104541,0.03211560282038772,-0.0034007591813726146,0.01348843733834082,0.011259575226365559,-0.01157898630388765,0.0005969572858899319,0.023645235028968425,0.0389610218038019
2021-02-04,-0.42105834996372304,0.017902898864746497,0.024062956372566946,0.09349379762490462,0.05074029622510601,0.00253685898577527,0.027685337287977285,0.03267009691796763,-0.035731548562138005,0.012499968210856194
2021-02-05,0.1919626253787603,0.016663636162300932,0.0214720589291455,0.02746008285116952,0.011241277488726054,0.012722786009460307,-0.0017016915557357404,-0.016922696095506673,0.00973160817195673,0.08888888540036821
2021-02-08,-0.05911871461033824,-0.011957556640217915,0.02511899181801458,0.02814346559409464,-0.02974789013552237,3.468508294535155e-05,0.026862212816192166,0.0006222716935895267,0.00037090047921450875,0.040060521918651615
2021-02-09,-0.1614999771118164,0.07516734358679389,-0.0037402492889868633,-0.03564403406522487,0.0025818919519184913,0.016483911081387026,-0.0031199326575981345,-0.009327111042422787,-0.0377963595673565,-0.023982552195994433
2021-02-10,0.017690307401202476,0.005114518961846004,0.0058255362451602455,-0.011639517427788015,0.009335232679644534,0.017138332426033243,-0.0008627208001366071,0.0008368443942972092,0.039281039874637935,-0.024571847818862347
2021-02-11,-0.001953169674379085,-0.00851625535823275,-0.01943382789111836,-0.003099383892922747,-0.05613140662021221,-0.01204978555851588,0.01618408444720565,0.015991904792638012,-0.008769839132164114,-0.04885498661725618
2021-02-12,0.025440373592499732,0.006399130259840735,-0.015881342903340756,-0.021347183225927213,0.031762140762525704,0.005809591862774077,-0.028019271759438413,0.004663817898763023,0.0057320381794017106,0.0465489503956944
2021-02-16,-0.05515273130132281,0.002197705741324718,-0.01333677459762761,0.04214323392649777,-0.00933354671152109,0.0006755770333701783,-0.009331157541865198,-0.05263342104476432,-0.014496252098634477,-0.06365030108390501
2021-02-17,-0.07210664140280387,-0.027102428476661555,-0.016491104826312664,-0.012802447094316105,-0.027107427928073302,-0.0021603097392537407,-0.007428526267311497,-0.015456595986391264,-0.025396241898322236,-0.07289110078150529
2021-02-18,-0.11427949840964324,-0.008709567314476474,0.005772318272638355,0.00473455262881517,-0.00985392159429721,-0.0007103923365894271,0.008166412758365382,-0.004977002929580143,0.007482131427352323,-0.033568915608245375
2021-02-19,-0.002457568874319249,0.031612193719357196,0.01995092591911174,0.031141156548660565,0.04512699250518004,0.04515909249981975,0.03601016534964541,0.07660911201702336,0.002176646371259139,-0.003656303783114545
2021-02-22,0.13328405585303216,-0.06426140877829511,-0.0030815429168135067,0.008345000100520306,-0.00886555437333969,-0.08680443925285608,-0.009263703642670373,-0.08803340472136822,0.032962980339338754,-0.02018342394989514
2021-02-23,-0.022391277810801635,-0.048961772141138726,-0.015320419523994766,0.00650233286688362,-0.0016564266339299527,-0.005923239534951663,0.00469512937564498,-0.015208262243583959,-0.003958034243297659,-0.026217292007923665
2021-02-24,1.0393594973320024,-0.005001530758860118,0.024703148643245187,0.011158926350833154,0.00016589217616158614,0.016662470005212926,0.012687185445068527,-0.018143739537514136,-0.013535303894116169,0.08846154904224512
2021-02-25,0.18558504462293235,-0.07600476463321126,-0.0271709788562835,0.013746529501477811,-0.04097540570711122,-0.07468239973835034,-0.0710260450225515,-0.00030998755793643085,0.07980846894436389,-0.06537100627807524
2021-02-26,-0.06428773362783413,0.034367355689424395,-0.02286410472948064,0.04392691018699235,0.06434868219402157,0.07524847220762343,0.036547748870540575,0.11986058770200092,-0.07087873917860266,-0.050094493080633073
2021-03-01,0.18340872866043534,0.06278442875112589,0.03685018732715162,0.03823621969092161,0.11685360936209688,0.10024687886116146,0.031792312933349276,0.1614990004009802,0.11894562946430898,0.0855721035179764
2021-03-02,-0.01843854811103096,-0.0728985375290484,-0.014189313926721625,-0.016388077225467312,-0.0020372437014197775,0.009361369010635112,-0.036801319139164956,-0.046417359915312706,-0.03352705857261229,-0.03758018818940334
2021-03-03,0.05077001171523299,-0.05176177979493146,-0.007539290296912693,-0.01683939984520877,-0.041265700721710874,-0.08483672946284848,-0.056079917055108175,-0.07663947954501382,0.025988517421473123,-0.03333336966378353
2021-03-04,0.06579163938043031,-0.025845704446464834,-0.03508289402463305,-0.0145773998618971,-0.058403044145823424,-0.06295766471097175,-0.028434201022077832,-0.028896285775209307,-0.06230917444460271,-0.0305418204525284
2021-03-05,0.040725342962453226,-0.017808038462914566,0.02619540888621441,0.029585789394433792,-0.038604416015813325,-0.03129750003744192,0.004676339409171781,0.030174228787837487,0.023999040684248518,-0.039634180617383885
2021-03-08,0.4120806754988324,-0.07453189304363417,0.06960488955653088,-0.007902269824352492,0.01646504594588749,-0.07780836199631458,-0.016836661492955374,0.036866650076015306,0.0021199317410733887,0.031746052570364336
2021-03-09,0.2694087089793542,0.10367059707525961,-0.06338018112084698,-0.013215012622239897,0.028099186164288525,0.07972968933442637,0.03785172449620866,0.03927455845774741,-0.005288386445125526,0.07179485223232174
2021-03-10,0.07330905852960146,-0.012655359840552438,-0.004037886319171458,0.004402845340776285,0.11398713931869131,0.00011520848707902154,0.005892969007843973,-0.02696169545928906,0.010987763484279212,-0.010526283127748837
2021-03-11,-0.018867924528301883,0.019072159168672886,0.03033678164979725,0.02009124914918403,0.03348246015543532,0.06369746177265445,0.02918396152826408,0.03219244590294079,0.026411299415268097,0.0348162138650594
2021-03-12,0.017307692307692246,-0.00930259513645515,0.026323138486548325,0.08880937090680052,0.001955025673162858,0.03483252007332238,-0.00491233145105574,-0.011656553587873208,0.04383443381321639,0.10747669090692913
2021-03-15,-0.1677126677139945,0.00822319714113462,0.035166636011415564,-0.0011512106873985406,-0.05574912891986061,-0.007778488096419012,-0.014152826996318701,0.02456835759737719,0.024869003689244495,-0.014345997537669297
2021-03-16,-0.05437449465744837,-0.025735772373789323,-0.021966891124230115,-0.007737871131119789,-0.009003699045779467,-0.002847478619939392,0.02177044322271815,-0.030429236146985006,-0.013090749143866098,-0.01883563880827288
2021-03-17,0.007878173627678287,0.04279089727189689,0.02716105382525913,0.014103329220472638,0.05227885266814036,0.009272007417713501,0.0033442628506770156,0.02384056375290533,0.03450913561115887,0.012216434804252607
2021-03-18,-0.038415698262151854,-0.07257730972366983,-0.008646538423487282,-0.015706746808928584,-0.043029028306726946,-0.08198267782604629,0.01855230515096018,0.01324382800822188,-0.004065813678428398,-0.07241380387622554
2021-03-19,-0.007335790471073467,0.016259679368654245,0.038134459242704644,0.006316196672842889,0.06463544900357476,0.024390272224465104,0.06118790682880726,0.028964075647110343,0.024910977389282163,0.017657953191609232
2021-03-22,-0.028861030888247097,0.025351780699887083,-0.01849089176391927,-0.008754422417750818,-0.0036121439858952664,0.01745781509190092,0.02530980423909135,0.030146756651787676,-0.07516307308833314,-0.02191778769850683
2021-03-23,-0.06550467958936768,-0.03951508980811236,-0.047667122482212165,-0.042159574719017656,-0.027467947395048986,0.0009126613007168771,-0.03813410163174902,-0.027614578722356953,-0.014576279809608073,-0.05975726807126003
2021-03-24,-0.3378817257887724,-0.06951256050192067,-0.019118529903373593,-0.003305391549523695,-0.04473122217321912,-0.07776197190506129,-0.045998062238815196,-0.0275354990672938,-0.031936221548614974,-0.04865936305539453
2021-03-25,0.5269237626039707,-0.002606428192893695,0.03627504617173671,0.037353763996752054,-0.011556306090450996,0.013881741517560053,0.09063930462370484,0.007224243669807118,0.04190303994044986,0.03131526024259168
2021-03-26,-0.014965986394557818,-0.03400285863295238,0.021029301707730763,0.03651358758848833,-0.03431524620841342,0.010298016159489887,0.0928025515989197,0.044493021367219665,0.04755019335340305,-0.025303643431601963
2021-03-29,0.001657475424076349,-0.019653212422112154,-0.03658718481596168,-0.0298701897823076,-0.08490562642668786,-0.03972970439262402,-0.02123900587581351,-0.03212284177903424,-0.04804299370572218,-0.0446521599237536
2021-03-30,0.07258689156421272,0.03713548519843224,0.028947177667676183,0.052041392540156384,0.04810995189614364,0.023280144194972152,0.06025795037073012,-0.046957746954389146,0.03961611204533888,0.015217428937526867
2021-03-31,-0.02386094430448027,0.044268489347559115,-0.017292269434678098,-0.016064836680267036,0.005409866082863646,0.031041217465467286,-0.005666707356770884,-0.007160397111659611,0.0366034192632918,-0.09743038892349165
2021-04-01,0.008587027505690514,0.018816972371740626,0.04097180367521469,-0.000969841471333166,0.025273099474712568,0.011128041899448826,-0.0016258309467284127,0.07386814932486097,-0.04214541176666953,0.020166081867110996
2021-04-05,-0.02350483192337971,-0.010876726176404894,0.016147127489767765,-0.0006475079782388704,-0.003975826904474511,0.007575765744918028,-0.004533035919777828,-0.042218902407313186,0.028864589767175097,0.08139532304828889
2021-04-06,-0.013105092207733371,0.09467234994455453,0.01824943171217952,0.00453383684897557,0.01868111366743941,0.03841695413409063,0.024522250867640594,0.047632231757492205,-0.001576139019138001,-0.03333337776977008
2021-04-07,-0.035392947313262146,0.007095801945611324,-0.008168877200943947,0.03626678927655114,-0.026802493807544403,-0.0371037708268418,-0.03277523845579755,-0.039009231038901526,0.015049813330597184,-0.008898768158267067
2021-04-08,-0.04332194561433922,0.029730268702577112,0.006761178783547983,0.014154728393382277,-0.0157835326111766,0.013842156586974852,0.022823155422853514,0.019329858656764065,-0.0025919676719390328,0.05948369719951563
2021-04-09,-0.06989307107023657,0.0026296313340885558,0.003174506552410694,0.024233121364546806,0.019636732956212377,0.001106966010132826,0.02028387945431631,-0.014237586445572936,0.04126795394912808,-0.03283892793666798
2021-04-12,-0.10905534355834068,-0.006797646309554595,0.016309805729283644,-0.0025457435139433215,-0.06868885411112746,-0.007445619998350694,-0.020059997931517692,-0.022962500344789305,0.008485572887533044,-0.010952944163884037
2021-04-13,-0.0007087025821951309,0.045403121160839,-0.015808386642131023,-0.0127608003210683,0.020851334217184325,0.027592099094299716,-0.0075224821194394,-0.005250469323286544,-0.03296368656083737,0.0077520100297392425
2021-04-14,0.1811475444432913,-0.03430676989642334,-0.006692781426289485,0.015815354290011907,-0.006076985147730363,-0.023923918907731823,0.01061467580512021,0.015614694421052455,-0.009315202949668366,-0.010989052448102776
2021-04-15,-0.06058966199395077,0.03731386016569882,0.0019601473552732784,-0.0002996417271127205,-0.02377719939677514,0.04294863986040043,0.020044165849296247,-0.0066201032722515984,-0.009712836508371292,-0.025555504692925335
2021-04-16,-0.011186397166258355,-0.031185737901253785,0.03129936456158511,0.0008984692656295312,0.00869867787024936,-0.02343000577777188,0.03212688084587234,0.0016193931837231723,0.03171958031968369,-0.007981829514793981
2021-04-19,0.06257671810075682,-0.040821192939717754,-0.0007109419387530957,-0.014063382977486438,-0.022421511682033435,0.005125552958789248,0.01093775010465925,-0.019618293087907412,-0.04379037704876476,-0.00919539373102718
2021-04-20,-0.03552957663426959,-0.017444241726263243,-0.016965357413450732,-0.027010684021402387,-0.017113641769238797,-0.05016271788009341,-0.00848092170850101,-0.004217761167350398,-0.00909587408664958,-0.04756378803426364
2021-04-21,-0.00012618603806835438,0.004987992062075675,0.020516532481194227,0.018559051297935003,0.05510679851509592,0.021132402804600492,0.03301886792452824,0.014331210191082855,0.04739024815230897,0.054811182359836286
2021-04-22,-0.04630620523789164,-0.01839492358368211,-0.00023635683775469207,0.011636929769015092,-0.02739027975139441,-0.011820468841613918,-0.004018287136130172,-0.0336892024688481,0.01671249851266854,-0.002309411598353739
2021-04-23,6.611435441561397e-05,0.019453801080067334,0.016560092476791466,0.019827459661869495,0.016617120751553527,0.04905479685128045,0.051393736835458226,0.001332175575088801,0.010825039475679032,0.02430555900489839
2021-04-26,0.11740971596728689,0.03295320404217028,-0.02408669459344992,-0.013802420959141859,0.019098427920696492,0.05891869162514052,0.0007413040492803002,0.001946933992392097,-0.0602877437585968,0.027118617036523407
2021-04-27,0.05232943811017554,-0.02164775216511461,-0.0011925721133283496,0.01715560990493059,-0.001688307865843952,0.001256858492596491,0.03469864146468771,0.0047930921438534835,0.030495235809711252,0.022002178867752464
2021-04-28,0.004556435501640088,-0.008068775021093266,-0.012653585006438761,-0.002219175446805277,0.009470616412617039,-0.004308552791775111,0.0106963811402494,0.002514016485354098,0.006962709024681324,0.0010764509066629735
2021-04-29,-0.013383354043805529,-0.002907077921767698,0.005077863343817546,-0.011714152119178367,-0.03735968493117858,-0.0161845502880974,-0.020221937696856873,-0.013631753586261786,0.01789721469511707,-0.02580642647268594
2021-04-30,-0.014756831077179178,-0.03849175922752457,-0.00661587015668319,-0.011252771403764461,-0.013922715798941443,-0.01205241648133093,-0.024707622615599334,-0.0366035883819138,-0.01188805043611707,-0.0253863670262805
2021-05-03,-0.06561437657661995,-0.02233432555280579,0.04117219639575853,0.026251961530401324,0.007412671810336446,0.016616453279551857,0.016031464126921025,-0.052068932121234424,0.09685544702896198,-0.02491509274401804
2021-05-04,-0.009062893023186636,-0.046881993782354026,0.016864347232246946,-0.026319818821105234,-0.016643320470648648,-0.0026551608381599756,-0.01695154251178821,-0.02177174053457287,-0.05576518214442283,-0.029036005803568132
2021-05-05,-0.007777017565028355,-0.04824926651913497,-0.007549154989034523,-0.0024297556799257602,0.0008907756299501024,-0.02976869795809567,-0.008789346558801148,-0.011346999065699803,0.0211826858905797,-0.01674633916242063
2021-05-06,0.009593672060982383,-0.06571989305152992,0.011064104424107546,0.003805904132869964,-0.07636171043473827,-0.06118597906416079,0.005593396131315709,0.05594716608412176,0.00841235081695757,-0.008515893701283028
2021-05-07,0.0006211173649308677,0.11549021102855339,0.021999203610029605,0.020472915633986677,-0.06687225402811159,-0.05936607389595139,0.023402528552339374,0.06766150009151106,0.0070152594190684425,0.040490790080008
2021-05-10,-0.11104214090915332,-0.04917979917315651,-0.007360995810101634,0.022291653519324495,-0.06361003991802738,-0.022719007393640966,-0.02951498208474501,0.05109828920143822,-0.01619165339775197,-0.04127351965671322
2021-05-11,0.025834359144715213,0.04216844597277025,-0.015505563091824826,-0.01773499246433974,-0.029333961768387318,-0.01234617975433494,-0.03951140653419161,0.01507317423198784,-0.0009566967976472052,0.020910218192000007
2021-05-12,-0.014497719230592288,-0.019387483867808752,-0.0481625418744307,-0.04099452676694049,-0.043171956001916256,-0.052886879213616456,-0.043493539061127295,-0.08053629442037857,-0.06934207764261358,-0.04216871968996161
2021-05-13,0.13612823833009258,0.005096929943319228,0.019664007368659808,0.014660354757511929,-0.026596982086232623,-0.011786007163292367,0.007423904539028969,-0.014748618211241626,0.05094183074568548,-0.0012578304760489933
2021-05-14,-0.027841956419785374,0.020510355227165267,0.03433696573290024,0.05292772540508062,0.09514509762097467,0.06101760763927788,0.032033641115039924,0.016019274434656783,0.2274773194557651,0.06297223168256183
2021-05-17,0.12931470842516646,-0.011141064710399329,0.0062529881758890404,0.018056001171112612,-0.030741837533494354,-0.04618364459606372,-0.025407050536361164,0.005433349609375027,0.12788186530983703,0.005924193509567965
2021-05-18,0.0003875529516292886,0.0419294127024159,-0.01785120526549233,-0.014046712411041162,0.017467298679585186,0.003486955885575682,-0.00819504265117188,0.009249771242107796,0.003961324547692158,0.032980058208957
2021-05-19,-0.06553382663356755,-0.014407281844970532,-0.011273443388018722,-0.03137122626786326,-0.01874862937592603,0.003518800156514068,-0.018802135977840306,-0.006405663625969726,-0.08376798544338393,-0.026225824846683565
2021-05-20,0.00983239734706931,0.047188676041789,-0.027341453777780078,-0.03907311282113646,0.025322337099293213,0.05943453697911272,-0.010433049441437858,0.024531402776436728,-0.004536861089463384,0.02810301782086766
2021-05-21,0.03695224112841822,-0.01586408987307475,-0.003708218420028331,0.0017005906925258163,0.002020658974807521,0.019486189260027542,-0.006476703901434289,0.002452416057707074,0.035686694770674654,-0.029612674614459822
2021-05-24,0.018213707466415263,0.05011343605046692,0.022811937239899382,0.021917048526062244,0.07237283138995743,0.02994882543874544,0.01515025297764594,0.009689392643696726,-0.02192713873020924,0.011737021411106552
2021-05-25,0.1634353595173743,-0.004377596360601754,-0.011973549706308817,0.005437224797802953,0.011700742821817434,0.023640677750581984,0.037212880937633974,-0.006057494976411282,-0.013954551906706136,-0.003480247490658228
2021-05-26,0.15819130994337138,0.009516858290920416,0.16906300058519141,0.02523649920380011,0.02147874751871348,-0.0025788851657169154,0.0009404006049176239,0.04205152983353555,0.023045334175282983,0.09895220171088503
2021-05-27,0.047699568934172154,0.00011464095258140183,0.0036584880864198865,0.01743599190467293,0.019005306486173268,0.030641015024795992,0.008471710595860271,-0.014652044932336628,0.006576540132162245,0.05614414303014059
2021-05-28,-0.12643137081600686,-0.006647014102893145,-0.01245456451000504,0.006192528290187571,-0.008928586295942731,-0.007413784730355921,-0.004596235971135787,-0.04239160734626046,-0.00938732264160902,0.01003003260953883
2021-06-01,0.12171173095703125,0.0028842549238432547,-0.0013327912637635109,0.013167182975429848,-0.007607628875096584,0.030366983824196225,-0.007347260006533407,0.037384977933145436,0.03744994617138819,0.14796432670780635
2021-06-02,0.1334028808607961,-0.021483424130100626,-0.006160358089274509,-0.03701089141949743,0.028242919800241406,0.02017282755051153,-0.02047652001597955,0.04682394543533808,0.18063552181539566,0.3192041043633156
2021-06-03,-0.08524659293891723,-0.04831884232679862,-0.010640195870942004,-0.028667855199808856,-0.024720465098177713,-0.017046487901358653,-0.018883091202373303,-0.021959289118034797,-0.03323634090561245,0.04131148291415854
2021-06-04,-0.03803544946939985,0.010253265748550566,0.01775076498246131,-0.005449029397480709,0.012472395051314589,0.021796280955593605,0.0027471510222445428,-0.013975022976293494,0.027400803727042344,-0.12720405813641833
2021-06-07,0.12743601657872716,0.042614339231731746,-0.001333611501342813,0.0065439478595992195,0.06318292022227556,-7.142249623259822e-05,0.018264265258988832,0.02155565976403273,0.017572501335421098,0.13780669901865816
2021-06-08,0.07139027012322563,-0.0027267714843088875,0.026504909395888454,-0.005291752804918004,0.03345170943141329,-0.012578209130191809,0.007062608981753371,0.015398651029110866,0.06362504152094339,0.0019023292390851765
2021-06-09,0.00853332519531258,-0.0014405969110070638,-0.006405039336734308,-0.005016005506259802,-0.014828204450944682,-0.04277491518638288,-0.027829460306281306,-0.028528528528528496,0.033392699490489175,-0.04050635035422667
2021-06-10,-0.27158249217341524,0.024054830284391038,-0.015841794259247255,0.000916621039344756,-0.015234912322529603,0.00816602780715403,0.1567238559864681,0.014374015135964147,-0.07209305254465881,-0.08377305520264577
2021-06-11,0.05875945816101513,-0.0023863217793956837,0.028865144535579423,0.022741268047303365,-0.009506097329456065,0.029962117668398403,-0.03481629466185365,-0.015023595207917073,0.014590181154246151,0.020878326471204023
2021-06-14,-0.016713782282043677,0.051530272059213456,-0.01847045827842675,-0.018952534075676764,-0.047421913562433415,0.014672681997770276,-0.010563824893529139,-0.0178825529282457,-0.03828884764993612,-0.009167849904309744
2021-06-15,-0.03024756959361774,-0.06846456578317417,-0.03173651127643351,-0.01642841510984827,-0.041683142135005125,-0.01969930017571231,-0.019191218876530525,-0.02545368267294912,-0.0003074741932446168,-0.004270492441435403
2021-06-16,0.002112365036867958,-0.00944448455031921,-0.01649328991331922,0.023353112634043827,0.006184355022429422,0.022913596547447623,-0.00691470706349151,-0.008663023023923633,0.002831520135620602,-0.07934236417707452
2021-06-17,0.0027806212216585635,0.04642520492425528,-0.02307205184743577,-0.05108068833900292,0.007990153220152285,0.04186646074817535,-0.0018547998571760704,0.008282276658351018,-0.026086238897722325,0.04891305192882478
2021-06-18,-0.04369600238691984,0.04578485791004727,0.002624104798342186,-0.00015916659311310255,-0.023170718942491453,0.010853138933476503,-0.004767351977774337,-0.0194683040874033,-0.029306014411276893,-0.045151783865073236
2021-06-21,-0.06290343160748646,0.03881339357496594,0.04601962738374743,0.047945170911485535,0.019558855594028035,0.00479072952846904,0.04178015442898153,0.002836363182516344,0.049798521553347186,-0.007751893856784764
2021-06-22,0.0999650609742353,0.054267991580137176,0.01136395590505579,0.05015948367059608,0.02367346627371658,0.05873599277744801,-0.00584672205905612,0.011346485018524755,0.04106612883666605,0.04765622246777679
2021-06-23,-0.004809426442595965,0.045105358629569325,0.014328257463224858,0.02865853568485166,0.007376374262566099,0.005206007971633175,0.012870559001012749,0.006438751279215449,0.06368454837616122,-0.020134191436360083
2021-06-24,-0.03205069251696002,0.0044580846829840315,0.00284549017308966,0.015055413803424234,0.010488870112763449,-0.032472257903743085,-0.012065095023664707,0.031341925468043375,0.021446398769014774,-0.03500761233851313
2021-06-25,-0.013188276972143309,0.017375740361814662,0.025638592326130194,0.0018020251287480527,0.011946666260243877,-0.01428522750946537,0.01999465160487457,0.007237061126367239,0.002733940424238579,-0.04416406988477084
2021-06-28,0.017851203241962876,0.02178953932719696,-0.02084786763922064,-0.017988059678867296,0.020127752126618104,0.017690569166518122,-0.0019544470164417627,-0.012690471453392305,0.006488923950570102,0.05610563627034337
2021-06-29,-0.01111369339830015,0.0003407090560203496,0.017961541664185177,0.0033814455518936803,-0.012900783854805531,-0.012276164243149035,0.0005802753483554746,-0.02841666923848063,-0.03746647144038173,-0.043750032130628336
2021-06-30,0.015459002424850654,0.04261257842697996,-0.006839749966865427,0.011936765504722002,0.0026907436658281103,0.000331377477128747,-0.01561392815908269,0.023702975691521466,0.018927202573400415,-0.001633946443083012
2021-07-01,-0.04567105074797928,-0.05134455432175422,0.01307526761726674,0.020816088567848556,-0.007092178356736256,0.020508959141964933,0.016995549377531338,-0.026004851532379525,0.03621175965732348,-0.004091668546830629
2021-07-02,-0.007486782025481031,-0.01227995028031248,-0.010246505310496756,0.006661293478292585,-0.010038619023600925,0.013213843061888664,-0.0009557348821664924,-0.0211056592987805,-0.018673728412159307,-0.0147904933481805
2021-07-06,-0.016121896380914325,0.011293886570095779,-0.026776729855115367,-0.007697504743676142,0.004095220440112568,0.013329927062617042,0.001188623120564447,0.018238563689791043,-0.022997924860360786,0.00667222061995032
2021-07-07,-0.04459808581562652,-0.03715699982145837,0.0073642405089222596,-0.016739405487671166,-0.05321424721593415,0.00202375331753446,0.025568224746516766,0.0019249472688112057,0.00545385806984422,-0.052195536898900774
2021-07-08,0.003776362146615364,0.0030309276248132733,-0.0038583370548312956,-0.012041443162525534,-0.010051316481370143,0.017766969522268417,-0.02172626202311434,-0.01654233818374251,-0.005368509138075184,0.009615438320486058
2021-07-09,-0.0007838287775427943,0.02695818645944037,0.032616352689729844,0.0297000361353299,0.01719854662084286,0.0028216056811087853,0.019236067439283744,0.006258018177364821,0.02186830860861022,0.020779200619467142
2021-07-12,-0.010354001839544713,0.004170474205041241,-0.009771913986982739,0.04163281022528453,0.0014259461113594885,0.002164358941061151,0.010222330260605261,-0.00691018804110588,0.0172076577873983,-0.0458015236302135
2021-07-13,-0.04856011858074638,-0.014512836556088371,-0.0030899754021169734,-0.031870676420222344,-0.029088696289958582,-0.003239526912553692,-0.007273800733462066,-0.04330675061394129,-0.01011786919645119,-0.015111117892795178
2021-07-14,-0.0690880962461311,-0.033058614156692534,0.012298788964263396,0.0134918968485096,-0.06033943213359383,-0.026743381753355666,-0.03986840816149273,-0.028573406594684214,-0.02217287081042907,-0.03790614433086237
2021-07-15,-0.0047726274685157,-0.016949152542372836,-0.02301464140442544,-0.012114129925033579,-0.0004458560478646234,-0.010272554974805281,-0.01815941439135138,0.02224753989573669,-0.014877653484426157,-0.008442791170371278
2021-07-16,0.013307672128316517,-0.014802979718288145,-0.03750901674200302,-0.019673740041917243,-0.023198770311156025,0.006651633017062064,-0.00913525575096441,-0.023402592865898852,-0.025937551791245128,-0.043519399378244006
2021-07-19,0.026325203406147413,0.019275537290667,-0.003676375019612932,-0.03752566379285338,0.01986752486173793,-0.007118446552287883,-0.014751238663838984,0.03324880266382779,-0.052046241439679175,-0.022749708214324538
2021-07-20,0.10196545404636703,0.02330144644483334,0.035002677100397506,0.0634103455194388,0.025974022646113593,0.04597480391482334,0.012118832231221344,0.02920635101458391,0.03739301177978782,0.07489876139136453
2021-07-21,-0.028088687744090346,0.011816856499358819,0.0334114214131207,0.01745899761193992,0.06678309458034914,0.019548711024198306,0.020961465095307608,-0.01867212198586765,0.07279312241438407,0.018832373956716664
2021-07-22,-0.037457572501626846,-0.0035060549338088443,-0.0016757613293987283,0.007787669109231565,0.007364987775877907,0.01064216642615401,0.0021228792726921686,-0.0139282602431694,0.011254533038548953,-0.04066539674615477
2021-07-23,0.00844279818454119,0.1259954850089513,0.030904381300201456,0.01964646256831082,0.0018277853273764855,0.011007352990542785,0.014754714234499477,-0.009127523943598725,-0.01534298624154451,-0.019267804148372925
2021-07-26,0.01984920059292361,0.012350905054153039,-0.0038309753291122517,-0.0050096982150565905,-0.002229892687381052,-0.00672715796260126,-0.010642303689552879,-0.005148685406546116,0.019477792523313164,-0.001964681450304373
2021-07-27,-0.029357448535391906,-0.0419812406315172,-0.01086424960078547,0.0009037109971747892,-0.009142640223059773,0.0010396817338740316,-0.0068466076906041895,-0.033093907948526624,-0.02540233005143977,-0.024606299582147995
2021-07-28,-0.05276127771467187,0.019548536216513757,-0.001458131836507226,-0.0012897511057433642,0.03854830942114451,0.006914089000090717,7.426834121981862e-05,-0.000837499905549266,0.012977116457608462,0.08678109218903196
2021-07-29,-0.025189183005144278,-0.04003416196359744,0.023167563833564886,0.02647529100917345,-0.01697928103540447,-0.0003831335784878487,-0.004991658806655308,-0.045406476763946824,-0.008885699644721856,-0.03899721991108962
2021-07-30,-0.022685948558277658,-0.04735322120974361,-0.009228588136704907,0.0074234449427776905,-0.02590883494290208,-0.00480551329998824,-0.008480638725756218,-0.07860282739901703,0.00803015231286719,-0.018357538845871657
2021-08-02,-0.021536751029437973,-0.016203223088335328,0.009602612097860286,-0.0018733229648094651,0.010309278350515427,-0.010694396714270527,-0.009501863324009707,0.0041845977141277135,-0.034211728581151846,-0.00590545933498865
2021-08-03,-0.031081472161056944,-0.008472381435763787,0.029579714396626544,0.02154652169630067,-0.012448992047991103,-0.004731275456778428,0.004880065740587414,0.029376616410517364,-0.003898317290914166,0.006930662592116832
2021-08-04,-0.03895251684610268,0.006031640988220177,-0.03288703881952271,-0.061515233718039686,0.005786294334130027,-0.004392692198216919,0.02284492279234418,0.006252745698209994,-0.06596378448843043,-0.029498543607109462
2021-08-05,0.045231602531420556,-0.04006470318911304,0.029515886203590913,0.00613510477486412,0.037189263229640224,0.018403830859426762,0.005768493788196105,0.10001991756667983,0.04408569146999031,0.056737631824701706
2021-08-06,-0.01088372094873391,-0.02976605888422057,-0.0021340128344708997,-0.010430212387616211,0.02198891878798115,0.025667591815629498,-0.007338436980063867,-0.04468422716632425,0.0173898084212758,-0.013422851316052253
2021-08-09,0.06167226953191807,0.015991033147124245,-0.00678744379594276,-0.0030809122963916247,0.014925381963292184,0.030927246828084343,0.020518877052213336,0.056894772311944175,0.00257251998048158,0.01166179650184107
2021-08-10,-0.01290884235104095,-0.04643854049358631,0.018816631489876112,0.016753518691562608,-0.007257468748770535,0.038614791892167544,0.04479993053312725,0.022881344152555716,0.043790737829410675,-0.0038424555657387005
2021-08-11,-0.0016976062073578158,-0.02649901927903653,-0.0024808476597582008,0.011838154521898847,0.0038476484167135894,-0.025398504980803316,0.019091274143847814,0.08719889156163951,-0.0049710435532811514,-0.004821619217613704
2021-08-12,0.022483986343777795,0.000839623969470793,0.008474555424084373,-0.011541578503785122,0.04656957246002058,-0.0070696165864350125,0.006926288548393611,0.020930150390214175,0.051221662176536675,-0.014534847186623678
2021-08-13,0.0010471091010426647,-0.03228510778977056,-0.004201995661322955,-0.02751128393861535,-0.020325958578018333,0.00790174387536835,-0.021096269129891154,-0.014815056173666297,0.024702235914230597,-0.028515236939772648
2021-08-16,0.008675783695873518,-0.0028244911098425085,0.024949699930619795,0.01907915923172121,-0.01943926944910923,0.0014405771438994464,-0.011010625979714583,-0.03879699215748744,0.045919874481238576,-0.02125506434357527
2021-08-17,-0.002317999396089676,0.0012900947612857205,-0.05208523201641735,-0.045029116431392624,-0.025733863852099637,-0.02547721702492456,-0.037693294788766374,-0.004670071059393988,-0.054429209707372306,0.0
2021-08-18,-0.039743197057250934,-0.03450595739796114,-0.0020768555908823316,0.004563092278621506,0.019369944276013573,-0.0046268187867748445,-0.006264346627653183,-0.05992360275560282,-0.005101658160360567,0.042399156585037234
2021-08-19,-0.02642476328959864,-0.003974225784219465,-0.006338867673147619,0.10490794830620298,-0.010748513915444957,-0.0020248376311499117,-0.015181571831201168,0.011372557723373422,0.0022790530688117094,-0.051587252780272874
2021-08-20,0.04185748470079309,0.02286298518704255,0.04560625224122816,0.011448781582213297,0.009119080280502345,-0.0005428544924316325,0.025989840648158014,0.024075527912466033,0.03622734363636426,0.007322143488674104
2021-08-23,0.03509099956560835,0.01936215135710251,0.017938416333147522,0.020072094191434964,0.025187491166456022,0.022358121047920454,0.004197735027175797,-0.012047363804062683,0.00703175446515325,0.05295952469585652
2021-08-24,0.27533503586958297,-0.0032960689267632626,0.023257750984438053,0.011244524439335546,0.059077298272840695,-0.01171762193232262,0.01089745101192685,-0.0034492030947985697,0.028773853867539945,0.09467455676953085
2021-08-25,-0.050596793615238944,-0.009388504105017015,0.13296632113264062,-0.0024872454070731242,0.06445899257947829,0.002829691619313568,0.009924457569947753,0.009089976976582204,-0.01689681519219477,-0.03243248630446405
2021-08-26,0.027898860478336562,-0.004158772217236262,0.04151232527446269,-0.004986830930076569,-0.03743137543093833,-0.007477620582121536,0.0017507556790976597,0.007656831991446733,-0.02629508402945524,0.0065177513957477284
2021-08-27,-0.001315682052698941,0.014289769259366203,0.026077670931201613,0.010318618982196659,0.03715861888181515,-0.04042761396616923,-0.004171983048141259,0.0009627244630121545,0.012773408647736462,0.04532837669728207
2021-08-30,0.020736765373425614,-0.0031650138270622463,0.025342988123302268,0.007149092180976924,-0.01266452829178788,0.000711130480463007,0.014450734976331425,0.0025418736149576127,-0.017577667083169324,-0.007964615138828401
2021-08-31,0.04321227856976706,-0.009834223265027586,-0.00845000622453218,-0.022454077933689143,0.0006751209371702593,-0.02871865208010327,-0.022434624471355025,-0.03806614784202045,-0.037351436719336384,0.01784119612707835
2021-09-01,-0.024147746241813595,0.04455168126831199,0.020524328838111394,-0.018375683172149437,0.015516919459253709,0.0073767171137884,0.005737393679337233,-0.00598394541685221,0.020686604149984245,0.02366349354727726
2021-09-02,0.0025825376748147555,-0.05870691526982352,-0.008838210277595793,-0.009360194507532671,0.014283351991834614,-0.0316509750575269,-0.046389195714642395,-0.017092555294586975,0.012036881932512733,-0.03681509365930702
2021-09-03,-0.0504402587905437,-0.012179287539731298,0.019378086018619678,-0.0003046861280834312,-0.0008187201131554245,0.026998383146194405,0.009866078694661384,-0.0027706134956902995,0.025719275575118994,-0.016000027126736094
2021-09-07,-0.018495684340320562,0.00704123568956283,-0.034437568055405654,-0.009451053233542006,0.041953480073520844,0.0046248531011969796,-0.02117500701972197,-0.01400167057907642,0.001139908264247369,-0.021680196723977918
2021-09-08,-0.001005009790161715,-0.029128403854840834,-0.042157074093464475,-0.007694706298239318,-0.0029883994327513097,-0.0038767387701951206,0.012630618319771747,-0.021244969227268595,-0.01252296396840702,-0.040627847043671284
2021-09-09,0.0019114165904943192,0.01141518240325734,0.02967070746524847,0.0007752829272276163,0.0044170812745361054,-0.00027360507803597667,0.07782646797870707,0.007235410192510061,-0.015088001280641583,0.03272369467553271
2021-09-10,-0.04403047161442253,-0.030018329842857794,-0.0006811649646341067,-0.013792016316109046,-0.019004226782950107,0.0027675436220213623,-0.042110385237069003,-0.01376510384170937,-0.015725967433128263,-0.02889091138560973
2021-09-13,0.06822115426995268,-0.016691991082880442,-0.012872807076883763,0.0039283294056389195,-0.03202049358494452,-0.01110036175528828,0.009330916781535414,0.022575535454120388,0.02967940237410449,0.00479848276091821
2021-09-14,-0.020452254317359753,-0.01877206313457358,0.0013807752822165842,-0.007512844148626074,-0.02332120193124887,0.009231506831204994,-0.014280632843000074,-0.0066380713026755744,0.008285862707226643,-0.04106975111833566
2021-09-15,0.02650069581270942,0.0062192232604132425,0.02344126953669967,0.02696736731522198,0.013378508479836348,0.0024006613208122918,-0.008611474492730364,0.03765438661694698,0.01255051311306321,0.008964158658351318
2021-09-16,0.009045525161744061,0.01367924325064429,-0.001272843130474488,0.02134542070838763,0.002172477737027778,0.03753104226373716,0.0006569617271010575,0.005318383694514983,-0.0037876061704932296,0.0029614740999286404
2021-09-17,-0.006783902357944016,0.003126094206175045,-0.0006743756079566898,-0.0025564450620841894,0.007503700835124194,-0.03547220478451152,-0.019388973476901494,0.030194028847551957,-0.012886307520054374,-0.012795287046586945
2021-09-20,-0.062301820736736624,-0.024961419887498337,-0.010724231290564545,-0.028790897704399465,-0.05660374499486698,-0.010905689607971336,-0.007290075483273317,-0.019737386366640797,-0.0021505408033951623,-0.0598204829281358
2021-09-21,-0.011706555857052936,0.009461694699457679,0.005079073746607987,0.0,-0.07421051828484782,-0.025359907615397193,0.009606553982062671,-0.004810860826089947,0.0006514456590258622,-0.006362716614523034
2021-09-22,0.0010002760961245194,0.018087739854770746,0.0165184536699996,0.030886178042141443,-0.002653010961417235,0.008924595716359507,0.017382689248992778,-0.006051716616441549,0.051896167916138713,0.02027753856757708
2021-09-23,0.005785243015917985,0.030021246820282954,0.003338918926119261,0.01505576983760637,-0.016720521570507185,-0.005637568103683321,0.001225654553676625,-0.009258951819015593,0.0003331618575503903,0.10878660211342606
2021-09-24,-0.03179252068820937,-0.03775551470772709,-0.02847220098651948,-0.0004448593439024817,-0.008115906646286253,0.008582680712400315,0.0006848788098050562,-0.0014909224076704586,-0.010330094393094735,-0.02075474142561351
2021-09-27,0.023331129725580713,-0.0020193991254200405,-0.004186577460782437,0.018400286851852243,0.0011688594672414343,-0.008913340303467354,0.025980117442990558,0.039222073481581354,-0.019433551502888946,-0.02312136497804762
2021-09-28,-0.05742025474640722,-0.0332149895234759,-0.01651117109100586,-0.020108041285718303,-0.028410179058432683,-0.0418025041899569,-0.02946688410563214,-0.025020971745786103,-0.006818651521815711,-0.03451680173760585
2021-09-29,-0.0150056430178227,-0.02463210778914071,-0.012280503020132394,0.0026768053432564276,-0.03224515522754101,9.811823815319975e-05,0.01646778051481057,-0.02648981052710553,-0.009344385467178085,-0.019407515947256204
2021-09-30,-0.002557963579615463,0.03443150737304945,-0.05752289738438132,-0.06525284119297614,-0.0033112551411966784,-0.013962919934328966,-0.04044494488903694,-0.05663655621560859,-0.1389930386361179,0.013541578708426982
2021-10-01,0.008206544887379597,0.0035423179509874725,0.01628122715044311,0.015389613860497642,0.04983391888461286,0.004278093132052074,-0.030678744900199506,-0.009549478435576075,0.01773720193657624,-0.003083220388754082
2021-10-04,-0.031371900609747816,-0.05596898359653446,-0.0018895836708879843,-0.00953136518506914,-0.04153485426777925,-0.02892716476788393,-0.022816922765060088,-0.05366104808167471,0.05450496777236813,-0.010309219563065741
2021-10-05,0.004785201111747295,0.025769806614396984,-0.02790355236775377,0.00473250414544979,0.017127565966476244,-0.024790019443190703,0.00601549425286918,0.007766506191026146,0.02619512197189766,-0.0083333250549108
2021-10-06,-0.006446656979784082,0.05641848256155635,-0.004233458325678896,-0.02056832463999092,-0.006086411675558345,-0.003556708439495737,-0.008638851666994518,-0.002776106943403245,0.017947003125384775,-0.016806806028663912
2021-10-07,0.006137766692081659,0.008641856315703356,0.02057800826879541,0.021481344390155144,0.007756628707873636,-0.001574750698402183,0.03566605348299823,0.0112597922400548,0.035365565886996464,0.02564110401662978
2021-10-08,0.003253529947014444,-0.003421012312277205,-0.03241111891758963,-0.0009417892296363917,-0.02957259704394566,-0.010094287106140132,-0.00868989559814981,-0.005012536356311048,-0.005193483037623681,-0.021875003104408486
2021-10-11,0.031387616733982826,-0.01162784332748823,-0.024627620343271595,-0.01790753044398541,0.0202463206802852,0.0010976219698901613,-0.013527929427539997,-0.032828166198754394,-0.00015069924449440109,-0.011714654561198579
2021-10-12,-0.012801789450651024,0.0012515453343102667,0.012448210075459931,0.01423542438358516,0.001227445934588678,-0.0044563715758508815,0.011801443948354473,0.00021348753948080557,0.009237876881241558,0.006465562644740297
2021-10-13,0.046866055574552146,0.028812503814697354,0.045866631094977794,0.01971309483460204,0.017981223800749735,0.003765773419754481,-0.010796374554035149,0.0050796193268611844,0.007263113991065051,0.050321226911177686
2021-10-14,-0.0012495693284242382,-0.0009112076783197587,-0.00675336762167289,0.016238431006960763,-0.009233221342641706,0.005450599474132289,0.02334727113727708,0.02820011551990409,0.0015309137892423053,0.045871538227999276
2021-10-15,-0.0029919112564840145,-0.013802773803909485,0.005120514969669809,-0.01247884468258742,-0.02593190363592579,0.010489947142381162,0.008477006073162707,-0.009624129584112628,0.01257478743604934,0.00779726334516595
2021-10-18,0.014949833650225619,0.061902664375135696,0.0333222984950059,0.021266788595266872,0.011855234465820264,0.006549144061834156,0.04636836332860206,0.010676888322046718,0.0826919069091352,-0.023210809243372932
2021-10-19,0.004139280700929726,-2.897070282303904e-05,-0.02424653297277357,-0.002565442470540691,0.0039054187204479174,0.006610368612594897,-0.021243310630824297,0.02764823545420203,-0.00881605476915559,0.14059406164966015
2021-10-20,-0.012152626453573512,-0.016025604109812575,-0.014743515612122282,0.024659949792136926,0.00511875510276294,-0.006257493975309503,0.005170509252661493,-0.004577759286979566,0.002495954125234068,-0.009548663713587757
2021-10-21,-0.015228687912040795,-0.015047373244404083,0.042034276112516755,0.019489076986777265,-0.003463067490612315,0.04404389587722868,-0.008931858181303931,-0.016378222472024806,0.0038479008857756902,-0.009640636121673096
2021-10-22,-0.0655440164110701,-0.035796609562113946,0.015086871418110492,0.007240907959774612,-0.05744067178599266,-0.013818922609722617,-0.007197938777853574,-0.03018496721109476,0.021870162329825416,-0.03362832814396666
2021-10-25,0.02455829266195142,0.00406983204523903,0.016531536587905737,0.019986009444714403,0.015397941337551568,-0.01801139794441675,0.0025615620143129014,-0.005666665247064384,0.034111740106569366,0.010989000432297447
2021-10-26,0.02224518646911955,0.0025372298586723296,-0.027677943511381753,0.00324182400412365,0.04122170691490057,-0.0022926953565461927,-0.014881696056462279,0.003700059963087643,-0.0030727460786231786,-0.019021742651503137
2021-10-27,-0.02434773909254817,-0.022962261094303993,-0.017449385350291058,-0.03723464907130136,-0.018871757311698767,-0.0001029036694087937,-0.00879692369189189,-0.02487286066604877,-0.05089454254090142,-0.02400740819145486
2021-10-28,0.05382981898666195,0.012603816350449826,0.009657233086055372,0.010799668962588216,-0.013589828580288232,0.022056037174226883,0.009104466571877579,0.08855859380180076,0.024399144950318474,0.02081364932645502
2021-10-29,0.003609452454415907,-0.04885202078043738,0.006808843427634992,-0.0024546282362715166,-0.012505302008723462,0.017519172867715538,0.00024267091269813967,-0.005628471654777978,0.017610310746713376,0.0009268052749944466
2021-11-01,0.0903493124481407,0.042046597510170036,-0.027292641477252855,0.036908582341316,0.052157121640206805,-0.0041559916463693725,0.014432362780315344,0.013729418246277048,0.02483349922219702,0.05277774858867246
2021-11-02,0.03448452837003124,-0.013565395763673771,0.02872037657709625,0.007397963825124698,-0.02896780845332858,-0.005365618435631658,-0.014525937956577861,0.018731172372528304,0.08303755812894953,0.0026384989686141225
2021-11-03,0.054785236180232566,0.0007976771547775208,0.058250977691586714,0.03921316026974675,-0.015966351804536205,0.003696305644259157,0.026007346654756347,0.045286662377004294,0.09849953938761691,0.028947362697245405
2021-11-04,-0.0022443342145127554,-0.07737674147264484,-0.01520569147084716,0.0118667065449225,-0.04611442870144333,-0.0027205709959110536,-0.02070709954734684,-0.049572282911234056,0.01724488811946645,-0.06734867797807376
2021-11-05,-0.021070494009608365,-0.03721627902169966,0.0009262839677139922,-0.0076429519956285885,-0.023724291988606483,-0.00898234996595404,-0.0037429712201513254,-0.03658491151371335,0.05692769560846811,0.010054900783433851
2021-11-08,0.02527549537935969,-0.005204155175019931,0.0053222210373482515,-0.004248873639077555,0.026593302976084754,-0.01732179153368718,-0.003181439706183564,-0.008204062474397755,-0.01320146952240786,0.020814437852152867
2021-11-09,-0.05506766062817159,0.009380436050003604,0.03675027548264209,0.0034670992263703404,-0.038633309276376315,0.010658229756631776,-0.008693096837366077,0.02624899157336169,0.03464889931282311,-0.007978737120429402
2021-11-10,-0.03586642518488914,-0.018479404915384245,-0.03737163836964419,-0.012359017120798566,-0.0457606838773168,-0.029034959570783725,-0.023809202986265654,-0.03862578472924072,-0.043186187361374806,-0.06344951427805612
2021-11-11,0.025754329132665843,-0.010233057160000447,0.002152474099213597,0.017761324704676174,-0.009006882426726759,-0.003411528696181887,-0.002057350847575301,0.013032892308526334,0.1000336878936634,0.005725231129532604
2021-11-12,-0.010865314903696022,0.013208713436930086,0.006290046219683765,-0.010444277986155992,-0.004912816689689792,0.028468650505549364,0.00036192888500830023,0.057114770447351804,0.008753269135743036,0.02277037684884098
2021-11-15,0.034834206202482454,-0.002142480671905367,0.024851730441720843,-0.0005344598761681807,-0.0283879970088855,0.012736473521521408,0.021442289051781138,-0.01736370999868475,0.041618336405143674,0.0037105716923799825
2021-11-16,-0.00937174485792891,0.0060773057906988726,0.02685178393697618,0.012966222341903588,-0.002032566814382797,0.008753091173795191,0.002633679912712683,0.05888846585282437,0.053254710710414876,0.03696863063646205
2021-11-17,0.013611388280295067,-0.11339793031072498,-0.021948251615681036,-0.015571073459241691,-0.035896127577154435,-0.02842513144687664,-0.041459278393817245,-0.01929521284607516,-0.02339402083950448,-0.02317292537379656
2021-11-18,0.0005714053199403768,-0.03777893388183884,0.03873483171315417,0.052652305268922506,-0.03300765870757816,-0.012387127276814125,0.030512295843611703,-0.01697812686656175,0.04677219228963181,-0.030109481985170494
2021-11-19,0.08890161987749967,-0.007419970128098807,-0.011835907559005543,-0.025009407713310283,-0.013107579362008015,0.010740814168649138,0.002861405630041336,0.06182141397523733,-0.022015441478509423,-0.017873991722681226
2021-11-22,0.08194929960625252,-0.013327681736996388,0.01219432162743539,-0.015966712317625698,0.01798565403587382,-0.024098484883157578,-0.02757063823754169,-0.059240926181463704,0.0516557829343236,-0.033524850753160695
2021-11-23,-0.1359321702300197,-0.021300537968443334,-0.04084699365723965,0.004522068159331649,-0.04756727253196147,-0.009413736005501772,-0.03613396959678117,0.004912346805664214,0.08253286362316237,0.0019821113763041076
2021-11-24,-0.009911150900796417,0.023843225019284375,-0.05388320113861522,-0.009532691991890996,0.015410984629513846,0.02904153178740776,0.001207677151142006,0.07513479772295151,-0.07919088229896676,0.009891234902632329
2021-11-26,-0.05694587604168366,0.016029409214884716,0.0094265050938791,-0.002673320428498438,0.012928585182678809,0.0031357547152326415,-0.009649965119453596,-0.010382335029506917,-0.06038521549241094,-0.023506343802298546
2021-11-29,0.011466018786982834,-0.016499425167502135,-0.04357986319997853,0.01688782782608378,-0.023307439823787246,0.002954224943305661,-0.004271360903467691,-0.03223356931222621,-0.0024944790147266582,-0.012036096524081996
2021-11-30,-0.02871139028110059,-0.0158682038581619,-0.043450067005800896,-0.009753705715514815,-0.018465952039502964,-0.03955888162229093,-0.02278902770442448,-0.07353000900776752,-0.1942222428672139,-0.033502529028005545
2021-12-01,-0.08343106781423704,-0.08725451674836615,-0.025603911479317287,-0.04698541538965617,-0.09580317044962083,-0.049497200532931274,-0.03141398462619027,-0.014928974350039259,-0.006279471352740984,-0.0672269235870494
2021-12-02,0.009564063921973842,0.012081802680317333,-0.0055871378253754544,0.040642543151092836,0.0019205975154281685,-0.0033390409243434505,-0.007276113476164303,-0.03158026842443784,0.0019836220686988426,0.04504500150622537
2021-12-03,-0.05050671013578267,-0.022400797004325068,-0.026687547461869743,-0.020802408785440707,-0.09361017473629529,-0.01618672300136037,-0.04210429844237629,-0.008543708819726215,-0.08044862126748298,-0.0366379485313878
2021-12-06,-0.03057024358210758,0.022427635815654767,-0.036349032113695,0.016447584312883734,0.08142401824492862,0.0067725289545153,0.047250259132944894,-0.05592764986791687,-0.018621834854210206,0.010067131634477366
2021-12-07,0.06396602892376957,0.03064333045863643,0.018532485483271355,0.024136609590214686,0.019230774013009322,0.003306472038625996,0.024568027526798097,0.039945757867084764,0.03701596324946954,0.02879293871211286
2021-12-08,-0.023395780435453428,0.18227137283589023,0.013692434220170968,0.005925086306033389,0.06747683336946331,0.01469754482420993,0.0010757453730398936,0.03406620473921529,0.04411886737570114,0.002152901813325947
2021-12-09,-0.10302332288196314,-0.08196653910887186,0.029106403367090916,-0.017931897886992898,-0.05781906061768605,0.0006346435938271444,0.05468314370395655,-0.07920829978628852,-0.006980028958949891,-0.03222343471679612
2021-12-10,0.02086543473688529,-0.024841534854153857,0.006544587277364844,0.019192321458626038,-0.033068390788494884,0.01037158144557715,-0.009054920506151198,-0.07799028529123231,0.011299295837578605,-0.02441734311211119
2021-12-13,-0.13917357643246797,-0.03197383568617096,-0.07512499487153745,-0.04812331754831578,-0.05129889752614181,-0.025108939029076294,-0.059369797334939856,0.01737284637826164,-0.08486230376950266,-0.014789546644493057
2021-12-14,0.07897426339112523,-0.0016672454949545612,0.008360178941739571,0.009067202314660516,-0.03604855812048213,-0.08719036468921382,0.0017630465064852885,0.0027243860388206365,0.03805640343417571,-0.006928344919118312
2021-12-15,0.006093803789064323,-0.07948544512652334,-0.00028271755039654956,-0.007216094499641668,0.030924150552565255,-0.06016600580862841,-0.00029916034231680655,0.005725062696069871,0.023129595464252084,0.038372082449798395
2021-12-16,-0.026919712622538117,0.07389424284114843,-0.058429749498595474,-0.04703781395317408,-0.05894665258319998,-0.09880790287393237,-0.037920599178819736,-0.08577355084745575,-0.042983590109514025,-0.01679737593263575
2021-12-17,0.07642301218360359,0.07967678482584772,0.04073654404871241,0.005180508367585324,0.0626390127031684,0.09538499576752146,0.011583043062012965,0.06474594811947165,-0.016712131917302364,0.0444191748501086
2021-12-20,0.00963762532692325,-0.03552401639503466,-0.026158801712895863,-0.02677142038144953,-0.026857358064688475,-0.08041497779281048,-0.04594628283626112,-0.02874419212432322,-0.05388943730046736,-0.031624859262839866
2021-12-21,0.0062364498621960696,0.016267678477519976,0.02310851950700865,0.006031120451842398,0.08637992402736328,0.10403189792545109,0.03966486789120416,0.04367791481378669,0.08256670150524625,0.041666653242197205
2021-12-22,-0.026056129802774497,-0.021875166029934667,0.011003884864439595,0.0027782373242171143,-0.024414377570334822,0.04775328622714525,-0.006875331631122528,-0.003666764567410663,0.021540559804118287,0.01729728080130921
2021-12-23,-0.012077926041243914,0.030083843917191766,-0.007637830843418736,0.013414984812600617,-0.00439631931377249,0.012361197164382665,0.0027912288793110474,0.0028460761085571384,-0.024991257308967008,0.0074388624823908955
2021-12-27,-0.025174193811093648,-0.023938041685531597,0.03405830777333696,0.004316914222479706,-0.04211955667880074,-0.035717199709818126,-0.00789246707802349,-0.026862995378685528,0.02595239187641596,-0.008438810925003759
2021-12-28,-0.012473810769201066,0.014873052065857983,-0.0008374994106281619,-0.01633268526397269,-0.03120571079103429,0.0068050235116161595,-0.023607439128199292,-0.03026952999125354,-0.016903040917426115,0.004255315263436366
2021-12-29,0.05100358882618283,-0.028186080174736006,0.041344745877093914,0.012234143095420036,-0.026720334933774792,-0.03623375008445007,0.008809305026022951,-0.005911020356946128,0.010085745747689945,-0.024364359370764865
2021-12-30,0.009095103111076197,0.05071171593293822,0.0001786105628938106,0.002877507535618662,0.0703271500998004,0.034577711357669294,0.005771490515847466,0.005685355366944034,-0.01239278437888458,0.030401708122851145
2021-12-31,-0.04467908555717759,-0.0338696024697791,0.028073369541540716,0.0012913025693797042,-0.03478565716673876,-0.005534567828999859,-0.001471835105342545,-0.014729507669992925,-0.02394113139984677,-0.01475230695732066
2022-01-03,0.029988523259961708,0.02186680788736317,-0.003826387355595706,-0.002435548015642386,0.010921046665747003,0.0338236533274876,0.004440804701964174,0.030531152363469705,0.022855179707753415,0.0021389843073151837
2022-01-04,-0.025713116788442125,-0.04442729320248073,-0.025229197452888985,0.0119216139450542,-0.04105154044671111,-0.07799522315135898,-0.015288267864421501,-0.04847527857207601,0.04285358095657488,-0.004268939417456652
2022-01-05,-0.13122025427693873,-0.11721938205157478,-0.0447787666364734,-0.054648648960343715,-0.07435221947559867,-0.10382912283285561,-0.04559605388373855,-0.08599959403822688,-0.06550365117776247,-0.05894964579125017
2022-01-06,0.01283144256599611,-0.014640866171092837,0.013875879741263253,-0.063963984775668,0.046653129262759885,-0.0334342815296782,0.023758674681069625,0.02267121305584552,0.047862886814094896,0.0
2022-01-07,0.07318931868452294,-0.06923591829010245,0.010819243258729738,-0.039140038063425364,0.05581397583877146,-0.03485211620215778,-0.044677017684215836,0.03422930669080215,-0.08756279081811458,0.009111608899671664
2022-01-10,-0.06734462771678507,0.014134488110391752,0.012533203317451669,-0.024708084922664963,-0.04074892142724851,-0.006875686432763595,-0.03071944637115276,-0.01993556364608795,-0.017214830392560554,-0.0022572804587280837
2022-01-11,-0.006481058972808262,0.01497589710225622,0.04860863228203427,0.007018143458042747,0.030998905446089964,0.01504584488817784,0.005045835861882564,0.030143305002252596,0.11106751342255983,0.04072394236009802
2022-01-12,-0.017191139222569984,-0.04448031579202527,-0.0037050964334166547,-0.0027195947310928448,-0.03118040593673932,-0.04656286470230253,-0.018671424847787277,-0.031846396589201964,-0.0021963103964131037,0.0
2022-01-13,-0.043573280556303606,-0.05151036555393773,-0.015826271809081804,-0.022328255056896285,-0.07126439015963049,-0.08184537830835492,-0.03551644366657658,-0.03323489354346576,-0.024014352061958233,-0.028260895029584066
2022-01-14,-0.04759962174449639,-0.004872295361554868,-0.019244201927026583,-0.026673627399953603,-0.04331680061777954,-0.04055210607573645,-0.01920128390291076,0.007580704935080007,0.007893034910742447,0.011185725521638101
2022-01-18,-0.06635231686690035,-0.003881024080880646,0.015589795438935239,-0.0053734479357195886,-0.04355326458050379,0.03644732380898952,-0.04735619462311991,-0.05324859748809341,-0.044869978863281146,0.005530994573656356
2022-01-19,-0.021485666041706875,-0.002037980783785698,0.008910582341713047,0.0007202836867068463,-0.035166847426214454,-0.030600243534383398,-0.023975418124908998,-0.03887141925348403,0.012508095430904476,-0.017601743094202038
2022-01-20,-0.03659567924413076,0.00522550957104273,-0.029380829166436362,-0.04426832381954804,-0.034112128749956616,0.0054731424426941455,-0.02838600626151333,-0.05204467474437713,-0.052553354939158914,-0.004479278889816363
2022-01-21,0.035940415965862726,-0.09100140817397351,-0.011171013418164288,-0.0011298592798308915,-0.058538993098941394,-0.14140136946643733,-0.03176330063348287,-0.05530759305849908,0.008459729279796102,-0.03937012012970398
2022-01-24,-0.05838660256521533,0.034115574014502714,0.06186190563619243,0.05900096910402519,0.029290936741495743,0.16402509769977125,0.04026573840415826,0.09347264131471089,0.14728013457059874,-0.03981266441529541
2022-01-25,-0.003594614127474971,-0.032608725171491604,0.011668925521766349,-0.02456400657624891,-0.03544687805700697,-0.07200760523560557,-0.021121932474125193,-0.025657796833786217,0.007538092455081191,-0.014634132725648952
2022-01-26,0.03477303526272624,-0.029371188310638785,-0.03528103031199459,-0.03394161032943677,0.05227744538486778,-0.03808091281986137,-0.04992973208145102,-0.04158271137999581,-0.03131051466557677,-0.021039613601378737
2022-01-27,-0.09432505608816588,0.0006769977165530516,-0.01608798533011635,-0.0007555224157909102,-0.046237114490173536,0.005179138193732058,-0.031030475588556983,-0.0150696987739386,-0.013439040601985308,-0.04551196758809373
2022-01-28,0.04694190736338566,0.023068517347865303,0.011347227102868063,0.03308120135480874,0.06446622173012173,0.03042064858333804,0.06816388083181546,0.044548778227320174,-0.017419039321494578,0.04370859806215921
2022-01-31,0.11255230549369366,0.08477159086426012,0.01952482741173789,0.025983673690810782,0.07025197702605901,0.11007599149238101,0.02781178179994681,0.06227006040101979,0.0107561399341487,0.044416170394972365
2022-02-01,0.03369134452091749,0.013471450252767525,0.023830228840987733,0.003923445676775605,0.07197827712108995,0.016783985991591255,0.023484413095360646,0.04252183786988395,0.01950962907402598,-0.012150599435906795
2022-02-02,-0.11154527290229421,-0.056297371103105176,-0.02056722063438421,0.043169505805700004,-0.07981416238560335,-0.03871831918120372,-0.02350345025249101,-0.09375579948965895,-0.000502508137189106,-0.05043054347822262
2022-02-03,-0.008096736817082784,-0.07405988253163254,-0.03326991979253824,-0.05211176457556976,-0.05690691263730896,-0.07234847837170222,-0.015375450204209828,-0.05946639503100648,-0.021079905975578406,-0.058290132317991294
2022-02-04,0.03134125643199148,0.09257982558682998,-0.0031287719606036823,0.008444168512539374,0.06520682249813858,0.022934523451015876,0.01934917645265477,0.029014826300358898,0.025643055147238192,0.013755145102465782
2022-02-07,0.0,-0.0186479653168955,0.010132888055470524,-0.003563075216404643,-0.017816327113872155,-0.026478594894051466,0.009404280753556815,-0.009328763153039099,-0.0023498964563047897,-0.017639093142408635
2022-02-08,0.12956813182258298,0.0005777513989997374,0.01588985959525213,0.04326817090943735,0.028837248336437193,0.046470261335953555,0.008213416391546824,0.040285945633813824,0.015407105640073082,0.006906103910986783
2022-02-09,0.07517303249231144,0.05838576971564091,0.023505930780239215,0.045415651140607416,0.058770306859789345,0.06243057477546654,0.02694418204215454,0.03443825678633461,0.024794547009646006,0.013717408114656493
2022-02-10,-0.014643170660696758,0.004182754331563565,-0.023478328500964984,-0.004098320005486489,-0.027327044729442806,-0.050095191579575316,-0.0017522857110234824,-0.027764991566454844,-0.02990921835619953,-0.021650859310258563
2022-02-11,0.014534161521637667,-0.010322918913880041,-0.022468859129002428,-0.05596707567161918,0.02414395173319628,-0.08535008436444402,-0.030766679229094485,-0.0138729308552904,-0.048198189893258636,-0.026279399269601544
2022-02-14,-0.057625784000880254,-0.030010968010713346,-0.016188256630104703,-0.04045346901946112,-0.048435454970507275,-0.005093774487029856,7.342024906575872e-05,-0.024087252795996106,-0.021943704364187133,-0.019886344779005638
2022-02-15,0.07746184651031252,0.05741409494858485,0.04018185936291441,0.006178550642416347,0.06891886156378191,0.013297324774971475,0.043634715145866254,0.043456806019394056,0.033242783889063654,0.0420289793978017
2022-02-16,0.01720036545621184,-0.039845359449532936,-0.04903000940235602,0.0014448082243625482,-0.031184146034266003,-0.027228037516276005,-0.014913860211247854,-0.07985717469005038,0.006959779256575205,-0.005563276986744636
2022-02-17,-0.0383386433316073,-0.1036852929748987,-0.03703702549896082,-0.05592750513772082,-0.04045238427292719,-0.024455395363073507,-0.04180056109803132,-0.04203889348629375,-0.05000026768689081,-0.04475526816687858
2022-02-18,-0.015233812713917882,-0.2228595545100206,-0.008875736773580778,0.0023005018819024503,-0.21622840733877913,-0.06529612035859511,-0.005788355102306686,-0.020718705280112548,0.01309576297712356,-0.026354294341038975
2022-02-22,-0.028552631083332614,0.08456342000400663,-0.035146771765369844,-0.01625871281929847,0.07518792181746381,-0.056566466231593004,-0.06641683228158768,-0.044031536817056294,-0.044195472143010006,-0.03458646853760361
2022-02-23,-0.027020115856164595,-0.029679451589343597,-0.025249646310430807,-0.021582654301761317,0.05594400213245465,-0.04696020215176111,-0.016995894723257354,-0.009228234230953869,-0.025373626195086096,-0.024922094316309096
2022-02-24,0.08453032865241727,0.1415294283510884,0.036961304002350204,0.05604144823745383,0.11207340076389172,0.10910688922927836,0.041304799960580674,0.0473953182860527,0.06999695292930985,0.05750793027391787
2022-02-25,-0.04816182301985128,0.03338263732853064,0.019549807298258948,0.024651896764758208,0.01694919104564896,0.21039274284460507,0.03629328729789205,0.032423095588862694,0.0947716884023051,0.015105726036447331
2022-02-28,0.040141629560924486,-0.0005730379679459441,0.016850693203736,-0.019834855578307997,0.06666664375557274,-0.013764176349676971,0.01400380422487335,0.0737860545440927,-0.05719772562806025,0.022321443459919266
2022-03-01,-0.035025132342225374,-0.020855756379044355,-0.006095230285777409,-0.04553105239687294,-0.006756750225933805,-0.03595403526814023,-0.014108997882518848,-0.0593455022369882,-0.025846607610691685,-0.013100389701594328
2022-03-02,0.02478578945421761,-0.0290587129453328,0.06582969692944007,0.04731036508054176,-0.014030608728033633,-0.0444643267217566,0.02831903300103944,-0.011319900854139808,0.09540173566185683,0.008849548808677277
2022-03-03,-0.029187484815647258,-0.03618541758930682,0.010339032340322518,-0.022680271245693273,-0.09831826796627374,-0.11023734731991441,-0.029723664694956464,-0.05289667175292989,-0.006915077713957385,-0.01608189050592146
2022-03-04,-0.0570053187335553,-0.049667567852231476,-0.023758695286281606,-0.044495606508030305,-0.010521248922042425,-0.15803132487190008,-0.07267716770069721,0.00588326657613214,-0.04098916246020157,-0.03714710242072439
2022-03-07,-0.11024543063100001,-0.07448562182516716,-0.09306349947269998,-0.08671211049306393,-0.127597932762321,0.010593279296073677,-0.09705927185212437,0.011377340165984684,-0.004356388732193683,-0.02777775120506243
2022-03-08,0.0368394938935277,0.008981788916324618,0.02090445321082135,0.0019778786870157106,-0.03711911936917378,0.0024776083295914297,0.005226619294042667,0.03160894999334851,0.04761896633400986,0.009523800152860362
2022-03-09,0.021357119722536178,0.03604798167008694,0.07186463544981092,0.04606277161156758,0.02301504863025916,0.10788966024900692,0.040873907182650715,-0.026954401039219422,0.004665809887923755,0.05974836943812756
2022-03-10,-0.044197334534196164,-0.056997060005916644,0.009735295932962407,0.008177825468993039,-0.011248636401328893,-0.026340640690776018,-0.016140665130433995,-0.0471943474922798,0.018127741419046384,-0.03412456232148675
2022-03-11,-0.07826168763182251,-0.06314839960628604,-0.021102145502470582,-0.026414269360364617,-0.08361770874482466,0.0027317711047092352,-0.04595880762729898,-0.05201694884514174,-0.007762108287069025,-0.041474723236691435
2022-03-14,-0.15729853756635082,-0.030428464893066942,-0.007805495548884767,-0.00833174724939012,-0.05276228114625614,-0.07302921131576212,0.002368707896691191,-0.08422891783918474,-0.03614741574878322,-0.04807687899064572
2022-03-15,0.05799511898475829,0.011321872698452085,0.043453820628380546,0.015079844950166121,0.05701172469435245,0.14182776721957113,0.0444375639021779,0.07623323804293825,0.0225785814729913,0.0252525410643889
2022-03-16,0.051064874780622604,0.1284493920834413,-0.003231080680956233,0.03459239362128441,0.13577189386248767,0.07480903748176138,0.03602388931138667,0.056294311190819846,0.044611493039665495,0.07881773514726675
2022-03-17,0.00967069228630102,0.04325118295116215,0.006945893694077165,-0.00041020716256690015,0.036572057175483064,0.04179222703475571,0.03179327709665225,0.005958867607051221,0.0041409791858864065,0.03805174938629907
2022-03-18,0.03523379788837144,0.04145813592401826,0.02990830123510313,0.034065231501180016,0.033175412096286605,0.05613228281598537,0.029411799247009318,0.042382794970684756,0.061464783646875576,0.030791793674664447
2022-03-21,0.03755915847922031,-0.03476168514964151,-0.0500566765706576,-0.02143272885070646,-0.04230376596347207,-0.042968508325617605,-0.012469995801693945,-0.050344171543274974,-0.035777046452578065,0.01422473707654337
2022-03-22,0.30721871952190427,0.04173926387961324,0.0016523342503416139,0.012776437107932637,0.03299621616156623,0.036461060093237796,0.010356156149861961,0.07585334921413378,0.010125955853410362,0.049088344882868507
2022-03-23,0.14503817361438887,-0.0015931541833530405,-0.014297303335042533,-0.022226757696920396,-0.025759917770770246,-0.0006370204104391153,-0.03570089441511015,-0.051547213101448386,-0.05029497425105767,0.009358311695572441
2022-03-24,0.009858151699634332,0.01587685935301475,-0.006136767858577308,0.0194552954670979,0.007403457999900276,0.052836554519821055,0.0034135780521431514,0.002477930556818553,0.008948199584918992,0.013245020146527287
2022-03-25,0.06713952945833612,-0.02811593324097128,0.013471742169511414,0.022900604880182307,-0.04461934426052239,-0.13541873969739815,-0.026524676149019988,-0.05429680990487362,-0.014769131496283006,-0.03398695760007675
2022-03-28,0.24771306446600017,0.03725253018465913,-0.004707816242904506,-0.020620557521815575,0.02472521080917489,0.010426378933860114,0.0441527699801223,0.04417145625321872,0.020281502764779136,0.03788906831760297
2022-03-29,-0.05111030449168086,0.07167339439464171,0.03320363363649115,0.038099316953633,0.10938342934336776,0.06799633218005274,0.04949660528273814,0.08068423797625557,0.03305826980498083,0.020860475335147566
2022-03-30,-0.07254023477331406,-0.055321319754386256,-0.0599641824468542,-0.0361215330563901,-0.013533140619527817,-0.09164329239802149,-0.1332935863949949,-0.06215258482252406,-0.028011196760602375,-0.03065131206343208
2022-03-31,-0.0016182455054477574,-0.03601385467550089,-0.04488158081315907,-0.04208411818533586,-0.046055881483840655,-0.053103643008760026,-0.024500426203523995,-0.088005288005087,-0.03678610472864363,-0.01712781447001588
2022-04-01,-0.009484943052510686,0.002315006971331357,0.012997292146448736,-0.007113106858127161,-0.021571653369595545,0.0014251151400455075,-0.01701980390474145,0.002978893615192657,0.012332866255781338,-0.09517426736144274
2022-04-04,0.03472724683356998,0.07191779989548786,0.012929540255163241,0.007585331807230089,0.07139111101410278,0.11300848958538312,0.032164463978757496,0.05013049828302574,0.007324307370238259,0.04592591744882091
2022-04-05,-0.1003924314330884,-0.05364435535894263,-0.03079029270167044,-0.019029481581361862,-0.06663403334243556,-0.08649215248518383,0.07096865659843332,-0.01756944674662364,-0.026270363217820614,0.007082180048173958
2022-04-06,0.019858084019013456,-0.06312319025009283,-0.029054023851043498,-0.029631317301969218,-0.07191595730983136,-0.06364233239876493,-0.05435605220536088,-0.06699817228641503,-0.04296446286814559,-0.0267229330031733
2022-04-07,-0.04239019034423741,-0.018101094686711505,0.03831020627665427,-0.0021968564226667597,-0.027149294906731902,-0.021981886644995896,-0.021637269351251653,0.04665736919636321,0.04461849768162485,-0.021676314120471107
2022-04-08,-0.025399983723958353,-0.020739099967143515,0.03759492690015542,0.015631898660108057,-0.04767450963954001,-0.03524230812331075,0.0242815913526766,0.0013399490192336216,0.03678289310570815,0.004431345626716432
2022-04-11,0.005061838853662959,0.006187895221295259,0.014704481217044707,0.03381751687930734,0.029914633917714095,-0.012114445539828433,0.015218345010774126,0.014898794298339402,0.0024250770058156235,-0.00588234716633218
2022-04-12,-0.014020265849596703,-0.016197446224497036,0.0008521810328507851,0.025162553795958775,-0.0272673959061992,-0.04933494687005724,0.01675024556224347,-0.05458859852196585,0.01892419647126209,-0.008875801417927431
2022-04-13,0.04024299045733182,0.025532677224222367,0.014100593902943492,0.04581709292267333,0.020719083226652835,0.04276639739262156,0.019099812465699584,0.08786607791814216,0.031119624713892957,0.022388074572778693
2022-04-14,0.00046454761537106926,-0.043956066269097094,-0.01866366995644997,0.020731503856427524,-0.015522401724288759,-0.033875721052299634,-0.05291320530212029,-0.07495723626552486,0.020520531655121355,-0.024817529731493315
2022-04-18,-0.061749667007831244,-0.03098057587404046,-0.03803749537367285,0.013795655519091454,-0.03092784936086468,-0.049049556874420475,-0.020835205351199315,-0.057562627401826494,0.018121355420123386,-0.02694608277907551
2022-04-19,0.0778311465028132,0.08219808003122187,0.06860428767832105,0.050274033630830495,0.056320378242283864,0.054065285058743084,0.06359145574885927,0.04509802425608922,0.012075263219351484,0.021538440997783903
2022-04-20,-0.023742343334460236,-0.06174001678231622,-0.0054578164207470525,0.022674248487241755,-0.07819898144414095,-0.09108775096852717,-0.028818301681388103,-0.08921202882136225,0.002418993276166681,-0.03463855778587843
2022-04-21,-0.04897553406784638,-0.09144835877497703,-0.03618255475642895,-0.02463486870594478,-0.07712086957443753,-0.10118917516759929,-0.0035170752769018154,-0.045009736141910395,-0.01102206013312268,-0.03900156099082153
2022-04-22,-0.023594210197044885,-0.024711267086432787,-0.037927071403940804,-0.03644232766647759,-0.02298049662923274,0.007337006176171057,-0.05089572747574933,-0.08078082145340948,-0.11613008886614251,-0.0162337511541627
2022-04-25,-0.01642312438441018,0.044494875756142305,0.03179854879094823,0.012918906864579638,0.04632933603534273,-0.030328323592000883,0.05428123474121094,-0.015252880447669925,0.07248352407907999,0.003300326916725993
2022-04-26,-0.06141962972827453,-0.09515828002562743,-0.055512392110298237,-0.021996443515760022,-0.049046338696257075,-0.13200350514345272,-0.01416841701537952,-0.0558799288020142,-0.025844459176374568,-0.0625000196067913
2022-04-27,0.017554842402477178,-0.0762859616067525,-0.012145957488975068,-0.002267973980681348,-0.006447002316759098,-0.06738543325686619,0.023813143855620167,-0.037354860730328676,0.0533459442007409,-0.017543843505051004
2022-04-28,-0.00408193772524168,0.08105232354932812,0.056996821998043457,0.02974049683542579,0.016582588162103118,-0.020839684573737416,0.03668024397571146,0.09320923864882502,0.04393188652890978,0.05000003831727229
2022-04-29,-0.032789404870634864,0.0138601365331108,-0.049487394330338885,-0.027041861597703165,-0.02978723864758981,-0.0995805210718399,-0.04781871071618271,-0.07734736773535522,-0.013475398106215786,-0.027210938968575293
2022-05-02,-0.0439753738979789,0.11011835909054657,0.034328918101894645,0.02665899181235787,0.0957601927425944,0.04330571555478846,0.03483872315003289,0.13582007559982068,0.016523176601524803,0.024475585394744037
2022-05-03,0.0071924446980558,0.007951126894818694,0.015040855199123904,-0.019336913832105118,0.006004012939432979,-0.05192659719947468,-0.008912329889917192,0.028149663595993246,0.03516504283132371,0.003412965950654101
2022-05-04,0.05521881183282784,0.058297309917244355,0.014619950302520612,0.021408464098368052,0.04310342319753335,0.040467531655234756,-0.014591125283537787,0.0101280320263053,0.07607384290597596,0.04081628681073313
2022-05-05,-0.0625590530617538,-0.06872107118611248,-0.05160155079755735,-0.006067274663509092,-0.08200890015217566,-0.17988263650892222,-0.08975572462850223,-0.25683125428974807,-0.07755583275288158,-0.04901956201103741
2022-05-06,-0.03718627052221035,-0.05485598130399871,-0.05081621039666773,-0.02293750590437882,-0.0893351800096649,-0.04987743764954766,-0.05142134580342084,-0.01897700277553882,-0.0258091024057705,-0.03608247971701106
2022-05-09,-0.13870964652156137,-0.09356609539051575,-0.029418085207827405,-0.046952054490200346,-0.16425854829443143,-0.16587773435039443,-0.00958029928056714,-0.057730086149783366,-0.0012940000803348672,-0.08377901173673863
2022-05-10,-0.053547938723582766,-0.044434249124384206,0.000891471228381846,-0.00913770603314601,0.033666960260676726,-0.053907687796751036,-0.0006195961300559105,-0.06206894990528411,-0.03478662163547275,0.009727663819775634
2022-05-11,-0.1301604082240141,-0.06140457085043771,-0.033288708670210054,-0.04230161637269614,-0.09595063660700798,-0.1821155905016586,-0.0374414261606445,-0.1003761795115139,-0.04986574057091964,-0.05780350432125636
2022-05-12,0.10131559914244592,0.11153453560907423,0.03017369959478966,0.0161191296510117,0.10710802130138752,0.24666666984558105,0.02100552821890278,0.05987450436489539,0.10461236622451486,0.049079806647890356
2022-05-13,0.09847046695182571,0.11817138671874994,0.010061519658078888,0.050885596563980284,0.10905890796824669,0.02433157215951831,0.015175895349481383,0.02815644829234487,0.03494731563630871,0.13645220149111537
2022-05-16,-0.06697831465363291,-0.04681106268486701,0.0005532910827499293,-0.05097052198030638,-0.010309287706608328,0.002349210209692032,-0.03390301236370208,-0.11372754665135731,0.005838912372953864,-0.024013699539913502
2022-05-17,0.09346398601776373,0.047179942366412986,0.022898437212716116,-0.02912618768418962,0.11057693630280618,0.08333331781129005,0.06593293461158978,0.08580981456037096,-0.005191091838615658,0.05623904542062452
2022-05-18,-0.08866302191676267,-0.028875765087779448,-0.14220841555336028,-0.0863827806693902,0.0,-0.15745186466260563,-0.11888155960908275,-0.1372122520584984,-0.17243513551223755,-0.021630633858578885
2022-05-19,0.08428070399593279,0.021404539087696905,-0.0007564888705084982,-0.0677690546815356,0.020923518689505594,-0.061911555076798686,0.05159423628607507,0.04453787425507216,0.017161947688491663,0.022108862569857113
2022-05-20,-0.035588251763398526,-0.027562771989640078,-0.021952869723242507,-0.033474636575426486,-0.008480557511954645,0.020985402518419516,-0.028149644119861983,0.03419141002623949,-0.08175620311204168,-0.019966781668254052
2022-05-23,0.004913167189170453,-0.02579618241931514,-0.029024750364225582,-0.004135605293325462,-0.006414836372119481,-0.09919576167489297,-0.04534621146317919,-0.02333716435188271,-0.005472233801820492,0.010186747731683932
2022-05-24,-0.0726099649117683,-0.1374086677806342,-0.053540809659391786,-0.06176999739152067,-0.03084643934326725,-0.11871692326493122,-0.039505575271551296,-0.09378739117250812,-0.05317715853235461,-0.03529412518971309
2022-05-25,0.29186759616053615,0.07112174068926702,0.09685618298146559,0.08713704759000551,0.0458919226539789,0.16172607896709734,0.040115394092050005,0.1052516170553437,0.1242473008177396,0.02961673921126806
2022-05-26,0.11539471004789359,0.0442269130735824,0.08241604764166555,0.08218804042136796,0.00778483055812762,0.004198970164178473,0.08681730518255559,0.11948314567373508,0.07727423707716619,0.027072813600719225
2022-05-27,0.06811458463870257,0.089564041373136,0.0014184868336590828,-0.001881204088065025,0.03370790053551764,0.08877453385869782,0.045328813444877714,0.04848161029403242,0.05905186556033026,0.08237232056999244
2022-05-31,-0.09088264878597496,-0.016274486109234987,-0.04096787853196737,-0.03368660386264133,-0.0794836993933089,-0.1302806457854251,-0.003264310246421376,0.005928158345082979,-0.0029432444506943822,-0.07914763582038375
2022-06-01,-0.026775664542966315,-0.04351954495686983,-0.019204564823352088,-0.03534845939339837,-0.0029520266634666115,-0.10020383006812994,-0.0002757397130729311,-0.03519111254532481,-0.012637544575107573,-0.05289258868973823
2022-06-02,0.10378911297983096,0.0559656496521721,0.037906069323607516,-0.004063875008855411,0.05551443281226898,0.13552283017711475,0.041172422211745774,0.11291450797295033,0.043101340176479264,0.07504359980929842
2022-06-03,-0.002238828744461241,-0.08941053553733824,-0.023098424560148656,-0.028309157154540854,-0.10799438549334317,-0.11835105012766645,0.00890906279279191,-0.08577702966030287,0.04479872880328939,-0.05357141751305261
2022-06-06,-0.04188474923372232,0.025779102102069462,0.011512816557282646,-0.0230970291578656,0.02830185920753414,-0.06184013476583461,0.018317258585253793,-0.025042866270649222,0.03165719800218536,0.012006890665082315
2022-06-07,0.1436377284917194,0.04344911697405229,-0.004283294686069139,0.01208999112971676,-0.009938846727766903,0.021302240789740523,-0.013281310179153683,-0.037297658800028,0.002749160984220289,0.0372880994297593
2022-06-08,-0.053037571825671925,0.09055875883419717,-0.010939199236263741,-0.010618637663044384,0.10656371697037326,-0.008264427139523023,-0.01813188232013363,0.033991238465978624,-0.025387714628040903,0.001634024357652919
2022-06-09,-0.07028040294291271,-0.0933450604948548,0.002725729271765731,-0.05151595549930965,-0.03558968817844477,-0.08214286457654307,-0.042889513149497405,-0.045599182530224325,-0.037177127905449026,-0.05546495044705235
2022-06-10,0.0008528501627798057,-0.10457944543545905,-0.03366588495495637,-0.04158401717812543,-0.052098359569728636,-0.04842195862978893,-0.0333043169669357,-0.04537038449887876,-0.0391526494744161,-0.04317789320329979
2022-06-13,-0.08397239635453346,-0.11437551915350708,-0.050709612775194035,-0.030401371396689858,-0.15801531207789898,-0.04452523884374893,-0.07221209249809968,-0.06964112911192732,-0.04643246482840757,-0.07400719318325988
2022-06-14,0.06697672870144022,0.01419796471709689,0.006388564757468407,-0.0015221506106144478,0.052583856550086905,-0.005230584105132774,-0.04907162635193385,-0.017097575281015742,0.020274248642208503,0.001949269360935979
2022-06-15,0.024728502516182527,0.1172432221985904,0.009049201806850204,0.03658560797934096,0.05340223117082532,0.1677820598909292,0.020421450574504396,0.03118373440254918,-0.0037028269660951407,0.05642022750699227
2022-06-16,-0.02753492237655686,-0.05325298998729289,-0.040824958059087035,-0.05588259421378472,-0.12346683006755099,-0.12402781972901478,-0.07461849064888681,-0.09113351675688741,-0.055267284376875336,-0.06629828141033156
2022-06-17,0.07484288381032567,0.04886734854176433,0.030282189388401992,0.04454843448037127,0.06529848804370886,0.13411211532863154,0.059483719940693236,0.03666815121535838,-0.013786047083875985,0.02366861567970302
2022-06-21,0.038034626408635086,0.08080567592900989,0.01991044321442592,-0.09454216906033786,0.06567425525301673,0.026369958827361817,0.0004888979628174805,-0.018122227733265994,0.01127074744503842,0.01541424331869834
2022-06-22,-0.012973995446728614,0.023686580231029764,0.0034529359979018626,-0.014822212546215296,0.028759275207524082,0.009233240661787212,0.007045104026466076,0.06737822319430875,-0.06296342742673389,0.009487702261067765
2022-06-23,0.025711377913989475,0.05307595359480932,0.03030702572161692,-0.012370254636634215,0.04472839021304709,0.1392204262324932,0.03797161083984313,0.12833333015441895,-0.05842837238320653,0.009398442158713438
2022-06-24,-0.047950974184798545,0.028532728299484722,0.08400772734460538,0.04773162280381782,0.08180425849123774,0.10055861038600922,0.04507561030996721,0.09582715364348315,0.06574516618129067,0.07076352375030925
2022-06-27,-0.040825412309478115,-0.04070058499236173,-0.044910438184475376,-0.0054926199818770005,-0.03886920508042202,-0.03743655849432004,-0.04559183965080382,-0.06149954178639416,-0.023706018808972606,0.008695685345193604
2022-06-28,-0.040943828267620996,-0.05973618640748679,-0.04044686025145128,-0.0578298822256208,-0.061764715369597156,-0.1845748047348642,-0.047769690853654234,-0.09658888679396338,-0.021995444369738437,-0.010344899593718315
2022-06-29,-0.0122205875271848,-0.022224669535618302,-0.011119557772289124,-0.08965512605518744,-0.027429496488370897,-0.06588515355737101,-0.02653917773532377,-0.04272658066212287,-0.03985315363436637,-0.034843173735210176
2022-06-30,-0.0045580136400110716,-0.05705431277557038,-0.014513661580863535,0.01969705588066395,-0.0596293134743654,-0.022933885427240175,-0.10559587073982624,-0.09570265665125799,-0.07335204100450254,-0.027075829675143104
2022-07-01,0.00915776851382022,0.021548627777126628,0.01963647279609848,0.03566132247625231,0.008569012923390185,-0.03144369530653257,0.039762567887630995,0.04040400059795113,-0.04792118133226653,0.01113171507714017
2022-07-05,-0.025846660665519106,0.09712779812646599,0.054131594761281265,-0.005021739845339268,0.10195410047529774,0.2610881807507144,0.10380608961894167,0.1844660341272315,0.021476088185658382,0.034862397040354764
2022-07-06,-0.023288721397148104,-0.0383445456540461,-0.025429237163256846,-0.037490998655927976,-0.04626062984709378,-0.046410365243791274,-0.007347782445909834,-0.027198194414538523,-0.013659020598296268,0.03546104447461973
2022-07-07,0.15064289164642042,0.056026196237027204,0.05940485632530956,0.05318378971959725,0.05901378356218556,0.01825089610933528,0.05553714444220925,0.1095365237896262,0.005104469702906567,0.0376711959663496
2022-07-08,-0.048697469425956874,0.009840686911560814,0.0037061961503686014,-0.017781039286811295,-0.02748096182201587,-0.06310676327100317,0.026836458779688988,-0.04539173827673515,-0.02398214261088738,-0.01980196150035629
2022-07-11,0.012058527561203958,-0.0905624692310999,-0.002143983854242304,-0.02534397533505217,-0.10282570561046456,-0.11956952761669137,-0.0166730065449201,-0.0956427550927863,0.009202337578329667,-0.038720541558565524
2022-07-12,0.0540395032454104,0.019799638203557457,0.011101734448922596,-0.0026004506524720528,0.03674541251794716,-0.0009054293163960336,0.014588829735650455,0.014794039524137492,-0.04568681534169483,-0.014010494425848785
2022-07-13,0.030338417519298222,-0.006167210262494449,0.030460665336731196,0.020856728053614937,-0.010970473439326112,-0.04984147379194326,0.0034419077122447295,-0.010835288716454228,0.00860429065337831,0.028419155268169627
2022-07-14,-0.03595697816355803,-0.05378074564139479,-0.006072503201654866,-0.05290054470326733,-0.0426621150689408,-0.03528845295666905,-0.025725122458768346,-0.021509620315675493,-0.01993831996304718,-0.029360980555091176
2022-07-15,0.039941281668850026,0.041656551587644364,0.017291178272307084,0.059707358726801996,0.14616750005503598,0.05042016707685737,0.04568928165567532,0.05841642315264184,0.01791491293989922,0.02313169343205157
2022-07-18,0.03530076264858706,0.02856482072434341,0.010424885321700161,0.03889499900639204,0.010886496660990286,0.04705877865062047,-0.03669758076392582,0.004038443932166569,0.011633727725815834,0.0
2022-07-19,0.034506257362620696,0.018703258932756484,0.030503393309832205,0.05388394373950134,0.0376922900860126,0.02696637472801533,0.03009591746376672,0.038306838442270896,0.05676217291457508,0.03826083307680883
2022-07-20,0.046473323622828966,0.06909979853882708,0.033627262545074865,0.03253644719617643,0.0585618958678118,0.1982493712166704,0.030724547977229788,0.040951877111154555,0.024787205089960018,0.03350088662161821
2022-07-21,-0.03325983483021655,0.015091558291098206,0.0017897596189757614,0.0704180395642473,-0.0007002293693627593,0.030314165686462724,0.011045641978060461,0.011164293189937391,0.04420056635937253,0.006482975908981503
2022-07-22,-0.06743992976602264,-0.08910081564823025,-0.001471219040657279,0.0054071734348193345,-0.05185709187485543,-0.10031902957134009,-0.026082522324321622,-0.09305995873628825,-0.024380555555555516,-0.04508860033628925
2022-07-25,-0.05030741471411304,-0.023975656699903758,-0.01620901914264128,-0.0014941458858569456,-0.010347331294270012,-0.007092247883166314,-0.02403239429227655,-0.04657004536062048,0.006815261160539654,-0.011804333364345165
2022-07-26,-0.0456150458487774,-0.07888359370442521,-0.03883613521110685,-0.006582797501129112,-0.055265175938662314,-0.04047619002566405,-0.0468506091668649,-0.08593436695083612,-0.04079292573954496,-0.02559728531566985
2022-07-27,0.04162807466596408,0.08826837585985903,0.01680782005845516,0.028313163767718974,0.08142298163683082,0.09015712849371216,0.04679764057838631,0.10731708018493924,0.060562765363842974,0.04378283683534456
2022-07-28,0.0017762396524356738,-0.02013345647567255,0.021893867504716003,0.03632103586398827,0.0036549149082716337,0.031107746478554743,0.03444460883871292,0.05346419817910464,-0.002565866478466572,0.026845611810072167
2022-07-29,0.005023586530105595,-0.23071506338300818,0.0025710294035212744,0.004522483876772565,0.0,0.07247977608652834,0.03038456491830055,0.024710116365304957,-0.008677188947514791,0.001634024357652919
2022-08-01,0.022640414459419445,0.09416981249178336,0.026925862885279095,0.05008451463860575,0.027676629796815178,0.0349914234742601,0.009698393313851028,0.053978850967327574,0.015966640523610742,-0.004893998246048303
2022-08-02,0.03047732635120126,0.056074717619824854,-0.026844169498771886,-0.008038664757154201,0.08929838834443693,0.12860457958079574,-0.008258371620016747,0.011087664053131219,0.009524359087154544,0.03278693266050836
2022-08-03,0.05831473615205818,0.04345530254011165,0.04330159085384788,0.06185815771590253,0.0943396109343817,0.024963300693444435,0.028019000058240984,0.12167104587709576,0.03868287509467838,0.0428571385320895
2022-08-04,0.011336680772900065,0.028860744041732556,-0.0076860513242187345,-0.021877325889542276,-0.02734834083345472,-0.03896845776858926,-0.013210456713363405,-0.023743056114644556,-0.01577208199756419,0.012176548191143333
2022-08-05,0.0432742393378418,0.01205712809610926,0.007435885622118388,-0.02834858186891942,0.09779941408490633,0.4007155116232253,0.010639383296580096,-0.009537410198321217,0.0018877091812758984,0.015037579428341719
2022-08-08,0.08570715307201793,0.016289767846972225,0.04213231334645973,0.02569578266691197,0.026169334335293115,-0.011068549655820603,0.037577993386492814,0.1531053906366846,0.08273654468622094,0.022222236350730507
2022-08-09,-0.07088611684632617,-0.06578947488500919,-0.035018756173864296,-0.059498592268624306,-0.029300103450117243,-0.10826512967589852,-0.04901729090229612,-0.17035487994029852,-0.07649164119988927,-0.04492752731810412
2022-08-10,0.003963335438330606,0.03815625371517828,0.039449301146146754,0.03607079970879745,0.08160989612252756,0.14192609288990132,0.057337706232999164,0.09092430990520906,0.040827273369910655,0.051593272819153935
2022-08-11,-0.02664688006132132,-0.005303407689503548,0.030793433159770123,0.050883719009023,-0.04186043669115724,0.05960686282671812,0.014066595392028258,-0.00784256721211618,0.17778410227103936,-0.027417036353088786
2022-08-12,0.032699642346755375,0.039181599168362835,0.020264678486445975,0.019113401436021693,0.11488668045224948,0.0392978308903158,0.013377257194707504,0.06354628513385441,0.03023049623187979,0.005934783389992537
2022-08-15,-0.026018687521342954,0.006801094277872011,0.0017714942844402337,-0.01975493391237948,0.0062892675513677165,-0.021113269233972498,0.0157367550276708,-0.004080536250129385,0.05311690106334788,0.011799398411569628
2022-08-16,0.06325600560052935,-0.0030812338859776967,0.05045154342516689,0.04642857923533095,-0.006730740133826241,0.07039219856995604,0.05412933416289567,0.07609020860824378,0.029532133941445604,0.023323592463275977
2022-08-17,-0.039582797423655225,-0.06776039457355254,-0.005228040709370996,-0.01535838031112613,-0.004356251367502506,-0.0910423534284801,-0.049892176968778124,-0.055208016155144146,0.0005504031038734425,-0.03561253570929557
2022-08-18,-0.06391905536347653,-0.006503373103085575,0.0018705886703178631,0.0017417435574316187,-0.048128331833046434,-0.03546959331805255,-0.005017921566470185,0.026770191293771894,0.008680369416444345,-0.002954206939861259
2022-08-19,-0.03796463525238858,-0.04826083891020405,-0.01262558404072378,-0.03974171290974826,-0.07354446065723264,-0.11617212327745552,-0.04179117236084362,-0.2008690601620674,-0.028452925439864662,-0.056296313250506325
2022-08-22,-0.05453553266458522,-0.04261636678465219,-0.0061234345271874435,-0.05613046736573546,-0.04961409309880449,-0.14988181089450026,-0.01749916672583307,-0.047184681738412615,-0.03973427966150389,-0.042386183010553746
2022-08-23,-0.02811597741168481,-0.03014508316728104,0.006976505996816762,0.003836821806316948,-0.010440853107047676,-0.03503891241876378,-0.0009894159977800188,-0.004970553374089914,0.017863312944373266,0.00819675270763387
2022-08-24,-0.03071872403207032,0.0023239457611536896,-0.02771268626534884,0.009009028930542007,0.022860569121097907,0.04005761896794979,-6.837504923573601e-05,0.020906588049319108,-0.019687657500840117,0.019512176211098575
2022-08-25,-0.01661541278545675,0.0640486600800263,0.019988815644067515,0.026244345665934254,-0.0011461579879210593,0.06650041886755731,0.006387354253984956,0.04295032473318905,0.025095974616123007,0.023923460258969076
2022-08-26,-0.03191484917502996,-0.06959009381879822,-0.031573419691315,-0.02900078642657189,-0.051635089086201624,-0.07664330424738153,-0.09411488463104845,-0.0707211077112101,-0.042263501576991436,-0.051401856664237466
2022-08-29,0.01971553627904643,-0.019174437418696177,-0.001686144561559244,0.02172138771024712,-0.0018149234966302608,-0.03742259446112162,0.0001123928623329995,0.015893835005496904,-0.010675591205956514,0.003284069035370152
2022-08-30,-0.05419965533514137,0.0,0.01689197058877223,0.0015945691072090096,-0.007272778135357427,-0.032738961833095326,-0.004869962467517808,-0.01877416571667856,-0.00154159532247089,-0.011456656322708425
2022-08-31,-0.040214502573833966,0.014773881990883586,-0.018364710953649,-0.009551617474715002,-0.019536001905951395,-0.0030220581496355203,-0.03662855913935015,-0.011254966673457378,-0.0057057056488618585,-0.016556275705983503
2022-09-01,-0.03526537187172174,0.004411809584673687,0.022938621580898877,0.029199108407432783,-0.006226614640148287,-0.006365537523318809,-0.01250438397268483,-0.03149307296992754,-0.023528472575255588,-0.030303001111897543
2022-09-02,-0.009771934803328719,-0.03382145072874676,-0.005330208830030658,0.001301465677379543,-0.029448638214626066,-0.036607724136185404,-0.0021368704466591115,-0.0268364143459221,-0.0006910803775089791,-0.0034723015571050952
2022-09-06,-0.0811403936834415,-0.034247588948233765,-0.02272935771286322,-0.030153450690146855,0.012266012709172713,-0.002849924941180526,-0.03354876280488461,-0.024557190281982,0.019752918458617152,-0.027874538988168163
2022-09-07,-0.043754912522950384,0.028401088753993387,0.05285044217056023,0.02948270493699856,0.043367365557468895,0.05779617792825387,0.058840345837492425,0.04622372515034834,0.035619926654615774,0.019713285845592843
2022-09-08,0.07445919051619332,0.05691174359833395,0.021718799783513765,0.018484758986352823,0.038508504722669645,0.020114052974731678,0.014183312672914283,-0.037278093909418275,-0.006518753725180293,0.01757467550561298
2022-09-09,0.1196283454012701,0.03291477579304347,0.028954693629755113,0.01354820465010853,0.03766918176987821,0.07769274244162938,0.045279150549931035,0.06474082684909055,0.035510554327177424,0.03972366504124758
2022-09-12,0.011064996334025912,0.006429057510170866,0.010380975534492132,0.019924267805280227,0.03233134596179221,0.15456041297067413,0.014841342282597925,0.07658263322593162,-0.004043650886288219,0.029900303805469486
2022-09-13,-0.04753759919729583,-0.054992347826639754,-0.03303045274561611,-0.06552904355555578,-0.046703315705380444,-0.12937562642674738,-0.055075314508480355,-0.11063453721177474,-0.05770683366112461,-0.043548385360114406
2022-09-14,0.0100538159950323,0.004408455678321044,0.006937056870830904,0.013760143134819547,0.060518686684409184,-0.02010320072247107,0.0019441535155360068,0.005627061966217317,-0.024326221054818298,0.005059057449712467
2022-09-15,0.017063685172604925,0.07988294376538918,-0.002964993030205809,-0.024275720551570235,0.04456520172959211,0.026337617750979758,-0.013772618960676941,-0.03397283636763371,-0.0002781577523807144,0.015100696646282774
2022-09-16,0.0010485417216670179,-0.03332880593201204,-0.02352831549877199,0.011771065766671418,-0.03225801009545182,-0.11075090712733104,-0.006056659659074759,-0.06495654488491631,-0.0006609637725416562,-0.0545455190313191
2022-09-19,0.01117317394007622,0.023405721158508808,0.021676633119585453,0.025118904489322302,0.0037634243757305175,0.01609962709799473,0.031748468346821435,0.018805275658712484,0.048242484710828704,0.0034965002902287434
2022-09-20,-0.04903308749435242,-0.06327027293319099,-0.021304492730252256,-0.031467699466233956,-0.06427427734524449,-0.07414055092296501,-0.04311022846913748,-0.06753530210373304,-0.016270611438660265,-0.027874538988168163
2022-09-21,-0.0246913682850457,-0.040570196841720696,-0.02857647605959479,-0.014380901334696272,-0.04293074009606179,-0.010009654528617462,0.006604523756849945,-0.01443872733379925,0.0030041246034968605,-0.023297511867092613
2022-09-22,-0.08041696940913945,-0.07215239025297615,-0.01761352673519412,-0.017562714229485743,-0.06818178447758094,-0.12035223740207424,-0.030892360009468156,-0.07372398285405335,-0.03496560567193252,-0.03853211843970472
2022-09-23,0.013765187938699741,-0.016587261153839128,-0.019431129558628468,-0.017876794450513933,-0.03851093609806666,-0.028550293059482312,-0.0068509589442398156,-0.03673475544336369,-0.02357383833969695,-0.032442673069146166
2022-09-26,-0.022364271278590753,-0.02839012579518252,-0.02125215163908223,-0.026883240947492837,-0.026034673001746667,-0.06717552958956696,-0.023616325541964356,-0.05376056328210266,-0.04278570369208112,-0.01972394045047099
2022-09-27,0.06740194646178255,0.01220349055944392,0.08147516744521122,-0.01007204085494573,0.05003423814953467,0.015957460818725844,0.030878597312545608,0.005317621862390043,-0.018953752524001333,0.0241449431513181
2022-09-28,0.045158834407752924,0.03769742305504842,0.05580153500641316,0.028488467380969107,0.03655355292245166,0.08215867615565564,0.04426525133018444,0.05428732912980294,0.02160178761581011,-0.01964643977837288
2022-09-29,-0.06774076959528375,-0.07085586299799873,-0.03246522201488711,-0.04946285457044752,-0.03463477246670199,-0.1972459859477671,-0.03289195966726732,-0.08740421578958346,-0.02227840358764477,-0.038076069959563474
2022-09-30,-0.01296150571770105,-0.00669244912975453,-0.07357244369526361,-0.030627512419565517,-0.01239397138479359,-0.05887811295403156,-0.017723792583038134,-0.05815978172338432,0.03932321802274363,-0.02083341197834765
2022-10-03,0.009948269333422965,0.05602836457304283,0.04950310585272377,-0.0024538528674292737,0.017173003257043407,0.05714282694205153,0.03328315901509349,0.04792631059465102,0.045094667548572165,0.02340428467625899
2022-10-04,0.08747050016198932,0.04768301019317067,0.0021853713394079932,0.078720841950767,0.09415589602968022,0.08387701511480539,0.04503263272089142,0.09703891818721466,0.03743087083407848,0.037422002178779
2022-10-05,-0.043840615039761666,-0.04326924193775372,0.01462845570468363,0.010547247695774642,-0.00890205431064739,-0.07351676940566843,-0.004892506246565231,-0.04943876442133022,-0.0533256278305686,-0.01603204957424842
2022-10-06,-0.01515724243203942,-0.005192652752585181,0.003850556450678333,-0.004513330985101649,-0.039520947141318485,-0.01948958509081755,0.0017775470450949182,-0.053978020394098825,-0.02089608762155981,-0.020366579987833422
2022-10-07,-0.024624832446503042,-0.07257109956032382,-0.01748436723896729,0.0062337924024997715,0.03304231602529506,-0.08802644471735266,-0.030353399262729952,-0.08974746591882732,0.026084670566810075,-0.04781705235126821
2022-10-10,-0.013806720954748775,-0.02668847443418787,-0.0045397491664833645,-0.040833420823058963,-0.1382015693439227,-0.05500781696184209,-0.024061644463080567,-0.011753141131784495,0.005759733400442668,-0.03275111307121037
2022-10-11,0.010800018310546777,-0.03562767815084311,0.00638457254677216,0.004110495804735992,-0.042016767438032065,0.006040657503720848,0.0027128088480277146,0.01816977960829469,-0.013610242405672768,-0.056433410764658465
2022-10-12,0.0035615413912761795,0.026305620701778887,0.012597486677161207,0.00029218677116915615,-0.01388892761835181,0.04093882520287373,-0.01686954044781208,0.03341987984569905,-0.008887997537608383,0.00478468462867454
2022-10-13,0.007886390014879785,-0.021108230636907033,0.004922532546373759,0.0026309066733460895,-0.02001478937512058,-0.01048766727667405,-0.013921498811963473,-0.0313971738782709,0.021226096128939442,0.0
2022-10-14,-0.03638498922564404,-0.05121293642168612,-0.020662685408473047,-0.048396402460835763,-0.05597584794593924,-0.09167990529968373,-0.0394812863473355,-0.08103727614543699,-0.005488177115849258,-0.05238090480536073
2022-10-17,0.05399918672448134,0.06655849584501428,0.002455403276715895,0.005208168709375238,0.053685905518381594,0.0630105256100364,0.029738535778190744,0.13756612225936382,0.11909403324962664,0.08040205279593704
2022-10-18,0.027349808045484814,0.012747301206993189,0.012700799456101919,0.027430761893494804,0.030418295346634983,0.008232703334274616,0.02178423236514515,0.07162794955941143,-0.01259879140435749,0.018604632594767967
2022-10-19,-0.07986498517710483,-0.0400150495290752,-0.02257467712797412,-0.023731788487550087,-0.03025829089599985,-0.18399567601887434,-0.04276141636262687,-0.08420143631735144,-0.024100470721208578,-0.03652975344035825
2022-10-20,-0.005297516840473193,0.015264239085822418,-0.005224079494160372,-0.005469403717502708,0.01293760059757787,-0.034022682212279554,-0.017308678983225523,0.015797848763824174,-0.015055984470854877,0.028436106247007764
2022-10-21,0.03646044224546752,-0.03334617399033868,0.012806401446885607,0.029941844619101765,-0.00751317643253735,-0.015883979719930608,0.03781727909651944,0.03234827531790141,0.04210252498404676,0.01382487112212738
2022-10-24,-0.02332016483714483,0.009371832337100372,0.039934622180686,-0.037674237936172195,-0.010598057753101409,-0.061052558666448764,-0.02470876594603799,-0.03404631817334958,0.029046634028532692,0.004545450112051208
2022-10-25,0.08741407668112999,0.09324380324571813,0.005335754734798526,0.06966703393055762,0.07880648130798296,0.14200293693187382,0.05339925213322694,0.0767310972894113,0.0071894067758790925,0.03393667257426891
2022-10-26,-0.053963554806529035,-0.04951213716862746,-0.026102682776133368,-0.03487029381231144,0.035460991948418785,-0.011780109103025738,0.0208923951387614,0.01709154532920043,-0.002917010542841214,-0.008752726553724832
2022-10-27,0.020062951508700078,-0.006273726728714291,-0.007683298584203246,-0.005076045529363582,0.0013698290114252387,-0.03841057542719162,-0.027088132972110657,0.0037026791755994104,-0.005883130951118254,0.0
2022-10-28,0.08638641514674594,0.04361964337726021,0.0464571083044778,0.008103154034966531,0.034199726669893904,-0.0020661301208784177,0.041865412639808586,0.02752546423965052,0.01794099721665443,0.02207503311281278
2022-10-31,0.004969804375905884,0.018148518649184542,-0.021250890104963616,-0.006251920806210953,0.04497356549752629,-0.06625255767273852,-0.00645593999316163,0.04722449952245178,0.011319318707620818,0.006479423807706386
2022-11-01,0.0028258539461401,0.022506301393497852,0.016701607857456002,0.023367229173585802,0.04113927622518321,0.12934216298508505,-0.013743907120223664,-0.002637090689603161,0.008820316139601658,0.0
2022-11-02,-0.062345846723068865,-0.04349359360597904,-0.037437163602348944,-0.043325485137557296,-0.03221888523188143,-0.11845549385920029,-0.06576425914448913,-0.05869913375506819,-0.06385496779379052,-0.05364807042619013
2022-11-03,-0.012396690958014212,-0.045655367381613465,0.011856554425198063,0.006120038300381436,-0.015703517512683174,0.06533031902866115,0.009274685462340004,0.05224721039535063,0.008341068420234077,-0.03174600256908189
2022-11-04,0.008368174427280328,-0.043402777650024316,-0.02263657133692143,-0.02767647034226761,-0.27823864935860376,-0.3895470229576332,0.04200897007955251,-0.1260010016380999,0.003034162466284851,0.032786854124345455
2022-11-07,-0.028291210619564522,0.01572895295214405,-0.018891922032355457,0.0065686550095636065,0.04332446975583504,-0.15639265608167086,0.05352358594817197,-0.0018326624989295492,0.03524897320892362,0.07709754293697091
2022-11-08,-0.024068355346451464,0.015286886521576948,-0.043602998350567135,0.04288378697810957,0.06355932100652728,-0.004059568186542073,-0.004552031567909842,-0.021725856339996463,0.017132556016501654,0.004210522300318598
2022-11-09,-0.08074776565558472,-0.0592490968998759,-0.011034654759216611,-0.07926102949629588,-0.07091636093996267,0.03125000253076782,-0.017748447157223346,-0.10071940514585609,-0.05258715104363121,-0.02515720881319028
2022-11-10,0.07659015593544427,0.15381412632095093,0.08701176707091496,0.11423960226191743,0.16981136550787324,0.3162055447711374,0.11476701857337823,0.27999997346297545,0.023587465778640127,0.05806451083635489
2022-11-11,0.04903542049257581,0.10430555018196275,-0.023410736881862237,0.045599691043467505,0.09090907184068997,0.18918913758762534,0.03107304238094133,0.12690223044731774,0.1027783257972199,0.01016254331755384
2022-11-14,-0.0019157526313554607,-0.045187609987586974,-0.032177792338867195,-0.08166650679910803,-0.009408625150942318,-0.18013467439105424,-0.02100636779747067,-0.022184759020052458,0.022649861118813064,-0.04024141201370646
2022-11-15,0.05911711940998576,0.009226053763704334,0.020482123012205422,0.026012984377018933,0.04613299292637629,0.01950718095236237,0.038146009523341906,0.03970408484940502,0.05908830684146449,0.01467508845729193
2022-11-16,-0.016310284902163907,-0.03707463412939338,-0.07552283568175089,-0.07635593662356399,-0.03631649914695012,-0.13897276523842605,-0.01681867910731194,-0.10863372943390925,-0.039918537240679064,-0.010330617594738856
2022-11-17,0.022844541384546835,-0.008263031151147238,0.03413101560319798,0.2518472279249604,0.0026917875354763865,-0.026900586426035877,-0.008999708577670296,-0.09260253292637821,-0.011230865187015104,-0.012526084187343023
2022-11-18,-0.005763683216603255,-0.01347275879434462,0.06522804477044786,-0.01898913802348312,0.01006715275469161,-0.03125002686507372,-0.046967028745125705,-0.025219848508408527,-0.012128099211980437,0.006342539045956608
2022-11-21,-0.08840581522947377,-0.03575923852475349,-0.01970849851794021,0.03452768267670292,-0.05049835343854081,-0.12531018819390238,-0.04302606497407979,-0.00722026673729903,0.012054525098715407,-0.0357143000251241
2022-11-22,0.04530999191423657,0.013045113025158095,0.1011781540387433,0.04298351514414134,0.027991575899094956,-0.03546095992902232,0.027097921158127702,0.0012121489553740261,0.03185439443889293,0.013071882523949974
2022-11-23,0.015209183934699277,0.03955109799561374,0.010360200675535891,-0.02060608898556715,0.04424782782652947,0.19411760013821255,0.02294176579845053,-0.0039346569162515,-0.003839033424930638,0.03440856863024777
2022-11-25,-0.019850212415767676,-0.007609210816675316,0.022776980767811095,-0.0007425444635457135,-0.013037797084467173,-0.018472889318355556,0.0027852739362341783,-0.027043433417652363,0.006315834559460054,0.006237049930402527
2022-11-28,-0.03362625747807113,-0.03869475593420768,-0.022269743254010432,-0.007679010962191035,-0.04227214853433048,-0.0627352728849494,-0.007755551139950745,0.00780762012573244,-0.036353614244945764,-0.00826445466776271
2022-11-29,0.012257787849744739,0.0050083557508417975,-0.007564304482570505,-0.0067396198244513705,-0.004137959973565475,-0.01740288113062116,0.003926224392005961,-0.01859313210283442,0.013550143930750602,0.00833332505491069
2022-11-30,0.023828073980985964,0.09579177920774562,0.012703241936522724,0.0681075112588827,0.060941837951047795,0.05040871812907688,0.03867460768362241,0.15693082732496433,-0.020611305324703122,0.006198291740786566
2022-12-01,0.014879866868370728,0.00690584225683577,-0.017310640497678165,0.01811758078498693,0.013054880347486142,0.054474700650950725,-0.01962826283442276,0.13619000441022333,-0.0011678360346091265,0.04312115874369571
2022-12-02,0.03458646853760361,0.015891615629615163,0.014211742183584342,0.01363522093357461,-0.001933033876329593,-0.007380125202008814,-0.0012091992912802718,0.01128987254256475,-0.0058450662176274815,0.023622025071121877
2022-12-05,-0.07122096508789677,-0.07096988977076324,-0.03314336674503515,-0.0006838704692736508,-0.042608125059027446,-0.12019827149480544,-0.07138784034283652,-0.08456051514543605,-0.014054320371606699,-0.0692307057465299
2022-12-06,-0.08489828331903448,-0.09252033986911845,0.011629018261056778,-0.027378564230640112,-0.04248146444248124,-0.054929543529987024,-0.0067865075351424275,-0.039439554272332145,0.014538547591883777,-0.053719053860528665
2022-12-07,-0.04831120950207024,0.000390633934875817,0.01655656531631622,0.008913916009128497,-0.02112677427918841,-0.4292101576263032,0.011619746559438981,-0.03808751566658641,0.002154957116426992,-0.04585153747711079
2022-12-08,0.11365681314607046,-0.006052349978580507,0.03294569369547351,-0.019995103231985056,0.05107914083684295,0.29503918927720174,0.016523630190987237,0.037910655742270816,-0.016003030368213822,0.006865036749196918
2022-12-09,-0.08713197559455566,0.01630331631393389,-0.021656903190328425,0.0037959470436645937,-0.04449005022619579,0.01814516831642954,0.030407710620318662,0.021374484174682573,-0.043255994044584356,0.0
2022-12-12,0.0017676057008739754,-0.0038654958726583866,0.026077369113262083,-0.0037815923194790546,0.02507166049522347,-0.01980196150035629,-0.0780385185455319,-0.012185406211196237,-0.014536935961735331,0.00227267086998606
2022-12-13,-0.07366564052376279,0.01920834005013128,-0.06153480593143301,0.005931091883484951,-0.03773584528430718,-0.02424241293086027,0.03951632062149457,0.06275141043543209,-0.016888202337672187,0.004535143224154492
2022-12-14,0.0023809160505021687,-0.038644561707032454,0.01872178574627248,-0.004245411244430453,-0.015976779935745755,0.0890269393860883,-0.013609011653199832,0.046934154938694794,0.010431074778047833,-0.009029337111290281
2022-12-15,-0.022327759163383365,-0.07762372611772894,-0.029318811927068755,-0.011131984152719543,-0.06789668364160006,0.03992389189757617,0.001618555928681431,-0.08194749068047158,-0.013722128296736136,-0.029612674614459822
2022-12-16,0.010689956956757563,-0.015672033667609386,-0.015322208701831874,-0.034491043286335454,-0.04038006526213023,-0.08043870326878633,-0.01885338211449128,-0.03124175956791464,-0.03645748556470074,-0.009389773835924098
2022-12-19,-0.04230765351176824,-0.029443806304226272,-0.014219346880872674,0.0007443072005810514,-0.03795379888534989,-0.1212723991401764,-0.011529421338848045,-0.0723577743423679,0.00899128810592531,-0.02606627065075051
2022-12-20,0.017068280687032367,-0.0337078651685393,-0.013335751162530496,-0.0009915664870898677,0.01457976659679594,-0.05882351354680737,0.011941640064982106,0.004966461756238605,0.010666634052437507,0.009732350499663811
2022-12-21,0.014807464643207702,-0.0011627729548964183,0.03172126769782713,0.022828560232889483,-0.005071806114060107,0.03846154397232282,0.036852603703171116,0.06918596360024898,0.025107522011656558,-0.0963855629338285
2022-12-22,-0.036478600169342124,-0.01373690668469063,-0.030032972461840335,-0.02134865060949165,-0.014443506345134471,-0.04398153497823287,-0.008356302963956397,-0.06933113979590233,-0.004220640497610617,-0.08533331553141277
2022-12-23,0.0136295035357199,-0.023843298434317095,0.020764558934751154,0.0396626594835936,-0.006034538465219064,-0.019370427724675565,0.008197947900656866,-0.019573420330274982,0.022734131409847036,-0.008746347173728575
2022-12-27,-0.09362545656920607,-0.05126962539579216,0.06444633641841846,0.0002384599185842884,-0.05377275801543435,-0.08148146240363452,-0.014295974913745568,-0.0420142964753949,0.02003035591278013,-0.032352979537936366
2022-12-28,-0.015384652467469784,-0.010961007142323065,-0.027735359635807755,-0.02860554096796697,0.012832295626105106,0.02956983152635395,-0.002187036463721981,-0.023639256614613524,-0.03835125736699907,-0.03343461895782818
2022-12-29,0.022879455673356253,0.045360880691702965,0.03017895707540985,0.02208593586930041,0.019909526084286755,0.16187991811286406,0.03187729225081637,0.05575024001361095,0.02498150302267388,0.025157208184474866
2022-12-30,0.007092152826387865,0.0034516613636168536,0.015533984399047851,0.01176477408304022,0.010647726768850063,0.06516857198386083,-0.004322726423422907,-0.007543753910812967,0.009905490632172276,0.0
2023-01-03,-0.06825560043461931,-0.0034397883789701877,0.0023277867411131137,0.02491694268670952,-0.029850758765535224,-0.023206766309116333,-0.05206034482955546,-0.003952601718689941,-0.015872486334488678,0.015337408730844437
2023-01-04,0.006976681776859284,0.044132076928596886,0.027370038985183864,0.10511683304186659,0.059728491947493634,0.08855293439588374,0.09278269154003516,0.09554338304278476,0.024554129758345367,0.09365557345575715
2023-01-05,-0.06351041575355465,0.009681224608842687,0.009445263372695578,-0.01969414752470644,-0.01964137448004999,-0.09722221072441284,0.01665588514152949,-0.012259644307374695,-0.006443967992859401,-0.027624283920971493
2023-01-06,0.01479653398755465,0.019644531935467446,0.02431236759164035,-0.014319386449615612,0.013066252455212979,-0.0307692267384857,0.03795441245178721,0.0716502358494373,0.026561277136303074,0.0
2023-01-09,-0.0048602629499245875,0.036467894684254265,0.0022639800475803273,-0.024284357069433105,0.0378331535729699,0.006802700860719435,0.025747214109951955,-0.003948447466479821,-0.016246709435118856,-0.017045438382004785
2023-01-10,0.08485966838914161,0.04270857189261079,0.0008570010985367027,0.017777689084916837,0.0530240562969686,-0.004504513575091962,0.033612628750331774,0.06236788057174891,0.019817919529818706,0.05202314010771003
2023-01-11,0.07146879150522545,0.039261509566090425,-0.008172430782365292,0.01703080791040712,0.028324127112255404,0.24434391367467412,0.0220241789174056,0.044278575759079564,0.06855380375296849,0.01923075033665156
2023-01-12,0.0835083071840923,0.003675725968732113,0.009181457699307227,-0.009446338493492856,0.042846245806605676,0.4599999198046616,0.009258065514626823,0.0035731664486557957,0.02573530114007938,0.029649567106410757
2023-01-13,-0.006786204330763268,0.03397758122278005,0.0003887786821261674,0.011270267744369233,0.03521640045532881,-0.12577827487079973,-0.028270870278844895,0.026109623694113626,0.022380829682566272,-0.002617798596338705
2023-01-17,0.06393360080896149,0.0041322134146735134,-0.014846569335479787,-0.016716724241047642,0.00425233317339635,0.04131051760434157,-0.003640714173063886,-0.004857716555548008,0.01081181245848506,0.07086613779042161
2023-01-18,-0.04633019985689635,-0.015481033112440201,-0.018068405800448217,-0.007628626845321285,-0.019760037506254102,-0.0451436280311428,-0.028520638073464055,-0.04602509347205286,-0.0013763907587874824,0.01960782480441492
2023-01-19,-0.08417508046827382,-0.005971398123706617,-0.033105696675673646,-0.028113376047315786,-0.032397462333813354,-0.08595988709958258,-0.025729722921146725,-0.05190060966371357,-0.01150627684600869,-0.0096153757981291
2023-01-20,0.02993695732227497,0.04905888727095675,0.022604558902984406,0.017175151064422245,0.03273813599665809,0.017241343873576787,0.022104547150229692,0.20251866098733307,-0.015663242213894257,0.01213596896206659
2023-01-23,0.10453845860557553,0.04294712781471355,0.024055303033016173,0.01510786634291339,0.048991376049651425,0.10631742201549477,0.040278060140140015,0.2680059985073846,0.021198099739193843,0.021582770009893615
2023-01-24,-0.012003704095727374,-0.03715224747388013,-0.003888579601133424,-0.008973679814120117,0.024725250432837687,-0.0752089420914307,-0.015423134034257657,-0.07888083871128693,-0.016756052222331674,0.0023473595087817323
2023-01-25,-0.05467290173598138,-0.008743567366204297,-0.0015136500096714078,0.0004417406978360905,-0.024798919816828024,-0.03162645911323181,0.005547880735453425,0.028179269127757145,0.030718315673726737,-0.016393482897905765
2023-01-26,-0.01087490451471218,0.008245451439965912,0.005266066525090096,-0.0030906325277011426,-0.017182130358953218,0.010886422099140258,0.0028235594280618947,0.00017800563222847288,0.014901505881354415,0.004761900436850874
2023-01-27,0.1404297568116224,0.06580446869496148,0.0019049019415031676,-0.011292913676970051,0.05174823505230575,0.19538467463657216,0.005372354168658333,0.13416371553680695,-0.015149563738357519,0.035545048062815
2023-01-30,-0.0687992864075414,-0.036402585335470805,0.005545488378833285,-0.013213794053451133,-0.025930873956910738,0.28700127041506995,-0.016513777510396288,-0.07938502102362555,0.018016585709485833,-0.0343249655138701
2023-01-31,0.029176510081571738,0.06481481481481488,0.030173977490999704,0.04425767044217288,0.02320820214615127,0.01699995994567871,0.021177014445407094,0.031015672892961588,0.017646293362675758,0.0071090548104002504
2023-02-01,-0.0018290312753708182,0.04434781281844424,0.02875514429460213,0.042816584185442874,0.09939958598191612,0.33333333333333326,0.03846277244659446,0.09933887828480104,0.003177853027485078,0.056470534380744564
2023-02-02,0.03985345131809326,0.09025815241472235,-0.0031965523345741653,-0.02000797391421194,0.03276704675527342,0.05088496197610337,0.07117503087645427,0.09351978681285988,0.03089526731351544,0.020044578435574723
2023-02-03,-0.019823821489651006,-0.040171086284989554,0.012379692177912016,-0.003615666416373231,-0.008813138337011694,0.014035158459685393,-0.009883281361264262,-0.07699719297457941,-0.010866643675188858,-0.02620084881180096
2023-02-06,0.0723595779933286,-0.010025478462531323,-0.006777164887859399,-0.017716092971446162,0.004742141062613614,-0.07058823141186943,-0.07330773179487271,-0.033963933749167396,0.024432798274715894,-0.01121080500161542
2023-02-07,-0.1106454832130942,0.00466164474835562,-0.003782580408432601,-0.004563233076775752,0.03421828304422281,-0.01787047480711934,0.0025751573126897576,-0.020354660383700374,0.00776406314640421,0.006802768899403677
2023-02-08,-0.005654992260496705,-0.05440002441406255,-0.017421167956817474,-0.034926785894431545,0.007986274053890297,0.062168322070058846,0.0048864449760179784,-0.016842432164077215,-0.04201178874910705,-0.015765804225056357
2023-02-09,-0.06777252508637988,-0.06954309478457932,-0.016593390767123295,0.013571327967132119,-0.06451609421201188,-0.14703780661717902,-0.014993290717865593,-0.07268653509564282,-0.009901825271777853,-0.0343249655138701
2023-02-10,-0.020335516877417192,-0.0016366639360030355,-0.003929465778566565,-0.010934745168370008,-0.03266793061682127,-0.09288707628705872,-0.03091768675212614,-0.09944748797698533,-0.007310220806874712,-0.02606627065075051
2023-02-13,0.021795540545757053,0.008378853764800409,0.004641255391955035,0.00925078221628639,0.00938083931690925,0.01660517234155301,0.04555393393522067,0.008052185292776848,0.012478012897146229,0.017031555365026874
2023-02-14,0.009141711543604991,0.02312136497804751,-0.0034648442378959476,0.004471154406157307,0.028500682107603703,-0.02722320457504057,0.020613424494012378,-0.04203124424131632,0.0017929262865663542,0.014354053886023399
2023-02-15,0.09713126906448633,0.12093930724989144,0.015993365113719182,-0.037613995338695916,0.07108435409995484,0.18376867704825361,0.01533144557298538,0.1036331413816809,0.016108721339484156,0.03066040600436981
2023-02-16,-0.00917425975184516,0.11151359000134775,-0.011331089199787425,-0.003020591334094491,0.0016872203677362752,-0.13947993564013794,-0.030199883279165562,-0.08166938123881251,-0.013223369652156869,-0.02517154680958833
2023-02-17,0.018055526979666725,0.014028593850796689,0.0010770686388388295,-0.0004660462738849125,0.15328475752093507,0.04120875162111526,-0.018304951772892375,0.014495625651833155,0.022401590574713692,-0.02582162619819317
2023-02-21,-0.06048203444971778,-0.08286753084808673,-0.003918596284281151,-0.04966193678987707,-0.028237673086773385,-0.11521541496734011,-0.037577545060476725,-0.07375940581763785,-0.17125305515029676,-0.06024096247107813
2023-02-22,-0.006776349984628616,0.048910547292541295,-0.0025456240088325144,0.027723185843564035,-0.02154300689130062,0.0009939636968623322,0.008486518500672613,0.03835730885480526,0.025518670015995948,-0.007692361301217643
2023-02-23,-0.01851857015780245,-0.02977913322803205,0.005026886968250377,0.03986649869796066,-0.02508959313315451,0.000993095094685481,-0.012296516711905348,-0.23047579252611916,-0.013078280214599003,-0.002583976940302213
2023-02-24,-0.02979138492077016,-0.06198531715674782,-0.013004137121624626,-0.026170948088157675,-0.04464287503140518,-0.20535715658411935,0.0011887766424134583,-0.023480341322335452,0.033187834470512545,-0.015544027049267939
2023-02-27,-0.02251793825188475,-0.00478855617639351,0.011615968293921641,-0.023338004227460685,0.03353483700348514,0.11485643912475685,-0.0007256455769441006,0.04675394030809055,0.012626898690237365,0.021052674507501035
2023-02-28,0.006806238647655949,0.03753013672095595,-0.008708185902362109,-0.013516675257745026,0.0031915625386162993,0.05487118121453838,-0.012971985696546895,0.03343546102826234,-0.0012607670864305254,0.0
2023-03-01,-0.05616224385933899,-0.016231303325561997,0.00046645143707890746,-0.035723242592359705,-0.028632073067429098,-0.05414012799306911,-0.025014249462806726,-0.028649044191791595,-0.004320864627213705,-0.01288664671652151
2023-03-02,0.0022039072379100855,0.006128211712583376,0.006371756456332367,0.009135022446788765,0.014192152467955133,0.06285079190894005,0.0054879306139836714,-0.012204508888544852,0.0021414934107817363,0.031331625683570286
2023-03-03,0.02803739493723212,0.024832172381662687,0.02007572632589283,-0.00452632363479033,0.0247578575732057,0.06546981550380337,0.013849557029250281,0.04298589573317502,0.014762607786396487,0.043037933119786764
2023-03-06,-0.002673857880705288,-0.03017377741631877,0.00022714511942290017,-0.006061971194986859,0.00787813084651412,-0.09712580361420375,-0.04939266208350224,-0.031836152540817064,-0.022306607610129925,-0.031553368843042606
2023-03-07,-0.031635397568677615,-0.019484567499402417,0.11086745451994173,0.0030495785546942322,0.008858784344077275,-0.02524698306285955,-3.542903645015194e-05,-0.005607984279129674,0.004506437158212417,-0.12280701964049223
2023-03-08,0.006090842392271423,0.013461540577679676,0.020028265468830186,-0.0068407706426487636,0.011363600538156104,-0.0033784019619056416,-0.009804577096800826,-0.011279124471689883,0.0030472782953434585,0.03428568158830925
2023-03-09,-0.035773231469509725,-0.04301077084931959,-0.0026714231689567436,-0.030612159289453933,-0.042900927265626776,-0.04632769381342838,-0.04518325164767645,-0.060668918099626046,-0.04323491254984646,0.011049779429876505
2023-03-10,-0.015410984629513846,-0.00875741532201002,-0.020491411687748484,-0.01894740252542526,-0.01013876928378854,-0.13388622998495048,-0.027628972221016235,-0.10405742493506431,-0.01267141379095349,-0.019125729513607248
2023-03-13,-0.02898550724637683,-0.00750126271626661,-0.008067528946352986,-0.018240257431278772,-0.01778975403118921,0.023255840500907343,-0.023370450342522275,0.002156490967299529,0.001012391151417491,-0.002785512730456685
2023-03-14,0.009552229696245362,0.03644605535065426,0.02639764331398542,-0.017759496270911335,-0.007683830676427306,-0.08689838954311446,-0.006228817347015969,-0.04641864058397116,-0.011482657358663828,0.03910617538763672
2023-03-15,-0.0567711441046459,0.010209059754689775,-0.014840133697996749,-0.023365727318883533,-0.0049778845667960425,0.032210767600452384,-0.03125993662953763,0.040941342328246755,-0.014023503732899512,-0.005376338917391199
2023-03-16,0.050783725975105165,0.04555662729606191,0.006725636753499353,0.003987137499111393,0.02890497300608641,0.051063849934269934,0.01674855196151981,0.006813174350207785,-0.006683774160526679,-0.0027027000903735443
2023-03-17,-0.009546530144813992,-0.01442163910716654,-0.013838803776098474,-0.02326211445484927,-0.03457587151456776,0.032388649312893536,-0.007531496104365765,-0.02430018606477291,-0.024612491367967726,0.008130073421291018
2023-03-20,0.01626508744331523,-0.037671205626084836,-0.006290589929621504,0.01132720147286137,-0.035814284663711615,-0.0758169537428991,0.00896845519961409,-0.011349265788015539,0.012222665702069868,-0.029569928136667145
2023-03-21,0.04623584709509232,0.06615988333024192,0.020104460931475998,0.027283166818441895,0.06268136694134108,0.12164068398815253,0.030688190214245292,0.06632646606744141,0.0016496011670841249,0.04432135470365206
2023-03-22,0.35240800878958134,-0.04506152132271535,-0.029664625448315052,-0.023483368371173596,-0.03823041376341152,0.06305171879354776,-0.035744959467093995,-0.025717608581700246,-0.04663664722503813,-0.026525173776789313
2023-03-23,-0.05404276791675111,0.004130952365800189,-0.01721840252680662,-0.016604764619828294,-0.007382229620072622,-0.009489936254140074,-0.013962007777474361,0.04972372132713043,-0.005638221952104727,0.043596687761838115
2023-03-24,0.0620017547945364,-0.05063292285300003,-0.010154303796332087,0.036681323369950114,0.014302059871107664,-0.019161644588558402,-0.007018229008471155,0.0011696173869881754,-0.010356881840675514,0.002610963619440687
2023-03-27,-0.040867371181981915,0.046999994913736964,-0.024707518509951787,0.030328436701261285,0.004512122152935172,-0.06959704640428976,-0.0038439610034952665,-0.025993082964870795,-0.00559707734084991,0.018229211777604837
2023-03-28,0.006521722544794439,-0.03533908359579363,0.016148076283130308,0.03679467995605079,-0.011229582346325873,-0.03412076385618257,0.0011617724811363583,-0.008095851736722559,-0.002963983917931179,-0.02046039907122854
2023-03-29,-0.02980563911134193,0.054620486083090114,0.007508592992288898,-0.020767527083042858,0.0709823939054961,0.06929347683043563,0.018318262467241775,0.009068900255589263,0.0032068425084410546,0.039164516541892125
2023-03-30,0.0017809847354355313,-0.0358316526520861,-0.007958841387815552,-0.02630875977678926,0.0026510729290805113,0.12198223084810755,-0.03288430104706308,-0.02696229769562808,-0.0058974224562210464,0.005025120811725348
2023-03-31,0.02311113145616317,0.06815970197568766,0.034862373606647346,0.008547162551280074,0.023796973377608888,0.10872022012271665,0.024912671158108912,0.05726602945091974,0.031237334488991797,0.13999998569488525
2023-04-03,0.006516056279211924,-0.0016712338325977072,0.03721182526910671,-0.0021867736616644207,-0.01652890933552542,-0.05107247571886919,-0.0070622098096939645,0.04397199518997108,0.010367895544778793,-0.006578888892025958
2023-04-04,-0.03539057799413603,0.006239593179453662,-0.028062616146662944,0.0013696710675499268,0.002100788143664989,0.02260491668374387,-0.000537587899880676,-0.0002788932206070349,-0.008427925684002524,0.024282483793063525
2023-04-05,-0.012527994714382817,-0.07335151372281323,-0.02132288534890492,-0.02380293193427374,-0.058700253863305685,-0.10526312157057616,-0.03938768884014321,-0.03906254240843854,-0.020600245014555374,-0.02586204504569778
2023-04-06,0.014952420854969173,0.045862597556663776,-0.014643778833268839,-0.004204156297194395,0.01113590050861224,0.05999999719507554,0.020458265784480956,-0.022357737760376084,-0.009241503854257926,0.006637214587376983
2023-04-10,-0.0013392312414174379,0.0037452849081103246,-0.0060895496725423826,0.052913081808518836,0.009911911161245568,0.0332963048031949,0.015532047644158276,0.05138115387630826,0.028885746748150698,-0.0043956000193668965
2023-04-11,0.014304858418377364,-0.005441518591133621,0.014369330778673195,0.011226861335323912,0.022355498582384392,0.04833514174637643,-0.0059847987937052816,0.008756992803153674,-0.014427095007775392,0.008830013245125112
2023-04-12,-0.01895109277456175,-0.05471314574349684,-0.009995324331870559,-0.03859383939009353,-0.01173329671223955,-0.05327867375758366,-0.015511943318482047,-0.04620548175536332,-0.026573365498553048,-0.04157550330055815
2023-04-13,0.013027807960327209,0.047130782480377054,0.0015980039406073843,-0.014297262446604675,0.025364236154250097,0.01406921156990637,0.0011891564228023732,0.031121477271136344,0.007281668757333826,0.025114076210768888
2023-04-14,-0.003991137722079263,-0.025268453598111362,0.011167522053075807,0.009483974366136572,0.008421044600637417,-0.04268939471767974,-0.00789005076359639,-0.0088268100233998,0.00820419451616905,0.004454445163299292
2023-04-17,-0.008014176543381435,0.04455605874287549,0.005450106703075663,-0.02072396880546379,0.01722337820115527,0.010033448371846276,0.022618407626523673,0.02384366514257774,0.014474540747906328,-0.008869276421323513
2023-04-18,-0.03007181578300122,0.005739027612561731,0.016833164479419516,-0.002257234559899346,0.07337097598609876,-0.02869759643287917,0.025504896727083226,0.01234574772563124,0.007627199527939776,-0.015659887720311794
2023-04-19,-0.013882514388522282,-0.047809914165776735,0.010732445962400528,0.006787023583890495,0.022466506292563748,-0.019318204139136208,0.019855649008663878,0.01358087136646935,0.021664135530460094,-0.015909129578219106
2023-04-20,-0.051149703421153436,-0.045675468624177595,0.014851686592824764,-0.023595512404771424,-0.0004675188951466236,-0.07300111881305671,-0.016590684842930026,0.0019141289419841723,0.0024586397058823373,-0.027713599924586996
2023-04-21,0.013353138819611532,-0.014765766444699402,0.01832748925730998,0.025029116141122465,0.02759589222391412,0.017499997951090362,-0.0034148200248852456,0.0062772801874366735,-0.002675781474957284,0.004750589250663406
2023-04-24,-0.027330379316632958,0.01739883117148544,0.0029549817262963796,0.00841999308441821,-0.02548928008395457,0.028255530234565507,0.025494595780569673,0.004068389753849155,-0.0032262073922513235,-0.03546101529339629
2023-04-25,-0.04666333622354546,-0.022688793115976602,-0.023635782749723777,-0.034233454026134646,-0.018215758637456392,-0.09796895573660869,-0.022871917818612197,-0.03268500998137891,-0.0462087781742796,-0.026960759106070542
2023-04-26,-0.018421072708933006,-0.020097017028406383,-0.0043890081566460015,-0.004322951283792897,-0.029020009375226308,-0.0039735377480559775,-0.0018318622406797713,-0.02122318087363484,0.0017803772432116727,0.0
2023-04-27,0.015549647263220612,0.007956098608842721,-0.003995279247482775,0.006367876822181762,0.026457663868910464,-0.02393610064815299,0.03894781064688857,0.04079886836812685,-0.0017104010609252374,-0.007556667801907446
2023-04-28,0.018479428278809218,-0.014032612885701123,0.0028355209391657255,0.00949073869161432,0.045823343652134474,-0.05449594002246294,0.001491677655790058,-0.04523020098372765,0.00245253010897728,-0.007614205825909215
2023-05-01,-0.03836193070738203,0.00836152336520768,-0.022412506848082492,-0.006837599342733314,0.03149249378653529,-0.0014409036270198738,0.01657970598437819,-0.07349989201001128,-0.015080896066027139,-0.007672626785479197
2023-05-02,0.0016172877563018773,-0.023465099221836705,0.007195459144369698,-0.007458583282221709,-0.025221225008986048,0.04184701801754609,-0.006014796602024641,-0.01952280939505424,0.0006123190007811807,0.09278341393273903
2023-05-03,0.017222803882573468,-0.033243002769876906,-0.0015409243764843428,-0.008092183577751433,-0.004993218652882048,-0.02077560337319362,-0.004771064883594023,-0.011061898889783262,-0.020369515995520282,0.03066040600436981
2023-05-04,0.023809564657252924,-0.013455380837044895,-0.011573899755430439,-0.024766994752748017,-0.027828494900931422,0.01838756878139791,-0.015902099678778647,0.15755833048663548,-0.014301143272570704,0.0
2023-05-05,0.05529714076124215,0.04129570500792634,0.00489650815381415,0.0071707184002289814,0.1534491102634603,0.24444443340654765,0.03655588548747124,0.10960787609627776,0.046027292815819854,0.07322658582185237
2023-05-08,0.0044074511386693604,0.013461849142015758,-0.003954573262657024,-0.03263145005277601,-0.01627337753343505,0.2611606700360143,-0.01642972555751543,-0.005473934150862503,-0.02137834150136908,0.06183367981127419
2023-05-09,-0.013164332264777978,-0.005205545149760571,7.108176968073643e-05,-0.011346009557269943,0.00827125116073768,0.04867252015929324,0.020588872335121078,-0.08331252762959285,-0.008875568034876435,0.008032120823258326
2023-05-10,0.025691722512057424,0.009202492837977916,-0.009855073753511134,-0.012717249913342332,-0.0020508301387067718,0.10970474322217183,-0.0017508809871377151,-0.021288176645473444,-0.019403258897100262,0.04183267708065097
2023-05-11,0.005780295306443195,0.016449100016546536,-0.0023627275850426344,0.012566790818524742,-0.013563498756303694,-0.09049435138364359,0.010485777082284153,0.016173954447451955,0.0023719975673703875,-0.017208442114658773
2023-05-12,-0.009099551453334853,-0.054881249175495306,0.004808719279898899,0.023890803512045533,-0.019583304723103878,-0.1220736037636646,-0.01992377112082111,-0.046103193427247,0.001942332753646303,-0.025291758945636955
2023-05-15,0.044949264435489855,0.0053973742415422965,-0.013857147508662737,0.01878763831392627,-0.0016999963603930857,0.10285718567517543,0.01886572089947003,0.05609898898445742,0.026645050767377443,0.02594803027240067
2023-05-16,0.017113733465418557,-0.03313589226876967,-0.04809498276833968,-0.030338820037370096,-0.02426563220000766,-0.08462871350322132,-0.08774515660454207,-0.03050936964905826,-0.0401664294110089,-0.01167314092180416
2023-05-17,0.04001823907570179,0.006318243039382443,0.030741216748086497,0.04355835310491485,-0.0026177777374634115,0.11320755777939628,0.07116520614376576,0.04355153780317811,0.05443700107172522,0.059055156543388554
2023-05-18,0.007870502458327877,0.02378234336643681,0.0033220296618501344,0.10728942560654331,0.04899382773321559,0.013559350115375457,0.02718588839032665,0.039310692204254094,-0.006377047195710528,0.0055761584262175035
2023-05-19,-0.04295009995169152,-0.02230070121379113,-0.06798628266605877,-0.016989444738442105,0.0054212289656745405,-0.10200667312882028,-0.015811993700248994,-0.08549221159355724,-0.05096783496915236,-0.005545237304496742
2023-05-22,0.09746145378877169,0.07622121792456693,-0.0021313897850538943,0.029435732761531108,0.04603893301132289,0.06797016215904228,-0.018093530500240984,-0.025495686420206942,0.03856127197310033,0.007434936989250351
2023-05-23,-0.04337047818122286,-0.013069549235770306,-0.01439874560020904,0.010230899244699998,-0.037668472698481725,0.03836096886080709,-3.899554143049766e-05,0.023546439612347037,-0.024349036309645578,-0.025830233305333072
2023-05-24,0.004749594606057617,0.041159613333882294,-0.0058597737624468405,-0.00727100256078117,-0.0049444102583448,-0.031905951376221764,0.012038321747163572,-0.0042600884715100484,0.02385630946579842,-0.00946973271743079
2023-05-25,0.0034378995329742423,-0.06187690710274596,-0.012030669178134779,-0.041590443548240374,-0.019047581438456862,-0.051170871990624534,-0.019786674166540674,-0.005419350654988664,-0.014146750818667342,-0.009560265880022123
2023-05-26,-0.004282671513319736,0.026932894039762845,0.024926588939703898,0.006823225479788642,-0.013085747838854855,0.07312618303507956,-0.03067194521002392,0.04445079680353081,0.011395410763196168,0.009652546793790018
2023-05-30,0.056774180422547005,0.029973244032891255,0.015867781394793834,-0.016264465840141407,-0.0038493690534550096,0.16865413121104256,0.019649909654024578,0.11916530397545522,-0.015161593559150033,-0.00764817623463665
2023-05-31,-0.02116404005789274,0.008141368862462306,0.0008635388264479626,-0.02893372104803804,0.0021468112964826425,-0.05830898318471267,-0.02658243926602355,-0.01079486371020133,-0.027894518171116767,0.03082848663739668
2023-06-01,0.002079049729537097,0.006013719407783391,-0.010038380786990708,0.031678217100943984,0.046700948820132426,0.22291019757923958,-0.0013878534730189518,0.06671623628643752,0.04921702303554909,0.0037383142585096785
2023-06-02,0.022406597495073566,0.02715627964656675,0.017269981956803626,0.043153407341440575,0.02005729697082126,-0.007594989618606496,0.030943457092483362,0.004650099296547028,0.07906946598194464,-0.01117317394007622
2023-06-05,-0.013392854378263208,0.012969717113617607,-0.006930953049936406,0.055422825283356625,0.015248762423885065,-0.04336732191990522,0.017049295972765277,0.07035410738112602,-0.026403389986621506,-0.018832373956716664
2023-06-06,0.01563147167681378,0.03381486269218459,0.05450108368560347,0.014573223207354102,0.026877483228524568,-0.014666636784871456,0.036216824582526286,0.06897294328019421,0.05638103902038716,0.01727450132992714
2023-06-07,0.05751316507001225,0.08018417392451482,0.006990519144106866,0.020059347661616878,-0.035411858833880205,0.050744199052729755,0.004890964523141639,-0.0028317029437133767,0.0372450979877621,-0.022641576995792834
2023-06-08,-0.17885867357821805,0.01572835093376246,-0.0032495243538686047,0.01966478115609016,0.01995211534938468,0.5602061422645068,-0.010333244861684299,0.0740365432528256,0.017201828936398877,0.0019305461801615298
2023-06-09,0.05783580877940819,0.005499347195424553,0.005556940375134767,0.005476171700706578,-0.024256609735492707,-0.21295919559168686,-0.00026483818260047975,-0.01605292307027295,0.01513713764522917,-0.00770712165934917
2023-06-12,0.071428523372421,0.03195154697825808,-0.0023576932428613917,-0.009945407476289803,0.02084998152686235,0.11484005669786512,0.02013095525554931,-0.01669863641775171,-0.004659545515772634,0.015533965480508893
2023-06-13,0.10905356415967793,0.02635982524535896,-0.0028805266663251006,-0.01626412051727444,0.02670857539780891,0.10583262028307439,0.038799627572115414,0.0025375965113576537,0.017555958590198095,-0.0038240881173183805
2023-06-14,-0.04638218792627824,-0.0029894496841457174,-7.407302744166788e-05,-0.034767759646391116,-0.03328228585304749,-0.004678926445081721,-0.015068742741109586,0.026674433715030865,-0.030509576183200937,-0.005758197617791172
2023-06-15,-0.03346305777514691,-0.022079905764450847,0.007985309086638193,0.0005038270687243163,-0.0174119717485971,0.12735047359203389,0.025486709645526684,0.011568378828885839,0.02476653529382844,-0.003861000306814355
2023-06-16,-0.011272169280415079,-0.01477348513719512,0.00022205283874443538,-0.01938583260592619,-0.012887623673276893,-0.04018193560818517,-0.0009191093173668285,0.03637042784325639,-0.03661351770555632,-0.011627896231359958
2023-06-20,0.0008143509038509578,-0.038619369962484384,0.0035529061016026375,-0.0038509796382869554,0.0101999183054029,-0.0710900719380021,0.02466383959719387,0.022431289903197316,-0.012047603196992052,-0.029411783955364257
2023-06-21,-0.006102506875339975,-0.05061804720053642,0.006711798115593748,-0.006185624934831435,0.007673688703604631,0.027636078772606654,-0.006112578949753589,-0.020346806733278044,-0.01079533795372245,-0.024242402057162327
2023-06-22,-0.004502685590562883,-0.020923722014269064,-0.006886973094940574,-0.019450078161711404,0.021643246158966845,0.05668177177058986,0.01636560866029102,0.03106377558032891,-0.009652877187978137,0.028985480061493263
2023-06-23,-0.025493377453319366,-0.009498155635788152,-0.0072297746546073904,-0.01586890976796662,-0.018046256908713865,-0.16170708082670193,-0.005538255318118912,0.004379050610121116,-0.0014590164717737109,-0.03621727081233583
2023-06-26,-0.028691995075338705,0.00591335997585718,0.007877172153672563,-0.020962219174912033,0.0059927932247443305,-0.023353550471297058,0.02124511796408779,0.03714686191920258,-0.009668172439537881,-0.0020876309236564916
2023-06-27,0.024326648775261805,0.009056239390865528,0.016515335470074666,0.03980247504613299,0.030976916991400705,0.16212337334341287,0.028612784160075844,0.07230534973595404,0.041152669384812324,0.0564853491789572
2023-06-28,0.05937233346310533,0.02692494007813795,-0.014288705685160608,-0.029039112822896618,-0.011556211388311755,0.1534978997089822,0.015937412051112432,-0.019915327719102427,-0.022913561486083256,-0.007920784226189581
2023-06-29,-0.0032025590541261417,-0.03403865653406979,-0.02030922021697279,0.0288200642424159,0.02377243234524351,-0.08169821396158117,0.03801052602812005,0.006239990234375048,0.022909655736593093,0.06986025721413669
2023-06-30,-0.026104402750534605,0.015238080705915147,-0.007135124392615877,-0.008985183570893396,0.011419841333572878,0.00699305622065971,0.022809106027373405,0.03370969577288596,-0.015152480473579755,0.03171643135435542
2023-07-03,0.027216488553076568,0.021575942357275446,-0.0024966033061546433,0.010666468412791508,-0.012043646913799333,-0.004629661993834189,0.006674996909723729,0.05076134923743014,0.015232543987473868,-0.052441306995942405
2023-07-05,-0.04054597491243117,-0.004132180260160712,-0.003791700704114387,0.008179493104609081,-0.006476193382626505,0.001938028910378975,0.0021097129853997476,-0.06529057596067156,-0.004709295707352346,-0.01908395209933933
2023-07-06,-0.044769862422701534,-0.05332720511721678,-0.018499007890821706,-0.02146023425428234,-0.03259203926212817,-0.05918766502531392,-0.023699976282768098,-0.0992952279420577,-0.000425043377863199,-0.05836570460902091
2023-07-07,-0.0052562785648015975,0.019967587457820013,0.013418272834781142,0.007221039539959673,0.056282207770824266,0.2109375114883545,0.015279942689638393,0.07146584472795348,-0.016567890987170264,-0.01652890933552542
2023-07-10,0.03654785841106345,0.08021646934022919,0.03382823961397885,-0.0138075323588992,0.08292686767187152,0.1636672745193679,0.0536760082782759,0.062317432962513575,0.02928183211472879,0.0168067058527952
2023-07-11,0.01571788094709503,0.11138938047228053,0.01924774742875579,0.0018846602808411106,0.0034649505199673136,0.037934016424236106,0.05304377812633354,0.03880233655746945,0.019335797157093326,0.01652890933552542
2023-07-12,-0.019657018668085113,0.01179901081860879,0.010967543890775033,-0.013437421096768043,0.05283151709303202,0.09333708868856316,0.013399677298803647,0.012352887321920969,-0.04870161160673325,0.00406503671064562
2023-07-13,0.0008531804590183878,0.0011792972699822268,-0.00933978866811258,-0.02724054688715194,0.026566069925315627,-0.031113410490466675,-0.0024286090158537332,0.04851836352360128,-0.013293237473407826,0.02226723324701685
2023-07-14,-0.020886606574613054,-0.03127871881294175,-0.02146659796334438,-0.014561749842535554,-0.023961661925920086,0.0005308103821171084,0.019719781133287873,-0.03699083066855924,-0.007300364782852009,-0.03564362344104943
2023-07-17,-0.006530240444677093,0.02458794619514082,-0.009264032051564342,0.027280738634326118,0.02258594275906134,-0.031034446994743337,-0.03177974625974078,0.015681143783514484,0.02389225709666576,-0.008213544721353827
2023-07-18,0.0113935246432455,-0.002505205975554592,0.00014992200376728881,-0.014937927568110854,0.001600548808435187,0.08951543725985589,0.011726345636351665,0.012039638703854383,-0.005764153710765663,0.006211223660916865
2023-07-19,0.0038994866934747296,0.021810991309953343,0.01323855023550169,0.010952039588681073,-0.014062017295732088,0.402010024363024,0.031954988657662,-0.0004198569710032185,-0.002666357279452636,-0.006172882507033073
2023-07-20,-0.011221416833220088,-0.047994910315631856,-0.026721957676407726,0.0002776299763047607,-0.005510537250951075,-0.16254481671165566,-0.010470571483623403,-0.0089610670128345,-0.02378144479222455,-0.0372670457933485
2023-07-21,-0.03186379515924742,-0.0012229425515583037,-0.002730206870552254,-0.00971935837309279,0.013037797084467284,-0.02375349120218584,0.0016972914798671912,0.0033907582354992805,-0.027194975322968218,0.010752626424140876
2023-07-24,0.03877369695756405,-0.02231291686596515,-0.003954788735484938,-0.011497589311851741,-0.015122243066545304,0.013590591277057085,0.010033910125684331,-0.022528844688100902,0.03391299724584096,0.008510630526872509
2023-07-25,-0.008246550629673388,-0.020317270694015788,0.0003054849857353492,-0.004822329682437343,0.012087517951882676,-0.046064077467062536,0.010301152198327834,-0.010083505714572727,-0.004401001645547575,-0.008438810925003759
2023-07-26,-0.0065645346182101605,0.015198858972053975,0.00870156724564275,0.025370400679340488,0.017107833908226455,-0.008161364037568841,0.011648999081400602,-0.005966292998054512,0.02957444961595912,-0.006382922167795124
2023-07-27,-0.02114543759701637,-0.04589336397474053,0.015134325958569894,0.005559910739323826,-0.01745481245363667,-0.07519999912806918,-0.022439925536262728,0.006148526033536772,-0.01720408173864285,-0.006424027691270928
2023-07-28,-0.013051260897403272,0.3141222672245967,0.008348924261117219,0.010229594447626056,0.0458656985023862,0.08798812314844051,0.016029214509003964,0.06343653088905588,0.0405105509531174,0.023706926008538964
2023-07-31,0.01231192220731292,0.07432201749081901,0.04235962909282964,0.014231325207758383,-0.018529967933217595,0.043843671503173365,0.002272211684775316,0.06539891432739608,0.036124184197280806,0.0736841904489618
2023-08-01,-0.03153156481453956,0.012672704510694466,-0.005035608530792879,-0.00971412281485684,-0.007237301592684098,0.06877040243086308,0.005538794399646774,-0.02529858933117346,0.008191317916349083,-0.005882300692582665
2023-08-02,-0.03116279424623003,-0.06400654426610175,-0.008196845831661248,0.00790204272613737,-0.041521378688452626,0.05579315422599995,-0.005713288953891005,-0.039657471353332974,-0.012114945403715827,-0.06508883419526112
2023-08-03,0.004800786453960537,-0.03046574004708902,0.04362485852381215,0.004325344127407149,-0.00826719582976887,-0.0011571922908167886,0.03055996284638751,0.16161337464587522,-0.01059536979397635,0.006329158493033615
2023-08-04,0.002388878945605244,-0.02396295600011733,-0.0017905626510081873,0.02261085198113677,0.058352784706765304,-0.1226104970468136,-0.017752233746252122,-0.018660704679620443,-0.016448003413720547,0.0
2023-08-07,0.004289807175958504,0.023740626380812202,0.006139888851578235,0.03448284233853105,-0.0034656777298296415,-0.013864480659395273,0.022884027223372794,0.002046044118819035,0.0030079048695477173,-0.01048222032176016
2023-08-08,-0.015662075390875163,-0.021040730523144258,-0.0021940252100444146,0.00025453088443194716,0.002529242043271651,-0.0178531409639624,-0.005648987244572634,-0.018015853489238398,0.009055978962965616,-0.016949137131806236
2023-08-09,-0.03905494092966966,-0.05662123265588881,-0.0014431428745242947,-0.0027984873663866594,-0.10879845333329485,-0.058395811894080385,-0.02254926446046812,-0.08671726739282148,-0.0010400939582374535,-0.012931022522848834
2023-08-10,0.013045671093859124,-0.034419372606585785,-0.0038537171481274335,-0.00561214700691548,-0.018046717082493613,-0.04777991111773894,-0.014031162998217717,-0.024373908389636822,0.10004450783718943,0.021834040676500743
2023-08-11,0.0,0.005454779845081692,-0.028117699183599743,-0.05105154682639801,0.05909907710444817,0.04156108216172294,-0.0351355543032299,0.029512718886914868,-0.015630807906172994,-0.01495720029739156
2023-08-14,-0.011391849603816562,0.03785011253019732,0.030494823176219432,0.0132466851552282,-0.0010207138455212705,-0.00024329135967615656,0.03068234366465572,0.044800008138020875,-0.010988873822996292,0.0
2023-08-15,-0.0315630856544824,0.00522733155858246,0.022763547293820796,0.0024011212540506754,-0.035081766527019664,-0.043076241256148506,-0.02433739920911704,-0.01978053904651267,-0.021500171374504995,-0.02819959016830076
2023-08-16,-0.038282450803873935,-0.025154211750429756,-0.011802805022353535,-0.002395369680998294,-0.034945279695879905,-0.03204474314005401,-0.02277656947892648,-0.036323408465141815,-0.01524434397687846,-0.015625038250748458
2023-08-17,-0.011296449171467882,-0.041930247212824456,-0.015151510065668505,-0.031384151436411045,-0.035479126113416526,-0.02154493360205434,-0.02319785641425809,-0.052012951212173975,-0.03727409949193017,-0.011337803997214624
2023-08-18,-0.0010880604639921243,0.026803050690769936,0.016077517458162882,0.011353998930181852,0.007584332545536476,0.052900114907000084,-0.008832171457708315,0.0038478591920561023,0.017816613234466816,0.002293521040931168
2023-08-21,0.006535889318931121,-0.013997485089970119,0.002864519914781205,0.00547641599112092,0.027098277341846444,0.02881915734933016,-0.026364942925654167,-0.006246485323055717,-0.01059118959617622,0.004576654794112178
2023-08-22,-0.06601728049647215,0.006011014273280324,-0.24149891344545882,-0.04847498709925935,-0.0018322148307708952,-0.04883491091100134,-0.030565370554765936,-0.06700003487723216,-0.015937650589272767,0.018223217799343328
2023-08-23,-0.021436896542693096,0.0204677460717253,-0.0034070344527420415,0.03749301812661421,0.020925099104757594,0.049778470174127065,0.07001134416823507,0.03215443549253805,0.03780040682120056,0.029082801016271143
2023-08-24,-0.031379443365859516,-0.05132671346066864,0.02159240950378405,-0.04579300005935816,-0.02013662267876659,-0.06256203144947137,-0.01686177020592916,-0.021510228435898338,-0.017003510988936044,-0.03695653909095553
2023-08-25,0.04706592430857448,0.010505520766029175,-0.016556561737625763,0.007227203188461262,0.03302750893689077,0.09110165799410663,-0.03495723365718484,-0.011673690930169678,0.008826463984822563,0.18058695750218257
2023-08-28,0.025685963550153845,-0.002858916179770188,0.040118276411177156,0.028702818324043422,-0.001420923933241558,0.10121366633851325,0.024001340600324106,-0.021475709057339754,0.00575453876561971,0.021032530231977153
2023-08-29,0.03813318656410192,0.04587510086102875,-0.00671543816827902,0.034598082741309266,0.02774808830881481,0.04474313066020774,0.023583069650044752,0.038564023344822784,0.00805689990392966,0.011235944019676314
2023-08-30,0.007127251630840714,0.009594973745375768,-0.005114059026354312,0.0277781463976825,0.02699898591638572,0.0487342688999548,0.002450414308948101,0.040452834795106085,0.012046825987022114,0.02222220063700142
2023-08-31,0.009798496984426919,0.0022216775195482708,0.013591186474714911,-0.03253758878130397,-0.0006740969906384731,0.01287460276761232,0.02607400377570457,0.002611349258361484,-0.01247556097285829,0.007246369925949514
2023-09-01,-0.0070080412999090624,0.006403993743896219,0.002750498218672348,0.034716526338695264,-0.000337275851956087,0.009930524776592176,0.043429407282602694,0.04413258609204784,0.01564648860262796,0.007194237817389482
2023-09-05,0.043973912192586395,0.024596207858612384,-0.039602228848400034,-0.013630361737617225,0.0037112217482022647,-0.01986230705912162,0.012386829476209282,0.03658535553864839,-0.033664095740989164,-0.003571425226269853
2023-09-06,-0.024960975229462057,0.029380138371497555,-0.002142008474973034,-0.0077064061176953524,0.020840364343979845,0.013442999496948271,-0.032273069559622725,-0.0322192989810679,-0.01995746696613354,-0.007168452042999429
2023-09-07,0.007466634114583259,-0.02981783991213316,-0.006619082260091225,-0.006695271665405289,0.026341758806508464,-0.05701843200728052,-0.012777294111395832,-0.01961594392758581,-0.027111711320825238,-0.15523468220868908
2023-09-08,-0.06246693188473107,-0.0017938474163113893,0.003061424144192193,-0.015907264177894787,0.021815858309636393,-0.01406674618958259,-0.15628809522114007,0.0025362871928946706,-0.012323468192981135,-0.025641002128344415
2023-09-11,-0.03896096343189226,0.009344659972323255,-0.005475702631901558,-0.0010962029790900774,-0.0018838136647963966,0.08198461326943551,0.018781142011991214,0.04005619695010809,-0.0009405393195569545,0.14473681045921416
2023-09-12,0.012338371258789449,-0.03501480057260753,-0.0015344053726014106,0.021667562967312426,-0.03460208712773105,-0.00019679739225153536,-0.030966878039029644,-0.029459463583456524,0.006056170031236707,0.01915716197108419
2023-09-13,0.03366221352962229,-0.03517835797042723,0.0023503091384922126,-0.03677819468110366,0.0006516308265569482,-0.030905525040897275,0.011759675621756616,-0.004316312446546733,-0.008078246569130365,0.03571429531761172
2023-09-14,0.029197106870107126,-0.008159094463650818,0.0387696012201999,0.012262877660266236,0.02539891598498567,0.13467400483849779,-0.010753715114047102,-0.004474894214303027,0.018457640269055275,-0.023593486214300796
2023-09-15,-0.006001124430409788,-0.019794355464264335,-0.010688615418293912,-0.0011011766780630872,-0.014290214635172771,-0.06552097703644078,-0.011912135596775841,-0.0026689483760397037,-0.01698079716544154,0.0018586899315924388
2023-09-18,-0.036772782741153254,-0.024521409575119946,-0.02249379892065506,-0.0052370162788529795,0.006765434222896882,-0.0047891991446528115,-0.03629892007840341,-0.10464789162219412,-0.02983773890916619,-0.031539903618734044
2023-09-19,-0.0017093322279767564,-0.007796771552809001,0.02029360376164635,-0.025214856342623992,-0.037119995117187554,-0.08565931798979409,-0.009228602178757095,0.0007865225310772495,0.011492887001957275,-0.017241317886610097
2023-09-20,0.0,-0.03143205218212475,-0.00657084342942349,-0.005400885093692298,-0.00033234392924974543,-0.07978951303582438,-0.010970409940137649,0.0,-0.008129522746930906,-0.003898631672582975
2023-09-21,-0.028538812039724193,0.001958307369308132,-0.010100065504126898,-0.02629316452685082,-0.045545240781523444,-0.01853119530786107,-0.0542049196434673,-0.04856963540499615,0.002807319394400265,0.0019568985877502776
2023-09-22,0.009400695834830275,-0.03294709899264936,-0.0007223816105361713,-0.02817712324267818,-0.03308947704232468,-0.02121214007408423,-0.026701052544146342,-0.01965965059817576,0.01029680634958785,0.007812492724042164
2023-09-25,0.028521522841332025,-0.010394017990481008,-0.02936660075707831,-0.0012083128752008454,-0.014409208041508248,-0.041438388015545446,0.004888062320568487,-0.0001684921049459609,0.013472697897555896,-0.03294575219400542
2023-09-26,-0.05036782036251708,-0.00991977060398308,-0.010984925880145435,-0.04142727938462143,0.020467816281060536,-0.017888204968181,-0.029524949960149982,-0.041631571624362707,-0.01656184927139759,-0.022044020385315055
2023-09-27,0.022049995038393,-0.0033888809138905573,-0.0004706833686370926,0.014195722301131974,0.03939829435758857,0.03288644375987482,-0.0026031896602833893,0.034118863979677894,0.006902555718785175,0.0020491294692979167
2023-09-28,-0.01807577101094704,0.006505062764290637,0.003766781154620036,0.03297045448045455,-0.003101314650869158,0.010041608507250999,0.009466274095154548,0.015306148597900915,0.04237094443133049,-0.026584793691863506
2023-09-29,-0.022565383887887758,0.03686830845076461,0.018669797504058394,0.01776562248771074,0.017628766799238305,0.01794371494758429,0.020182844017292423,0.014572846243996018,0.008013850066106665,-0.010504241245931412
2023-10-02,-0.06500600247051491,-0.0012749163133518593,-0.02099839559222516,-0.0068047945203366655,-0.013586943317733136,-0.06503096829066934,-0.008889301392615678,0.03186396425457971,-0.014782188110062267,-0.06581739708467227
2023-10-03,-0.05133203016436472,-0.026241113108100622,-0.019567191253226146,-0.03366095858101281,-0.040289257555372826,-0.026496778190476467,-0.032250722842955604,-0.08944000244140626,-0.0350084086647251,-0.011363679466167786
2023-10-04,0.018493116235259732,0.02214124703978948,0.003550222713148088,0.007398328736640369,0.028345855198777192,-0.01517929500982007,-0.020153023582399787,0.021437378737905632,-0.012559392857353968,-0.01839078746205447
2023-10-05,-0.01075990912195579,-0.0018526044863929059,-0.02265976199720232,-0.009791908857589182,-0.010118597687462927,-0.05022591791786257,-0.033286393133600156,-0.052984720014809916,-0.027047792648361546,-0.11241218295493638
2023-10-06,0.02515294932695933,0.02555683740904291,0.012424060133646275,-0.008034583909917625,0.04476554504216779,0.05344158631213136,0.033724732910829225,0.03705723785285686,-0.0038059969621587753,-0.005277039875413392
2023-10-09,0.021220139021431494,-0.0015314020262771066,0.003864975384437086,-0.033021811062420414,-0.00202427352152168,0.03240371198403191,-0.010673408689839903,-0.0634086341252299,0.01003296462389236,-0.045092858661544666
2023-10-10,0.03896106469689564,0.016871152591717564,0.029069267851774327,0.01320887108865132,0.023326590122964674,0.004373542469420233,0.008712288185921846,0.0368430402287534,0.018748210616664762,0.0027777752022684066
2023-10-11,-0.011250019073486328,-0.02152748784114289,0.01683651008734821,-0.010810911150910929,0.015526901428702944,-0.02996928834070256,0.008394889595947141,-0.01749634614057416,-0.00771656322324743,-0.005540161082465245
2023-10-12,-0.04614409331974634,-0.050308351129195295,-0.029067926759530738,-0.011571792733147346,-0.041639580226937256,-0.10562446876001996,-0.0435461461558051,-0.07710667649743141,-0.0323419774707393,-0.027855127304566296
2023-10-13,-0.011265743841943565,-0.025084802013430774,0.01676907998859467,-0.01788636573986968,-0.030889337260425753,0.0,-0.0018412455084682033,-0.058882018251812385,0.019401518470639312,-0.005730653544946063
2023-10-16,-0.032841807547756896,0.016346327168808683,0.028885744732497276,0.03907288677441767,0.043782838297851345,0.02184820782722463,0.0259087241277709,0.009934419622976254,0.012633111294973798,0.06916426730776304
2023-10-17,-0.021483050108149215,0.019061783324064052,0.008603412056576776,0.03887840069729043,0.01510069712954265,-0.0034672302925101706,0.025785613115412387,-0.012766861153957976,0.0349510043422836,0.0026954151914919677
2023-10-18,-0.019121778064990713,-0.09250331437709947,-0.0116728228233266,-0.017791370588860933,-0.05586778624983857,-0.05885759269533564,-0.0443391151835526,-0.04261179562344142,0.00409179693103412,-0.04569894488884085
2023-10-19,-0.04981953177277787,0.006119179991181278,-0.011447227766357426,-0.04091210814669899,-0.02941177059858091,-0.026802258233759035,-0.03630833605414163,-0.031000919632623414,-0.014544228114523383,-0.030985886358689374
2023-10-20,0.021276575700436062,-0.04289373119095663,0.004595064769644663,0.012699371399854442,-0.023448760268082958,-0.016460844785199158,0.005493573460926937,0.0025137251958584628,-0.001399570975610942,-0.020348886772385
2023-10-23,0.0,0.023076941232801795,-0.030829633776784715,-0.04951747677622753,0.03989656209388692,0.021886011367815872,0.0026242229226072222,-0.03373602868179382,-0.011594040850875675,-0.00593471264263723
2023-10-24,0.04464288691983831,0.003922815668067736,0.008400983750481705,-0.024357276546100093,0.03694497085686432,-0.0022047148307247078,-0.005749576726712724,0.02288278449326886,6.439569878202711e-05,0.06567165220094506
2023-10-25,-0.023504268134093453,-0.04754148902631683,0.0038378160953624896,-0.02496529254572155,-0.06303529013098363,-0.06976008754055962,-0.023692410945290288,-0.06988004466433306,0.011342819587426334,-0.028011178292021377
2023-10-26,-0.015317289391879263,-0.035726498334835766,-0.02722852654563568,0.02027015904976759,-0.041316309044033384,-0.012555120643683249,-0.04751801353940177,-0.02578727667516567,0.0009558377230833859,-0.008645524824904882
2023-10-27,-0.028148156625253162,-0.0010636655460612987,-0.0316337334192045,-0.013942122513644573,0.0160183099654021,-0.01786943101121019,-0.010905842265274468,0.03334175434126907,-0.017857961738140915,-0.00872092177056838
2023-10-30,-0.024390220854836775,0.0,0.04197218177813755,0.0314599040186081,0.010510536526299852,-0.037088854131794746,0.011964471142253519,0.03152715867243261,0.008232587244373146,0.06451613579846494
2023-10-31,0.07578126973239674,0.05714288035308335,0.016055300217707513,0.016106910477523106,0.02600300003549716,-0.01889536482936227,0.010571282063762677,0.017430743161850115,-0.0020251098452307437,-0.013774156792985215
2023-11-01,-0.055192462136291365,0.002182324471734498,0.007386607329142203,0.002023553413519341,-0.014120249281205144,-0.03740743288450887,-0.02105896244858052,0.041539554855900995,-0.000644357422160402,-0.00558658697003811
2023-11-02,0.048424296952918944,0.30737021866521763,0.026638338328866862,0.03231245313367914,0.06426735326548871,0.15121205438475527,0.05460003478406139,0.05205041692198975,0.047445652017363615,0.042134858926518914
2023-11-03,0.016862136103165115,0.08584236625588826,0.042129913761885796,0.06260194354283066,0.16459629168771128,0.07887694334642448,0.06714958814086547,0.06275434549915948,0.027171625137350386,0.008086245574475681
2023-11-06,-0.024513349343418978,-0.017109108533831074,-0.006506390996968481,-0.03344582000183871,0.03999995478877305,0.029429997149760467,-0.02973389099430901,-0.0695284328336121,-0.02684234937515928,-0.01604276540816718
2023-11-07,0.008130126572249763,0.0015605912203531247,-0.004977309127844887,0.0012698063882832233,0.023646776841504513,0.028287722655548242,0.013562763761611363,0.0032488960759760044,-0.03737236125218302,0.03260866396255957
2023-11-08,-0.02639300595969518,-0.007071844242203085,-0.011935193369208674,0.001902360144269144,0.0030615254499655187,-0.00526781550881783,-0.0024136865558401777,0.004317805791389073,-0.013623340265932371,-0.015789458824326585
2023-11-09,-0.04367469392834755,-0.015209977819127696,-0.003730218543492647,-0.026265959591907362,-0.03412873226943791,-0.1044424908632513,-0.030053492554652728,-0.0791057667447127,-0.053754292515753255,-0.037433183034006445
2023-11-10,-0.012598413371264994,-0.003309687011531226,0.0036551844650098975,0.008774879816936254,0.0063199482139251195,-0.04106439017123298,0.021969384124555624,0.008870239653635537,0.001781782448741609,0.011111167036458314
2023-11-13,-0.031897896311569474,0.03271434930486272,-0.01865325170662724,-0.04220372787561277,0.015700915527375736,-0.018842010972155654,-0.019527224542499333,-0.04442392247603322,0.021239375925870885,-0.03296706607672484
2023-11-14,0.06260290393035572,0.04918419903987936,0.031227209572709302,0.05987237301735182,0.04075314428389398,0.15956704053040816,0.07822321749711758,0.10363202598206067,0.054891363947417116,0.06534091486356974
2023-11-15,0.028682236447659104,0.03405221398364988,0.03414369507299786,0.03141859470875019,-0.011072099944041458,0.028605777583399217,0.04949974262729806,0.044098250126961336,0.04854277038131416,-0.021333312988281228
2023-11-16,-0.05576493589037823,-0.017563100998027048,-0.02096414537047331,-0.06811155759628851,0.018842229970833513,-0.052693159885207286,-0.01760005258036612,-0.031098960653309637,-0.047113183469764786,-0.019073615859993343
2023-11-17,0.03990423069876936,0.03877096335981145,0.023667220220785934,-0.024584695971511028,0.028410547295036226,-0.010197772480897038,0.01944765737151255,0.02277161620390067,0.07648332740406749,0.02777781825006853
2023-11-20,-0.017651538522624466,0.021727402565813625,0.007875999359127972,-0.01021799350720709,0.008079264579635259,0.03403058546312154,0.03449198901847095,0.04898221757347554,0.014522749553635972,-0.008108100271120633
2023-11-21,-0.019531249708961695,-0.014633113179367774,0.021678760324429946,0.020991014027666344,-0.011633938970761593,-0.058574880313802646,0.0006333622634326908,-0.02587431902990256,-0.003346103622917429,-0.016348822874878488
2023-11-22,-0.020717149396840884,0.012606841072780872,0.0016448493587619684,-0.0020221070574839572,0.011770880678203977,0.00545220005750191,0.005212188624987624,0.01411081810653747,-0.007502457842047505,0.0027700805412327334
2023-11-24,-0.0073230392894420016,0.0015826284850266603,0.012234241402665713,0.01418433958883858,0.0005170749122511697,0.0019138889888108412,-0.004370343243634278,0.004911022789284569,0.02526617388835728,0.008287351037779445
2023-11-27,-0.023770489048105636,0.08479935769387015,-0.015087639882331971,0.009989881288692048,0.0012919699244147154,-0.015281788213711955,-0.005319517285990449,0.07432290095334038,-0.02249184929667203,0.01917806340105077
2023-11-28,0.13266162417704552,0.037774317953413794,0.026519546662156612,0.03099263175938738,-0.011612922914566504,0.0223084407270433,-0.0035529083173891918,0.08017444070325497,0.007718785385285143,-0.013440847293478053
2023-11-29,0.20459601747295397,-0.0011228852203418738,0.026556404384248777,0.024943924495413272,-0.0007832579606906753,0.012333976932813462,0.015725876005903805,0.026495846237248655,0.020939789827525646,0.027247929851148767
2023-11-30,-0.1046153728778546,-0.023887616409909218,0.01680354038618037,0.01778469611744038,-0.0007838719346235923,-0.021555765778360714,-0.002438767506194206,-0.046153859195546154,-0.009869894984757877,-0.026525173776789313
2023-12-01,0.05154639107685943,-0.006333935240350086,0.06279767158005134,0.03893315481982973,0.019874432222139804,0.12388250805385881,0.05445053946943479,0.0489247236480812,0.044426453082815565,0.049046273732067824
2023-12-04,0.10980387781425072,0.009078640458706877,0.020829091264567445,0.08881691923677382,-0.0464102916228466,0.13835227022578644,0.019636758612475713,-0.0037587119527444646,0.015503165824225063,0.010389662665569288
2023-12-05,-0.12190811252233946,0.006795549977607562,-0.02812635491790816,-0.04471568136905579,-0.020166712226264205,-0.03269279834274397,-0.03583002847157679,-0.045961245790732574,-0.026920101788879602,0.01542414939883896
2023-12-06,-0.00469481526093829,-0.0269037148528547,0.008966604009906343,0.049361814595271225,-0.011251368355200686,-0.035603718788602357,7.153409668347877e-05,-0.04601835923311348,0.006588197725764466,-0.002531643124693339
2023-12-07,0.10242590580422628,-0.01641266407931108,-0.006936240323930698,0.0005405938353255646,-0.017207853258130568,0.013911195009053356,0.005430859608239302,0.0,0.007127313752296249,-0.005076137217272736
2023-12-08,-0.04951102624679504,0.026618993812597358,0.0046562221389332414,0.015131136554128899,0.01383794635917246,0.06226914601861089,-0.13997867890550997,0.038251343338425725,0.004626403565044734,0.05102035851341635
2023-12-11,-0.03086819871530566,-0.0037732138868561416,0.005938304457898891,0.03247265760862916,0.016434543941804103,-0.010680571929807092,0.03528783413397685,-0.003629708780048757,0.04336253027916692,-0.004854364437391179
2023-12-12,0.009953588270881442,-0.01932599631133558,-0.009070712211954213,0.0,0.0035625444625473346,-0.008285210152836342,0.010057889609925041,-0.05173042028512809,-0.009352284762782492,-0.002438963970067154
2023-12-13,0.0965834586884522,0.006932035303741424,0.02687984092187512,0.035318462334345435,0.022119098768890177,0.14101263672777198,0.121507879677756,0.09335375849889394,0.026386251286517393,0.04400973633820793
2023-12-14,0.044937086638766166,0.011801700871760357,0.03583893277747685,0.0385956461041721,-0.03366289409450629,0.12314174220026874,0.11736310583820964,0.12719616525065347,0.05656048103424238,0.021077319201383782
2023-12-15,-0.010321118099983373,-0.06755440448858774,-0.004814929677327329,-0.011268283250860045,-0.022670714302890138,0.015408943457114743,-0.02683445159586728,-0.0003117872711835279,0.022588978720424757,0.002293521040931168
2023-12-18,0.03476247818732481,-0.02543523854523122,-0.0160351370627978,0.005092123202629972,-0.004526162781286702,0.08326847945810512,-0.010789924907493975,-0.018709085973785067,-0.019391913245795034,-0.05034320273523407
2023-12-19,-0.007838818153003135,0.009947591468885797,0.025076791704456314,0.02509046115944269,0.015913651467607037,0.07399428720293377,0.02263422800845638,0.0600572398549446,0.014812586352704882,0.014457817204996726
2023-12-20,-0.04458233853222193,-0.0562380603851802,-0.0017128210876298233,-0.00894340321598508,-0.040839135230004375,-0.0727424651157339,-0.022037170447802956,-0.030275842858260238,-0.015559090940328368,-0.026128297510139897
2023-12-21,0.0029532921535306844,0.0328807124352708,0.007756740572234522,0.03823328147708338,0.02391366791865268,0.04977457512906858,0.00805709221821771,0.05363216977396479,0.01361694099677524,-0.12682926659070615
2023-12-22,-0.000588941646138541,-0.007605438620966187,-0.027246351651213252,-0.014409729743154576,0.01737398461256978,-0.059611770513295026,-0.01842229335961576,-0.015549326493551674,0.0020062904803863635,-0.0027932934850189994
2023-12-26,0.022981809827780086,0.038975315641779584,0.026188896161950748,-0.013460387454412248,-0.004759293892298233,-0.02155645433156128,-0.00043022201031561735,-0.034123094839819124,0.01989497623132719,0.011204471316808462
2023-12-27,0.058179734641229386,-0.007060043816359718,0.006004567790767856,0.004704747780555962,0.006751102211462134,0.015496673624548318,-0.008709201891285323,-0.006325147094185857,0.010561095417650934,-0.016620483247395845
2023-12-28,-0.016331035966446916,-0.0013796548676757725,-0.00020329410858488384,0.009834015748398262,0.002235205764488102,0.00956058917748881,0.005445147317781673,-0.004502420416689801,0.0033952412605255944,0.0028168987598808926
2023-12-29,-0.029883730896430705,-0.02592980713684867,-0.0030528770652281656,0.0006955961241488229,-0.017284609711366583,-0.035876893171980395,-0.03156355788833942,-0.0377417635680245,-0.010176264184262207,-0.005617972260667625
2024-01-02,-0.04905878931349483,-0.029020331178635672,-0.006464857184319994,0.036839239725988016,-0.047375834580008824,-0.07687949630000857,-0.01931523490671394,-0.047163692243582966,0.004830692434500294,-0.031073417028582462
2024-01-03,0.001199787502827565,-0.026853925726386896,-0.04897257386926557,-0.025921603024470996,-0.040798173671183546,-0.04460813001974284,-0.05635828415307664,-0.06378635723085302,-0.059565923677221355,-0.029154560088883508
2024-01-04,-0.01977231354982023,0.015009849239077777,-0.0023767426357631516,-0.0034411835146069825,0.02080105565620971,-0.0021418352030816434,-0.012604708310140267,0.02198399462837397,-0.023778490085108905,-0.024024001663345507
2024-01-05,-0.024449911814275582,0.015697840927434425,0.002959897735224537,0.02923571836970318,0.009124064091088568,0.006009847265749713,-0.009874614849344487,-0.015822211371527728,0.0009936172307294378,0.0030769201425404624
2024-01-08,-0.01065163382754497,0.05218944993766361,0.006622205904926126,0.021024386133697393,0.012959623303822054,0.031150072878667112,0.03390088631863297,0.018605469074078673,0.0784999193333984,-0.009202445238506662
2024-01-09,-0.03989867738840602,-0.025013289520549153,0.008437440741019264,-0.014238826075789857,0.018744452742473383,-0.02420858650198665,-0.0027507794490717608,-0.011349519357610083,-0.009950245821224613,0.02476777809091235
2024-01-10,0.037598924839139736,-0.020851485420651628,-0.00489264154717961,-0.019333377724103595,-0.01956781398360552,-0.008905914550095151,0.004486948319563311,0.012197314891045474,-0.005929431112722816,0.042296104931836
2024-01-11,-0.030514911392558575,-0.03389453487319671,-0.0034912860378674138,-0.02333983741272816,-0.004170372085824714,-0.014976400946410617,0.009299972870283835,-0.02232858637987467,-0.02176243509919029,-0.017391287521814403
2024-01-12,-0.032786885245901676,-0.006924390808485947,0.007078780821013986,-0.020649709577099662,-0.014358346929539634,-0.07080803804091607,-0.026735815930051587,-0.0770346228213632,-0.004108239667622304,0.0029498496028923515
2024-01-16,-0.052203420865333694,-0.014642673928466854,0.013632435079742766,0.022032590954148557,0.021547771412230965,-0.011453900835702302,-0.038279545283664285,0.01610376156732829,-0.005863352172319813,0.0
2024-01-17,0.00715310334364494,-0.00919918352252358,-0.006304318005289522,-0.007649400844167209,0.041889478722636264,-0.0018916757696820774,-0.01344851604396513,-0.007151193169288583,0.0022965046163510028,-0.01764711162210597
2024-01-18,0.014914775517391954,0.0005951127376739862,0.014451046164318138,-0.006073465730375038,0.07043060285705272,0.014925307376945085,0.0018464003734761647,-0.009149258629128298,-0.0027599180889973374,0.014970117371185365
2024-01-19,0.015395400113092927,0.035807782817651734,0.01792796486773507,-0.0028201169772912316,0.002131007309707611,0.048552798084726234,0.01697906736143162,0.10275047908549184,-0.00650124074307834,0.011799398411569628
2024-01-22,0.02687797267378067,0.015964159808433687,0.03945646818844817,-0.009191642583177395,0.008506105898716587,0.07635795353640251,0.026951957084531797,0.047211788005594446,0.03989369824286726,0.0495626339844617
2024-01-23,-0.04832210280455784,0.02837443095419445,-0.013265942829659538,-0.014272036807962851,0.009225152912155421,-0.0581179183272138,0.009123649129657796,-0.016332070507132812,-0.017286205916938413,-0.01388887601134181
2024-01-24,-0.016220062832205562,-0.03011979583381552,0.003594048969507657,-0.007239438518477304,0.004439753587897499,-0.07707506363587813,-0.01648246774886719,-0.052749900608068834,0.00802354709942632,-0.1746478574329411
2024-01-25,0.04086026209978577,0.006800390471411566,0.015651018928380944,0.01263981190180452,0.005980227449594144,-0.02450634364721993,0.023378954230905524,0.002190960943615483,0.016991131044817642,0.01706482975327095
2024-01-26,-0.002066162926976145,0.0019137472187451543,-0.0007837528796941218,0.018722862911031868,-0.005427735640385567,0.019512176967531936,0.007836853914179542,0.023319344024956612,0.011690030778671145,-0.020134208857554126
2024-01-29,0.02001380030599198,0.04797749037153265,-0.006795885111066435,0.02073511133540773,0.03716217053501225,0.07464121709837723,0.0023473595087817323,-0.02171973376848635,-0.007538088845985724,0.02054792507255443
2024-01-30,-0.015561538998085767,-0.02519565303635929,0.007171397025711679,0.0076179039685655425,0.009521450001706233,-0.01736421791542553,-0.037251144325431196,-0.05768884330535917,-0.006195911472081539,-0.040268497721342444
2024-01-31,-0.021993171429805503,-0.03145623259953412,-0.026195495906466415,-0.02268055097180388,-0.030776908669389313,-0.024467557951000307,-0.03656408267885636,-0.02954806518667996,-0.026397250223620383,-0.024475502031601426
2024-02-01,0.013352111044956372,0.0067000225260349655,0.023546241884790042,0.019924919551110643,0.040973170808666026,-0.012308510745501544,0.018502516092972154,0.01970152593963781,0.015518825854882623,-0.007168452042999429
2024-02-02,0.021497882406534385,0.026847120275832026,0.022152130587524077,-0.0013788519581059422,0.023124196591002733,0.021631792225008883,-0.00828916813391467,0.006049913123324924,-0.004373489772448336,-0.02166062931143853
2024-02-05,-0.08621857050625148,-0.03603206441042872,0.0031418269678307187,-0.015189935476658811,0.008655941549188917,0.008055310918144709,-0.016404315776537892,-0.0488845876830194,-0.024057542837034873,-0.018450166646666433
2024-02-06,0.04754831660541825,0.06529918355479869,0.0031319868072170465,0.008179481368270292,-0.005005937560272455,0.10022822862838776,0.01203192136467357,0.03324497468279586,0.003192419119442347,0.037593947896937596
2024-02-07,-0.0021277082151667237,0.01080439099878383,0.0105137088945928,0.02202143619097985,0.020603659824430798,-0.0020750679658723126,-0.0002746893355218827,-0.018357684721218792,-0.004069181655710241,-0.003623184962974757
2024-02-08,0.019900546746174363,0.002222447763999602,0.008701697639172945,0.0063505894605839774,0.0049296456969945,0.08941564295575977,0.008124306762334443,0.03740198325905553,0.03488726827051214,0.014545440673828125
2024-02-09,0.021602749665615928,0.011615693125278881,0.013752352183642236,0.007888305929488304,0.01331463855499515,0.014124901849726035,0.016662888503310214,0.016088350724995815,0.03730529741928512,0.00358422602149977
2024-02-12,0.004774876913561155,0.02891436904829603,0.026268873413706206,0.00044715035020437277,0.00530197179744607,0.040466717027896504,0.06758823966616467,0.03452883320326583,0.03667098455339457,0.003571425226269964
2024-02-13,-0.03801761597728892,-0.08755196591393632,-0.005347611723824253,-0.03285646571556222,-0.021096124071692812,-0.059876964279306555,-0.050001800689209674,-0.07044071043830757,-0.04697690643968466,-0.03558715539817858
2024-02-14,0.016937175005360627,0.014454029209196362,0.008396686734924774,0.014097356293138352,0.027875438737112734,0.042139669337242225,0.038097021353086014,0.029756000883562894,-0.0067664417154302825,0.025830233305333072
2024-02-15,0.006939651806289637,0.03572996725732036,0.01946926411469474,0.036919050834318234,0.013217821381934058,0.06388482304595589,0.0018549856735878834,0.005971900870781255,0.05333278972746647,0.028776951269557483
2024-02-16,-0.026878038399094306,-0.23809523809523814,-0.006052445618559998,-0.0021977889854783994,0.002474147832134843,-0.08920512521319879,-0.03605018244071034,-0.004021503145554606,-0.0012509118733304847,-0.024475502031601426
2024-02-20,-0.04461757220587781,-0.06597222222222221,-0.015962146620620232,0.043171874691911194,-0.0729190043135094,-0.012766751221668038,-0.012240133076506954,-0.029417397205787288,0.005601402724801474,-0.035842260214997146
2024-02-21,-0.005930313199658643,-0.04981410370440287,-0.0021627059215171274,-0.01984814961438852,-0.013794765223476446,-0.046516148359762144,-0.023754073015289756,-0.03367671906409331,-0.0094953407537397,0.007434936989250351
2024-02-22,-0.0037285750412974217,-0.009546175207907015,0.016798172614291396,0.010168874435885877,0.002208592701543388,0.06093119732168106,0.015349135075082287,0.10783112480238333,0.01881644989955822,-0.022140199975999808
2024-02-23,0.011227588028388968,0.018802376745017613,0.02244174027864787,0.011993922567800741,0.010773717557910123,0.3209310488579291,-0.005423716796125078,-0.027387111716555834,0.002235906125871434,-0.030188739337966508
2024-02-26,0.012583277084667888,-0.0020162046532914424,0.01650557017917542,-0.015873133703988573,-0.02252907782648006,0.009389001667724717,-0.017481452332689718,-0.0013318054222842823,0.007668510006262119,0.015564187895738879
2024-02-27,0.038742669674551644,-0.008080756105620202,0.009001893423125518,0.019569953714751342,0.028004984159788027,0.15082998189410812,0.04597704394289903,0.09239852008064853,0.004842979929216673,0.03831423259404998
2024-02-28,0.0021111705060279373,-0.0018800367090644476,0.002089305086088844,0.019405216775826295,0.020491858683673758,-0.06155183994398916,-0.005118229199506219,0.00610391477484673,-0.04204453689032972,-0.00738006665866664
2024-02-29,0.0021067898263844587,-0.008318926179768926,0.0023664507365583898,-0.05441750890277697,0.023387616842559078,0.006095137701499498,0.03797854857485339,0.03310798912946811,-0.006420472268006017,0.033457216451626026
2024-03-01,0.04765237068591044,0.00269069591839477,0.018831867953397197,-0.00043775317763838917,0.004847624329455957,0.0925852229463362,0.011771177325705873,0.008724840118736976,-0.0076916321835136525,0.0
2024-03-04,0.01806023151895575,-0.0052091242984358965,-0.008386516351508444,-0.00065664632860718,0.03078337216092919,-0.017116592669536468,-0.02348456368756724,0.019793786802200453,0.004811016875480689,-0.03597118908694685
2024-03-05,-0.014454682205584213,-0.0036496277462021443,0.006510076571712764,-0.012048143762004915,-0.05014486413105623,-0.05163115845928623,-0.010586091520995877,-0.01614747441349884,-0.016250676217123283,-0.022388126755056525
2024-03-06,0.017333348592122322,-0.00191117606039648,-0.0017138826366273063,-0.007095492469668563,-0.023228481665420575,0.0062072076716213065,0.009730151968989187,-0.007957552133036838,-0.02876113988545581,0.019084043098801073
2024-03-07,0.0,0.0063826637556392285,0.008804948072272278,-0.02210797782189544,0.022820099413042527,0.021334004169643928,0.012996082460218217,0.0003342322478721016,0.00475850342177675,0.02247188803935285
2024-03-08,-0.039973827077475765,0.02267322517988113,-0.0058186136840758795,0.02215113203861363,-0.019727574365092093,0.07336097952804344,0.009439794379791477,0.028065490946307392,0.021386271071359264,0.010989000432297447
2024-03-11,-0.015017018367442292,-0.0013952920603197416,-0.003478734712120124,0.013181323614092744,-0.0028750057919604277,-0.08440794990984812,0.017547718150940694,-0.044361382866790255,0.004488743841053688,0.10869563527278503
2024-03-12,0.020097017028406494,-0.004347250314722828,0.009807208440316462,0.0052922156358807815,0.017299405074024055,-0.02330347779138553,0.01919666283978705,0.05424245115147608,0.04097811315883093,0.00653594160147164
2024-03-13,0.010190191291385764,0.0053017929494303395,0.030233243379574226,0.0017547851770751688,-0.0023617967350191282,0.04444156197304827,0.054520777993685154,0.039032228531376,0.04398796117947845,0.012987000923330161
2024-03-14,-0.01613986368293374,0.0029471449947053863,0.15471885080616588,0.005036203870751654,-0.0030776766796746235,-0.037529783618755364,-0.0365479441013189,-0.028562502176189497,-0.009918099521293633,-0.016025626330215204
2024-03-15,-0.02665757623185483,-0.010361923069843515,-0.024583665942014332,-0.005882299528705781,-0.007836661749502927,0.037819503584424874,-0.0037351665771141462,-0.02604667658073423,-0.025853425898789695,-0.07166124866258439
2024-03-18,-0.023174152318131802,-0.00968905657632868,0.007376476662603881,0.01621710198194548,0.041646762309840435,0.015204861414036097,-0.0387301253400858,-0.011812981323880867,-0.0022485520591305486,-0.07017537402020413
2024-03-19,-0.03594536344247501,0.018463026721843523,0.009012430680381156,0.023937946245186525,0.005974226075331268,-0.02364159554342904,-0.002397443105906949,-0.00647516839801654,0.023641210804647317,-0.06792455104883477
2024-03-20,0.005219962387824184,0.0063525879593875345,0.020236257769148835,0.013058129482572234,0.05687532544300322,0.09558825885221167,0.04038741125765921,0.08188498828019686,0.008348163159347832,0.06072868632040107
2024-03-21,0.013353138819611532,-0.01724395950441704,0.0244403126693582,0.0035345580691430456,0.03630862953436376,0.01492706631821461,0.07346755063765387,0.014674152131357587,0.03759723585817332,0.061068737717347554
2024-03-22,-0.04099556897494949,-0.0039166534987998824,-0.015266671333616921,-0.03148953493372153,-0.015641292764684844,-0.02018014452444583,-0.04547645529165423,-0.03592632855291211,-0.019684819790558694,-0.039568307995641594
2024-03-25,0.15419843093643681,0.016671870526370647,-0.005152862594097973,0.0010693618174013597,0.002542350210701372,0.028740952356010707,-0.033410696010474195,0.0003157530789237306,-0.013282310827694266,-0.011235944019676425
2024-03-26,0.025132282891341173,0.0001547360198779213,-0.007087731009218889,0.02521359540553636,0.028740503362689518,0.027146333623142782,-0.003480924548347142,0.022257359054008052,0.0014957551555836446,0.00757575004991895
2024-03-27,-0.15032257572297125,0.01438515519297412,0.02368473207474464,0.030637922598597322,-0.0684059533726139,-0.005506022346496664,0.03741089667718911,0.0436997237230925,0.03706304519331405,0.0338345531072437
2024-03-28,-0.04935456452276532,-0.006251961736225886,0.010198081434239725,0.01152677366497179,0.0013230733254656624,-0.02657510435927679,0.1726321465945344,0.004290589306701342,0.029669264871075907,0.0036363601684570312
2024-04-01,-0.042332321666717965,-0.015037528848758641,-0.01338606035022638,0.0037985837375078546,-0.010350170056869334,-0.012740354991173874,-0.03879288286564131,-0.02990569919615982,0.008268981541174947,-0.02173910977784832
2024-04-02,-0.059216017656417264,-0.020875586794194878,-0.02181663019589175,-0.03903615713380737,-0.005117924994764711,-0.04516651720750886,-0.07220317678188015,-0.032801820766343415,-0.05639900304350276,0.037037001061669184
2024-04-03,0.00886528225505434,-0.010023822891218948,-0.026819101033265236,-0.03668394840570888,0.0011183010083735123,-0.00567152564534712,-0.039345745859447945,-0.020097327789234676,-0.0436576199812605,0.003571425226269964
2024-04-04,0.013180985678543866,-0.03182255711010018,-0.011506194111338353,-0.028184206776514564,0.013628253646696509,0.0004855174597633294,-0.052419844814077576,0.004967174716374645,-0.02982768640084832,0.024911093625196168
2024-04-05,-0.024284452684808278,-0.006806106175104354,-4.7897646957006934e-05,0.007084406184923786,0.04033506445089663,0.016981972618073105,-0.015633890098507464,0.007812465788151091,0.024307504073792563,-0.020833395421502532
2024-04-08,-0.03733334011501732,0.017048246897043873,-0.00574845426582038,0.027698507680125717,-0.03580513589171819,-0.013955108374100189,-0.0073301405563169775,0.03417186668873051,0.03311076342972297,0.021276660503010802
2024-04-09,0.016620526910787303,0.032867708301596466,-0.003179983656978136,-0.013048067791625262,0.000659252803794308,0.012217228708099492,0.04503005140686178,0.014532612946721368,-0.03899501673896133,0.07638881300334877
2024-04-10,-0.014532229253946038,-0.02720762332519,-0.002320022720800341,-0.016688663090537403,-0.01229691177059411,-0.03776290434856344,-0.09774852797881461,-0.06920989405472067,-0.005975604626103248,0.0
2024-04-11,0.04055295529157377,0.013248305223702017,0.004990013984698116,0.018735013885249563,0.010226747202180642,-0.0009935883997577166,0.025376171194608332,0.016523577925280586,0.0010930488177518516,0.029032308179557154
2024-04-12,-0.04605841504396324,-0.03309118985978976,-0.02077710522188636,-0.02163543006234936,-0.026848535274575536,-0.06775231497810541,-0.04459172498187558,-0.0384063720703125,-0.025467490259615033,-0.043887179433520496
2024-04-15,-0.06592386332120914,-0.016026759177212524,-0.02264564137419034,-0.013932033054050219,-0.01130710054720463,-0.06880921000883666,-0.014342771801747478,-0.06496522992591436,-0.02065330397198717,-0.09508195619242243
2024-04-16,0.030815054971359057,-0.019002357617586285,0.0008563795058755819,-0.020183898523581267,0.027904788928234225,0.011599646336090563,-0.03280057196191488,-0.01896490126816719,0.030514069820883005,-0.01086955488892416
2024-04-17,-0.0067502117258166905,-0.003977854435321171,-0.008907999113739629,-0.011444382317494783,-0.06074765522164083,-0.020951336014799815,0.0018908679533007344,-0.010840081132100221,-0.01655505055614126,0.010989000432297447
2024-04-18,0.0009708959899661362,0.019100511741736215,-0.008683252013251708,0.015512965162756354,-0.013503902089254005,0.02877384108263814,0.006400515266646201,-0.0001826177448986943,-0.014011410932147639,0.01086955488892416
2024-04-19,0.0106692194180662,-0.030499184575129235,-0.0007169938055385794,0.002963823793703968,-0.02305473339443198,0.0029515651384375285,-0.019894776621934507,-0.01936429193987388,0.01647540263871372,-0.014336904085998858
2024-04-22,-0.039347393897326444,0.02934970341232379,0.01840263459882241,-0.0011365492223089912,-0.0031956997822021327,0.0011210617752013263,0.019924267764102943,0.01956034335117751,0.021496883734044347,0.018181800842285156
2024-04-23,0.014984976533514827,0.054123305449200965,0.037348201359805655,0.027082359188007166,0.016276198762758654,0.058510602084333785,0.013703102170351089,0.05517998324544249,0.06445213208354472,0.03214291218592291
2024-04-24,0.07578744776849589,0.0014577283793510976,-0.002959609580434508,0.010414477915535292,-0.008735758756355017,-0.0035704775364733266,0.01323627525441351,-0.08363639534293832,0.011641367561431304,-0.006920490871662466
2024-04-25,0.02561754118511783,0.015849903173448032,-0.006180725671511178,0.0,0.005875194306771858,0.02853353111370427,-0.03367087862147067,-0.03722595378247573,-0.008547161212432597,-0.031358856361689114
2024-04-26,0.06155214790680397,-0.10284990858027487,0.014249950072358741,0.00964906477995875,0.04964713818329991,0.08787093623991926,0.022763728709672026,0.020804662271266983,0.007947417467503604,0.017985594543473482
2024-04-29,-0.05126047699424929,0.0409938143006674,-0.007290355211863941,0.007384965019671785,-0.008115054026212487,-0.00652346733413689,0.0275199499575971,-0.0161507436972963,-0.0012694914794066925,0.01060069688994325
2024-04-30,-0.01771477501690888,-0.01704739179340653,-0.02271299305007457,-0.02069865420445338,-0.028517939243052792,-0.010028722947491131,-0.034055331725639904,-0.01993348992702204,-0.023216074960542676,-0.024475502031601426
2024-05-01,-0.016230865888110735,0.025494298033181595,-0.014033992740864698,-0.03500665038594042,0.006255974806109954,0.050289414628895024,-0.008297927652032189,0.007577213197528687,-0.03429281950461216,0.01792113010749863
2024-05-02,0.1695692399032025,0.013783166108354061,0.005400692742984159,0.0,0.028933502948409018,0.33769664811223077,0.06942861128826538,0.16049872959178435,0.019693844851943032,0.028169072021973385
2024-05-03,0.290752274132033,-0.013929420113830693,0.01782237142038956,0.04882509791870615,-0.028119895858673027,0.04437770088352,0.04976900706583076,0.08441338360268236,0.0062602735703907175,0.0034246541787590346
2024-05-06,-0.009714623805865963,0.020639506142882347,0.014303792207380983,0.030672077119145102,0.05380200900093435,0.010684648343662007,0.020832616762888723,0.07626988956094505,0.0335253516981906,0.027303727605233474
2024-05-07,0.0,-0.003149385639641178,-0.01439398125644098,-0.0033770669674775267,-0.017472213821097538,-0.05131329337626378,-0.008333913911474644,0.01621859396194303,-0.03147932142221965,-0.03986707174062598
2024-05-08,-0.02391167396803484,-0.009810444938073037,-0.03221834506182053,0.008471144399734287,-0.011316348092453077,-0.019201094640850846,0.00114928645817014,-0.019266770790620225,-0.025228402127414506,-0.01038069505860606
2024-05-09,0.1312814159906981,0.011586942909259212,0.009431620993273215,0.019739570596857048,0.028497952975236496,0.05235098380895775,0.05517292417855657,0.0693447210148157,-0.0005432359527850483,0.04545458713611672
2024-05-10,-0.03053865282728685,-0.03867864817619293,-0.009646419019340602,-0.020799106851884908,-0.01726092079499575,-0.028319952377271362,-0.010777226048360844,-0.030435990490766507,-0.0005431312102281982,-0.030100305646238334
2024-05-13,0.7439863894390997,0.03885339329871451,-0.009077722334501992,0.005678269465566155,-0.0013866737383001482,-0.0008547204311847301,0.004399074729102281,0.009191197888280378,0.05557781254760186,0.0689654492027858
2024-05-14,0.60098518156142,0.03490688961847521,0.03180500529257424,0.017984233313002695,0.02129141409709434,0.034645055704290106,-0.005337887283468734,-0.0012610895869619165,0.02738956710115592,0.11935488237426761
2024-05-15,-0.18871796436798882,0.00016065108416496443,0.0029428493547882795,0.02403446195244263,0.04577385925383903,0.000992152431451565,0.02053734621267722,-0.0030864369314077544,-0.006277974544447007,-0.06916426730776304
2024-05-16,-0.3003792513258605,-0.01638028665915159,-0.020688282841634265,-0.01805416464618048,-0.0255688031670831,-0.025935419228348522,-0.03360750049763628,-0.03363354167972943,-0.046987091913711976,-0.06191951904108195
2024-05-17,-0.19732565871942664,0.003102018395248818,-0.012086031654047646,0.02471910226023155,-0.016900202704032474,-0.003646249507818222,-0.028881365617167476,-0.02286296398263521,0.006744155125310014,-0.029702942250534492
2024-05-20,0.04187304563312466,-0.03531898140378498,-0.0041637106889337305,0.010167454372693951,0.011535900176247393,0.0,0.005459534476773387,0.00014906313648177516,-0.00349808672012919,0.023809500639594416
2024-05-21,-0.04407945450816786,-0.021933511507004955,-0.0269446435762839,-0.013025503982729725,-0.029964224418838725,-0.021021254519198784,-0.0210052693053967,-0.0427656492397549,0.020672208807829495,-0.016611279891927455
2024-05-22,-0.0452079548851706,0.009487652673433544,-0.025303747048692204,-0.02619463547054557,-0.03411709326406964,0.0059983733730621935,-0.07203061891499729,-0.025840536860463614,-0.01892732042005263,0.006756750225933805
2024-05-23,-0.13257580649370904,-0.03964456043534481,0.015565400441770683,-0.008008309960369386,-0.031026324687718376,-0.05020734505614377,-0.02284612329192881,-0.018376501953188296,0.015832782824272362,-0.046979900673860486
2024-05-24,0.037117921206510474,0.009964369234724879,0.018059966565206365,-0.0006209838382763566,0.005172485395628312,-0.006914767756316165,0.024989966655401208,-0.00406967277808945,0.007556174311191599,0.014084577986089863
2024-05-28,0.2515789835076583,-0.005461549819605005,0.026477966161551514,0.005799507502547652,-0.10291596720426077,-0.041777400793187924,-0.015978984794228657,-0.026152312293887592,0.010454193225429842,-0.010416739102864003
2024-05-29,-0.10681248285050593,0.0005314221238517103,0.1591282298752903,0.0026768780231296585,-0.017754753210660112,0.004398172125682498,0.007780070830636587,-0.024840606100186013,-0.012916076260796716,-0.03508768701010212
2024-05-30,0.06450098182657737,0.014872524068625825,-0.008273142217665064,0.04148715764323252,-0.0038931978090313013,-0.02532125569810184,0.04386562116665127,0.017039616255889678,-0.0008753383120257974,0.014545440673828125
2024-05-31,0.023440900707195178,0.0013957053642816852,0.015524390305024616,0.024255433835301154,-0.01926294339998791,-0.02353747123096539,0.03132695728523083,0.006769360718327677,0.0049421065454369195,0.0
2024-06-03,0.21002596104326865,0.009407614746954618,-0.023238359668425357,-0.0025026803650302076,0.011101604833209322,-0.010202063916018633,0.011326507457071866,-0.02639104833123196,-0.03180960408410782,0.0
2024-06-04,-0.0535714285714286,-0.0027614748223061536,-0.008005407966934275,-0.1281606708951779,0.0,0.021624873707538184,-0.020290232688618404,-0.026761037397470155,-0.0020317344268482307,-0.028673808171997717
2024-06-05,0.19132074320091386,0.005884391827119861,-0.015641214253557023,0.045384031765999255,0.032094576997655055,0.01918894665960713,0.04880671882847287,0.04257586608754371,0.006524124116910057,0.029520266634666337
2024-06-06,0.4745010987343228,-0.002580827837891597,-0.02229183536276247,-0.01800091968230233,0.024549959891569273,0.01581910989717561,-0.011784226521696861,0.011400343095570031,-0.01583692957545002,0.00716845204299954
2024-06-07,-0.393770144449599,-0.010695234319929692,0.03189180520903223,-0.007147398224594648,-0.017838177826026813,0.0180567621631742,-0.03846012617502237,-0.050302791602454655,0.0029662303347564034,-0.04626330201763207
2024-06-10,-0.1201275503945245,0.009241545040900023,-0.012919376551643658,-0.004581160514055105,0.03144483238288176,0.013982748303907888,0.02014823829782597,0.010628847936438035,-0.012458317734843849,0.018656698160751883
2024-06-11,0.22795005496590082,0.005010316093270184,0.012394572534741854,-0.020381392602282666,0.004993493960998352,-0.036372104731354216,0.017121684046154773,0.01770380630565116,-0.013275214184287343,0.010989000432297447
2024-06-12,-0.16497214576597685,-0.031115654384875624,0.013796350804942348,-0.022371343061882598,0.01699784734966836,0.06674996814826617,0.024873563611206517,0.02394073986859868,0.015628500858715588,0.003623184962974646
2024-06-13,0.14375498375382412,-0.038325050106819636,-0.006849285842039254,0.0018307746333539043,0.00231422355362243,-0.03898447383573511,-0.029733209000088134,-0.0820858032882883,-0.016399902451623927,-0.09025270820268372
2024-06-14,-0.014423079127390603,0.005719512070666122,-0.013771051982506166,-0.01187735015659186,-0.0017957849062664177,-0.034476301094482964,-0.1707994735621159,-0.03573393391688806,-0.006913402809715974,-0.07142859846015659
2024-06-17,-0.12125440268554677,-0.009906386304487591,0.0432771595550272,-0.026583722494263107,0.07812903951295014,0.057054173440289846,0.007617638238567315,0.012732839172229449,0.02529272407814287,-0.017094001418896276
2024-06-18,-0.02061849978479935,-0.026681534349379588,0.008996657049896273,-0.013298529127804604,0.030989254193507065,0.01689003252769994,-0.04739070944866974,-0.02026650051604717,0.0005403868574862525,-0.004347822030685733
2024-06-20,0.03603236284040179,0.021701873522558257,0.008081787555382691,0.018050449056069118,-0.005780346820809301,-0.008395054288758086,-0.012153610913532398,0.0017238106524819496,0.004203168265789481,0.013100424405900535
2024-06-21,-0.0648690831384866,0.013601702661431903,-0.0007841926795508769,-0.008983219841877665,-0.023488333058911737,0.028584446018516063,-0.008538771494819852,-0.0009560083707442768,-0.013117917715534722,-0.008620681681899223
2024-06-24,-0.01170082252714999,0.0009191035966562566,0.0019622292116028284,-0.010019297812120742,-0.04715416236691827,0.05761572132013715,0.0338472821099054,-0.024306228856720957,0.03132327000652002,-0.01739128812274282
2024-06-25,0.054122651471106176,0.0034894145830444145,-0.02110717707126919,-0.013493804803669351,-0.050237400796176224,0.07598326417265788,-0.0374417800790795,-0.023146338088884555,-0.003721733537632055,-0.008849549119871458
2024-06-26,-0.029281970850388306,0.04612006745814656,0.005646206466345838,-0.02173904098405155,-0.008684258711965431,-0.015398970079190999,0.019867877856132976,0.008634544412919887,-0.010100343650768617,-0.013392844313413588
2024-06-27,0.03677683312355118,0.03481458509060675,-0.026790423718157652,-0.02546816487085357,-0.014865876979399673,0.049605076379822144,0.09174688802573172,0.04021502042947733,0.0059403694527873085,0.10859728750863584
2024-06-28,-0.015942591315170507,0.013186792209221032,-0.024030126651663597,0.0005122467610341186,0.02856366319482273,-0.031306469210343635,0.021479311843287885,0.009186594109786173,0.020437081309060856,0.012244886043219827
2024-07-01,-0.05508305309574879,0.042382794970684756,-0.057994026679621946,-0.01562078804367839,-0.022792742300747237,-0.033949606105530994,-0.02360499187870868,-0.041342695317674316,-0.028543054250421807,-0.024193525128260562
2024-07-02,0.02786110675764708,-0.017768538316975335,-0.02070247553373572,-0.008324843884459643,-0.009651491091556719,0.025572965746029075,0.0453764692426426,0.019584603232614572,-0.005118836517900238,0.012396682001644121
2024-07-03,0.016263607357879906,0.015156458538543305,0.00973757017924326,-0.01101775131857119,0.013535463416029625,0.0024308113148709953,-0.03519037586892537,-0.0009701054748232352,0.012921848757935894,0.01632651472429325
2024-07-05,-0.007796492717051295,-0.0033713129135676256,0.005846190209173541,-0.018832940535385867,-0.009882450466245918,0.0016426711354482482,-0.011216338212655219,-0.0007768676291202148,-0.0014148198394711153,0.004016060411629274
2024-07-08,0.011166271892307567,-0.017074763885731148,-0.001092977762658598,0.012976599223732288,0.014027527975304377,-0.04474814061441501,0.016721265675565533,0.02993199013976766,0.004273818350772451,-0.02799997329711912
2024-07-09,0.00613495353168414,0.03425106746819062,-0.0005966848213563303,-0.007739663607593594,-0.02261235622960156,0.02763238506985166,-0.016983473596494103,-0.0032081898142618526,0.006106217789947799,-0.004115222299809096
2024-07-10,0.015040606753952357,-0.02757093426776791,-0.009603913753988835,-0.01721327200249656,-0.002721891242508323,0.04192525378207357,0.03114886578301368,0.01117001431269804,0.02333322779312863,0.0
2024-07-11,0.024028850539408397,-0.011406237169995559,0.055820765536287675,0.024082848886240127,0.013919272508900571,-0.00794075670637584,0.08813701633511517,0.03445048039402021,0.050949040924439304,0.024793364003288243
2024-07-12,0.018771980757336104,0.01071372252342706,0.05477294700528734,-0.0021376943513219393,0.019111683857618855,0.04856457812994974,0.02884752473436314,0.029683246871464952,0.0016030792546990469,0.008064508376086854
2024-07-15,0.03646836048992719,0.018264822854839213,-0.027656167739403936,-0.014461696607408037,0.04278919455278163,0.04293893537211324,0.005789805426265948,-0.05835823045250932,-0.0956719549620324,0.003999996185302779
2024-07-16,0.05703707094545707,0.03667528476281956,0.05080729843399734,0.05054329337127483,0.008358709090197536,0.020691155829944297,0.06534889710346503,0.06832181945608129,0.0035161161646390937,0.019920299803290353
2024-07-17,-0.019621631230794523,0.0006178477376601599,-0.05603383656145389,0.019658583648430206,-0.03667427402174006,-0.07777702814756249,-0.02756071365456747,-0.055739972955175965,-0.029277378696497602,-0.027343724534147795
2024-07-18,-0.07505362458279308,-0.0308784358338674,0.010337737575381922,-0.018011001801392035,-0.04380705011786268,-0.03416820775682683,-0.04329891453830148,-0.037379726564424676,-0.029700409454458065,-0.03212848329303353
2024-07-19,-0.03516228272494093,-0.00350487843075864,-0.017963790272648716,-0.02944983492447284,0.007090323130985565,0.006812149122531697,-0.003360656761087988,-0.012495223378682141,-0.014505794282830053,0.004149373488428809
2024-07-22,0.010012014692619253,-0.007993605213407418,-0.028334541492356924,-0.002395673221248673,-0.0024370471661023796,-0.008995819627228174,-0.0555270271948044,-0.004477312575795533,0.013528658025641294,0.0
2024-07-23,0.01110232729059768,0.000644656180808667,-0.007132341757002947,-0.01200636390015919,0.025515706373930414,0.0017069061144663333,0.007955247675683008,0.028940155649198163,0.029995593809272414,0.020661136669406943
2024-07-24,-0.058431363573261286,-0.10468674479024109,-0.015784562757559795,-0.07237369731738696,-0.050820493144045686,-0.04407096530438215,-0.024062466220820644,-0.08703911268196929,-0.016454003499003167,-0.02834005361618719
2024-07-25,-0.0024989365002258124,0.033459266149416855,0.006554055275612036,-0.035516795840906834,-0.0022309489596492593,0.005509628888403784,0.028245643805129728,0.022481223892074187,0.010856647448363788,0.004166662527455456
2024-07-26,0.0075155904840586985,0.027676242497347125,0.0306333790533444,0.03139159160019456,0.014533272093473437,0.07050765598377229,0.07795897870724189,0.07939742692761609,-0.005443373641066729,0.02904561441900122
2024-07-29,-0.02196430989349596,-0.0023712633380331694,-0.005504178046439434,0.02809483585293049,0.011845738683563756,-0.03944299389275141,0.03139127766629657,0.01848358230432323,-0.04513428978155176,-0.02822577931630399
2024-07-30,-0.05084748913316417,-0.02478782447108152,0.009577443441318945,0.0421293255946551,-0.02341411982220787,-0.006504132240051863,-0.016011644679316928,0.0009259117974176334,0.015653113444213718,-0.004149373488428698
2024-07-31,0.01205359206972112,0.013405300769029349,0.03136762832071427,0.0038239859866116,0.030108777898364414,0.05087549149617865,0.017289120748047226,0.007030547150399968,0.008705385988706515,0.00833332505491069
2024-08-01,-0.04234675732644411,-0.04947598863965963,-0.04788529767487004,-0.044081615677458386,-0.03951282961642111,0.09975234388566845,-0.04926219901000917,-0.08120525369944331,-0.031711598725854495,-0.049586826526647365
2024-08-02,-0.029479475662722465,-0.03958074044698623,-0.033933748171229405,-0.054938845923305224,-0.09777405062250288,-0.06360907268909077,-0.06599228269020763,-0.04479100057887897,-0.06112199128736373,-0.03478257624548575
2024-08-05,-0.01993355872696656,-0.027662800857868985,-0.006633179766105335,-0.059337413251413174,-0.006870743833789716,-0.013556841594768665,-0.039714258600788144,-0.07096502736368482,-0.008030579163415541,-0.027027000903735332
2024-08-06,0.030508526864567287,0.02632089526894843,-0.003895192374807066,0.013768856841897437,-0.013207549885864922,0.02667356660654585,0.024943394864655133,-0.018702158879644548,0.05455568721159976,0.0
2024-08-07,-0.0211466517114286,-0.0035828518024246803,-0.011274180624357255,-0.03474418367734278,-0.03951560880436533,-0.07419935972388125,-0.02307421658849995,-0.07164176777366471,0.011396479131883241,-0.023148235531497363
2024-08-08,0.04416707055514291,0.05242241577904316,0.030253279685488854,0.04123044370260853,0.013271451027841996,0.0370801672073342,0.033551409331075144,0.016819201089363522,-0.006442701224519287,0.03317543845574367
2024-08-09,0.008275876100035884,-0.009171050721685003,0.03265535975561651,-0.01194218698784344,-0.006548813259457664,0.018814212714342693,-0.016992874761400767,-0.039406443878204356,0.02102866985385443,-0.0045871514481795606
2024-08-12,-0.0022800339130583103,-0.028675100909476448,-0.012697456406969954,-0.0038167634666499417,-0.016150289012980434,-0.01795176830036249,-0.02459864272937562,-0.03241333349175579,0.00023127503195485843,-0.004608290374042534
2024-08-13,0.017824557219197068,0.0558669252278714,0.05256731325111441,0.00893992478118677,0.05326633608939346,0.09746783313871177,0.060175206584237584,0.10206756397080752,0.021696202364270833,0.05092587533556592
2024-08-14,-0.012572998692862436,-0.005131783922201483,-0.006643303100574149,-0.0063291069291674384,0.01972012813936752,-0.03065058047900504,-0.015563706763392804,-0.04559491702240914,-0.016329163458175255,-0.017621128717675627
2024-08-15,0.024556658533329445,0.05425114142362175,0.04817120688828447,0.04808913811586102,0.06487828843607768,0.06732396766936577,0.051137818242856126,0.0985320486310799,-0.10760686403258968,0.04484300617814174
2024-08-16,-0.005770131564722614,-0.01164161669275987,0.0023201580053182624,0.02430869450195372,0.0,0.028833483155088935,-0.004233610047057579,0.0031709939934287945,0.012468113172775741,0.008583683082144411
2024-08-19,0.011607153272750637,0.05769882464609544,0.008725115289717422,0.016315768496792726,0.007908625149112947,-0.0011544027606341656,0.008838977637819045,-0.00474145586208452,-0.011946702789543795,0.017021362508463866
2024-08-20,-0.016769601205888773,0.00048422521687307984,-0.008826188218109654,-0.030648099510936166,0.011333896872358418,-0.0100802304934412,-0.03552674806492606,-0.04128864414518418,0.007076870272083591,-0.0041840962444885665
2024-08-21,0.012118426485366873,0.012582654592310227,0.048308256803498706,0.04215599386080937,0.03218387805859524,0.016798535530367698,0.048871169014196525,0.03620451147094683,-0.015562165913830972,0.02100838231599389
2024-08-22,-0.01906866573726762,-0.015293915524480783,-0.001274263193443148,-0.016469157235583398,-0.018652511222134738,-0.023920392862474382,-0.039358350221866956,-0.045900938438157235,0.0015029698030011307,-0.024691431913493544
2024-08-23,0.004068636610520926,0.11867003893879446,0.017138013947374686,0.05200948479963685,0.0317730193442487,0.04417720816861759,0.07718647590751693,0.09047397569258031,0.03350241107403695,0.021097127911070768
2024-08-26,-0.03827098195223877,0.006580401376016454,-0.017267292631508058,-0.012359499640018479,-0.03519380854792187,-0.011202898004893935,-0.010100352564458404,-0.02370504386524941,-0.019963458341006435,-0.024793462523359122
2024-08-27,-0.02902625568900641,0.0020114855275534804,0.005317978738684115,-0.012514168501102985,0.006839603232349889,0.004747123886273297,-0.021548263611787632,-0.021133062868321284,-0.019572893179524264,-0.016949137131806236
2024-08-28,-0.040501454284375016,-0.041439625439819716,-0.0056284376878381615,-0.06998856861320235,-0.027738559471915503,-0.027907260367093123,-0.025887864984702302,-0.0259531705180156,-0.010577292025223506,0.0
2024-08-29,0.08090455483488457,0.02378465225995008,0.00038305312095854305,-0.039950560116913114,-0.013391531438326387,-0.02741231214513007,-0.044168299483488105,-0.006838031515462029,0.0010278606693219228,0.012931022522848945
2024-08-30,0.08879590084092714,-0.009789681099346192,0.008083089883823558,-0.007741910406895758,0.017999428189363842,0.003598074325210865,-0.006500640891845655,0.010208934379869472,-0.0054863886746815416,0.0
2024-09-03,-0.011955622789639908,-0.037627203020146105,-0.020425496066680204,-0.008777579738612595,-0.024637636931046147,-0.0404993094693995,-0.007962176967913126,-0.03877785524716326,0.018644755119370915,-0.038297837370926735
2024-09-04,-0.04407945450816786,-0.025605672376351585,-0.04889706170705521,-0.03214171868556104,0.018722057202091413,0.0015223023329782315,-0.02403841373582072,0.02444987683844624,0.016507835826819806,0.008849549119871458
2024-09-05,0.012206082286224662,0.049567234445293984,-0.02690581175545359,-0.003388699508965587,0.04229874021510094,-0.024872160926248776,0.01709887580813252,0.01957039773179381,-0.020057451072873822,0.008771921569070251
2024-09-06,0.06833411024356129,-0.034932448399783045,-0.03160649042980734,-0.027881680196376046,-0.017352335287658338,-0.054768364716834994,-0.006964757957055645,-0.0025749205807197306,0.008780272888779805,-0.021739110153428554
2024-09-09,0.013795983388524391,0.016156608220473823,-0.002931974131689996,-0.03672607082495771,0.028481913489490696,0.015516133616488181,-0.02672413125031292,0.013377134162390503,-0.0021906410733936177,0.0444444020589192
2024-09-10,-0.03298965926022879,0.0038220453447981306,-0.002410603421515556,-0.030137952171804705,0.013846579660723224,-0.035134394304196515,0.01089202994655758,0.00440015343599276,-0.022471673986789953,0.012766047245027501
2024-09-11,-0.11982947897093299,0.06838254056267412,0.006524148502421667,0.010482866362798715,0.049986287512925776,0.021572869598967204,0.012003801788395885,0.030666402209129417,-0.007889368061618218,0.02941173524239149
2024-09-12,-0.011627896231359958,0.05673550450417042,0.011618766624061028,0.010003719850745885,0.0039022250582152473,0.05226897928997043,0.03833691927018479,0.0017896647649220387,-0.010513610244649696,0.008163257362146625
2024-09-13,0.012254902189944739,0.0075543667710369355,0.02966311831102031,-0.0018342363667870343,-0.020471648416782062,0.009820632946013319,0.25490275399468687,0.05739168746946022,0.05204232486478855,0.004048579088026694
2024-09-16,-0.027118618706407527,-0.0042843711924531735,-0.021295272494555983,0.06247721098652237,0.011640276462621113,0.07751940902030752,0.02485475540237081,0.014361147351407588,0.00580780433510486,-0.032258033504347416
2024-09-17,0.003484305340595073,0.004033822929730535,0.004379915267284762,0.008647465132265664,0.018566920850122903,0.02406802036858724,0.0026677324274366754,0.0503852185123459,0.025686282776862246,0.00833332505491069
2024-09-18,-0.025297630592358566,0.03602521102678957,-0.0031885007591401227,0.018861446745089605,-0.022593095016125053,0.03225189134544526,0.011882064023525984,0.005946466452403376,-0.004270720870203748,-0.01652890933552542
2024-09-19,-0.007124651011006455,0.0011633445860983471,0.013406608167198186,0.0070683294762936555,0.03152090287782694,0.056363255093451636,0.04257798587262607,0.07054190800107762,0.02359065237376856,0.0168067058527952
2024-09-20,0.11993849949442059,-0.018463529522556477,-0.008444747092730576,-0.021390348780348623,0.0002546045687970011,0.018214878459303696,-0.013326437950563541,-0.027240995896444686,0.0017687631944771631,-0.01652890933552542
2024-09-23,0.021052589310834424,-0.029202758344387236,0.012986950847674539,0.036202163399869924,0.008910445511592924,0.007477662298251309,0.003659840159441652,0.0035951267150799993,0.021023334136078153,0.0252100587791928
2024-09-24,0.014343330456494163,0.03468831236766157,0.0076643590954714735,-0.008899155514198287,-0.012364412446635886,-0.013987949781463449,-0.002720386693756849,0.018665117773022377,0.008832145307101413,0.004098356651125901
2024-09-25,-0.019885058430359037,-0.03077525478440768,-0.008066972674816486,0.015297650407007035,0.05007662532031176,-0.01766070046852075,-0.024114908332582785,-0.043679449633003964,-0.009255795558303248,-0.024489772086439876
2024-09-26,0.004959450353384076,-0.004188693136606747,0.00948040238621184,0.03963311906391742,-0.003892940470858086,0.009195410310992802,0.010110303042292657,0.048190473518602506,0.05333887685650529,0.0627614436673285
2024-09-27,0.008523939834234273,0.009633741428317855,-0.03719726796288658,0.020479029894970857,-0.014167025789273868,-0.008352295229623219,-0.000559340693104482,0.04800588038120779,-0.0035880546281125136,-0.007874008357040663
2024-09-30,0.020017827940519872,0.0033597633072999233,-0.0021038272517230894,-0.014510693561781807,-0.028741323832254695,0.025503512833204622,-0.014933747641292294,-0.010218429061111922,-0.02636510048291907,0.03968250213867153
2024-10-01,-0.0418665930677985,-0.0042861948636785385,-0.015812464885127775,-0.0260026073690679,-0.024234712868618224,0.009706543703602133,-0.0021529206006386525,-0.052331765944083286,-0.011597950297797754,-0.07251901797748961
2024-10-02,-0.021847954357675392,-0.0021522200779729994,-0.0007301344487009587,-0.027983321967959385,-0.015163446563521199,0.006541511468557637,0.002127661714773188,-0.0035687910483875873,-0.037232377157250585,0.0
2024-10-03,-0.013494602664838595,0.017120472335422576,0.011059799817576765,-0.021508811328131205,0.00876033573388213,-0.001751915109564517,-0.0010466063317446928,-0.01168706768711203,-0.006134851130243146,-0.045267543412539024
2024-10-04,0.009433907943081188,0.005831709200837754,0.03618919591636005,0.011836277898919834,0.03368417840254945,0.019984185332441173,-0.003681895888170472,0.06465762673882303,0.010747227709374307,0.017241363363798445
2024-10-07,-0.023364486397796425,0.0060613926495221016,-0.041063953275727205,-0.0046791686586687975,-0.03767819725637023,-0.0024421726772443364,-0.01694503122495472,0.008957363001317997,0.008833762776689014,-0.004237284282951559
2024-10-08,-0.00909093480983414,0.029076637394506166,-0.002230910184078394,-0.0067158831469661395,-0.0079364879131113,0.06264960689918353,-0.01564799952246332,0.01100850382180929,-0.011891247071515898,-0.0042553152634362545
2024-10-09,-0.010139985212751834,-0.014891156592716448,-0.013852406465347022,0.0010142385560887313,0.02079996744791668,-0.004817056223889282,-0.019436101307220843,-0.04320335693367472,-0.012827606645592127,0.029914604371353848
2024-10-10,0.019999992556688273,-0.000387581120225744,-0.01084325565176103,0.054373422505090474,-0.0062695368710233845,0.007891809268748995,0.007409272001847489,-0.0034874931774124818,-0.002299470927729419,0.004149373488428809
2024-10-11,-0.0038259169913842372,0.012924905835604017,0.02431607477131248,0.006726459892536063,0.010515186686506306,0.0035496578232210307,0.03743400655337559,0.00110513091880593,0.012302033994639805,0.028925591337169543
2024-10-14,0.024003840702417012,-0.02564759558233054,-0.0032593526014187413,-0.012726630854214105,-0.0132673865700621,-0.016436929959480873,0.003362878561917304,0.01637540440354357,-0.020355128837298397,0.0
2024-10-15,-0.002812914493998675,0.03365636032323205,0.02318217459163452,0.0025780976810152456,0.005536490450383624,0.01549522774502754,0.012500799384008943,-0.03801597076411689,0.054380894396599766,0.0
2024-10-16,0.01833565497202816,-0.01735718663733732,0.014357209699367601,0.0437158782038809,-0.024646005289767015,0.0071867769343716414,0.049534727987472715,0.022393723279531264,0.024354093604176175,0.04417666452792113
2024-10-17,-0.011542013008364327,-0.007864886920486702,0.01119158525716557,-0.0138588613908186,0.012096794454578896,-0.007652570630578892,-0.010882808092443685,-0.03239466366490096,0.0043039448180368645,-0.0076923006385033466
2024-10-18,-0.00887438278429431,0.040545846267942,0.01683417076145055,-0.002498451224296594,0.021513878506405737,-0.0031783513141098174,0.018442926738263532,-0.006848023824261196,0.010971739759796817,-0.007751930820906638
2024-10-21,-0.024505116269621485,-0.0383414475649444,-0.024055652757231538,-0.04289298379004591,-0.03380133302149224,0.0009408629219451736,-0.02157845575299666,-0.09327713114887048,0.004570780340186653,0.007812492724042164
2024-10-22,0.01111108858740284,-0.0027272608373072327,-0.022492950222521735,-0.024533883536805856,0.013724389763922984,0.0306021430554293,-0.02842559313390991,0.011618065806670241,-0.026893885014231622,0.007751930820906638
2024-10-23,-0.018633510939414344,-0.042844131739840696,-0.013902330125157958,-0.011736979075885556,-0.028404559247000805,-5.074020781647981e-05,-0.0329070235795168,-0.0304865129062466,-0.016273981920938874,-0.049999954150271586
2024-10-24,0.004381608628421407,0.007346951231664622,-0.005736469076146444,0.016287694616571535,0.0049180413300577985,0.01459410751612733,0.004694399595795762,-0.023476203864387757,0.015481287427569601,-0.02024289544013369
2024-10-25,-0.0029083600767414453,0.016612583905048384,-0.0007334312588231917,0.014357097355038873,-0.008428427647698689,0.011537354293401636,-0.00537489601469987,-0.020952817815225067,-0.008576924097312477,-0.012396682001644121
2024-10-28,0.10500728631296985,0.010362779905388253,0.004403817450315151,-0.030612037736173714,0.002467785839743719,0.012294501857859075,-0.004206438966249726,0.0009011244892396242,0.008941198633866776,0.008368192488977133
2024-10-29,-0.0021997025106683665,0.004733735646355708,-0.015296940449366137,-0.020713143906787468,0.005743957236994834,0.018144557893220004,-0.038295551144700846,-0.03308578011717633,-0.012312627396396048,0.004149373488428809
2024-10-30,0.026455042918707594,0.014396000803577502,-0.006184116314900567,-0.00034670702328865044,0.0027195668446062804,-0.006850610581809802,0.030843203928949903,-0.0072159582216051454,-0.001985162392513673,-0.03305791719112183
2024-10-31,-0.047250874099017404,-0.1732679645856725,-0.025537770164418605,-0.01560878563914081,-0.0420395791148267,0.1929477510151565,-0.010792489858400645,0.004220405597560539,-0.014718776390835075,-0.03418800283779255
2024-11-01,0.010369681653370266,0.025280821955320443,-0.010472475226437572,0.019027366843945348,0.010475621038552374,-0.07371314899769532,0.014840438301716219,-0.0625729673266695,-0.003902838572042655,0.004424774559935729
2024-11-04,-0.003569831514982913,0.022526688366508285,0.015642872534310515,0.08160450511888517,0.0,-0.013095911123618853,0.020974749083513045,0.044333716354894026,0.029399914226071244,-0.008810564358837869
2024-11-05,0.02955664351397691,0.03706457059330637,0.00696377626528677,0.010869687282174745,0.02129454092110028,0.04246288925355657,0.008162900927519923,0.05723829020775506,0.02055380678691887,0.02222220102945971
2024-11-06,0.0047847155914177986,0.037318767653994556,-0.015042947711961685,0.004111181455065838,0.04938269408462381,0.013789835567259878,-0.025915828144420505,-0.08797657037647177,0.025155617699120558,-0.004347822030685733
2024-11-07,0.015151531415146247,-0.0033208506284406747,0.02490769897353906,0.0,0.01908495535258381,0.0104633157691425,0.029448114835567862,-0.015829814118663355,0.0035124715012089247,0.008733616270600209
2024-11-08,0.06098073992761344,0.024850769760693447,0.014801504390453912,-0.055118109729732634,0.029502348367983933,0.012094595582121448,-6.000004213746468e-05,-0.023624086950936207,0.006800634234312319,0.00432900030777672
2024-11-11,0.09565921014451928,0.044703373955570225,-0.021976873429246147,0.05033349505967655,0.07675050920456106,0.023368163099504402,-0.009575848451502944,-0.02779917783206176,-0.03628185234667558,0.04741385201707771
2024-11-12,-0.015407192691398341,-0.006483402258724125,0.0015617722969611947,0.0015867086945815512,-0.03471418726641484,-0.013236874145045485,0.010577651113992337,0.037066393810272436,-0.009998200430240911,-0.004115222299809096
2024-11-13,-0.014158012889526561,-0.01840255300920457,-0.007344389200276691,0.0015843244609523577,0.004075808855768193,-0.027436679501880112,-0.020634031232764527,-0.01761548784692124,0.011244660762329328,0.008264454667762822
2024-11-14,0.034391601898986934,-0.011833524803647855,0.007043973282419014,-0.008858001840964413,-0.01766957162353533,0.0019168862353691196,-0.01139182777450165,0.008056168840406386,0.11466865622479427,-0.01639342660450327
2024-11-15,-0.028498380077775498,-0.07333149852827214,-0.0023650146690075147,0.006702842870790038,-0.03159939855000704,0.0023290531692852223,-0.02208584909022482,-0.014694500679840239,-0.014178125929059426,-0.0083333250549108
2024-11-18,-0.005641204124463894,0.07492370882722121,0.011248429403332816,-0.002853501746141296,0.06300196566063931,0.015311181550224928,0.010009417238979967,0.05337511867281286,0.011126264225783,0.004201676463198689
2024-11-19,0.04273824273607851,-0.005673351018111394,-0.004539115525899029,-0.032114470856778765,0.02030698090525518,0.019371487737398496,0.015116375668475346,0.012170931418164388,-0.011304909383588746,-0.016736484734677592
2024-11-20,0.0319187913622081,-0.06656706269867674,-0.027008184655430978,0.0022995841157678054,0.013654250522766365,-0.019765064941460464,0.04053384643495517,0.040736192574530206,-0.01797154983351279,-0.01702126105374524
2024-11-21,-0.02214414942778875,-0.00043659990826072637,0.03836665268320116,0.007866247222732436,-0.0057077626564995265,0.015869062119651778,0.02354520035859964,0.005187484590772673,0.035550772962873234,0.00432900030777672
2024-11-22,0.002875626332984327,0.0075712964582967945,0.042305104661936266,0.005237284048207558,-0.010562550919201885,0.04420651860486635,0.06753110561128417,0.03284066798273577,0.027948032972002768,0.012931022522848945
2024-11-25,0.06344087748976501,-0.01416178859476025,0.024124484496138576,0.1650929618186101,-0.0020886551930653363,0.005552093428310423,0.057416929763050684,0.09629801944170091,0.04442452718059675,0.09361703725031734
2024-11-26,0.022244686407649983,-0.027997707826626916,-0.013984915460895975,-0.015371762797033672,0.0013953807742097535,-0.018404890477013436,-0.008994191982960253,-0.06152892464341042,-0.034079461673968914,0.0
2024-11-27,0.018463549863205975,0.021112978094167678,0.006785277570042547,0.01901790981991125,-0.0006967624950600104,-0.004023462473996542,0.002385600236518348,0.002428269585081244,-0.005954231224248763,0.015564187895738879
2024-11-29,-0.059566208771259954,0.01949490049730218,-0.03004758159016474,0.009470637226576484,0.01440861641112412,0.02137506694272373,-0.003673382965450278,0.018277952738244396,-0.009588641721967495,-0.015325656498372697
2024-12-02,-0.06127362568140937,0.11618143436598549,0.0391813774282177,0.03504430213058707,0.006414633894820554,-0.021042943688904026,-0.015267187669865678,0.03979238939873886,0.02161941948553281,-0.0038910469739347198
2024-12-03,0.006233959422085267,-0.017650883276902563,-0.02725658250897811,-0.016528985523709294,0.0009105603289201181,0.0032164718792884184,-0.00042188382109742406,0.01455900419267575,-0.023105803355751964,-0.007812492724042275
2024-12-04,-0.01494168511050975,0.09578543752343549,0.01011977006610687,0.03280009821053964,0.018194205477617187,0.017086341531442173,-0.007992610737309058,0.01865518389062215,0.0052461103443550705,0.015748016714081325
2024-12-05,0.0591934307612354,-0.01097183066460905,-0.013657203918846839,-0.0346457803294099,0.00156354018558158,-0.016914639826183686,-0.014226090885528286,-0.008049863599043028,-0.00643330738243475,0.0
2024-12-06,0.015019221717792908,0.025478532224635808,0.040101495678105836,-0.0048938800571298735,-0.012934920363090407,-0.017674878391887194,0.014512313511807484,0.08602146043851766,0.005433446879471893,0.003875965410453208
2024-12-09,-0.03888503721725578,0.0,-0.013358491322769783,0.07076507485301642,-0.04021687408042396,-0.02858168081290513,0.0549853558632738,0.02521954641516788,-0.015672034198070506,0.13513519484551906
2024-12-10,-0.03580379481108298,-0.027341927920363385,-0.0020074927703778167,-0.016840981070166072,-0.01836155338281842,-0.030774882368573286,-0.026941888387253088,-0.0034621435442471205,0.06464739801394614,-0.04081636790548637
2024-12-11,0.07575191181065954,0.007333151752126454,0.03405680956318191,-0.004931218761233147,-0.0011990224495387336,0.06100959157966712,0.0333083374112757,0.004388401618090176,-0.019058955662155208,-0.014184383971608927
2024-12-12,-0.007594039301653588,-0.0063091076755487085,-0.009862472532962241,-0.024517378930888123,-0.004321735860296161,-0.01267180294120085,-0.04404062360349292,-0.030402366181767948,-0.0066807261808981,-0.007194237817389371
2024-12-13,-0.026434790569803024,0.013308868346555647,0.025854157286698154,0.021925160844550984,-0.03834097192633101,0.0019372940576203312,0.16954219632457557,-0.018212494115188216,-0.010758965406765686,-0.025362294740823077
2024-12-16,0.051804243472543865,0.005422395339441,0.004879392991085307,0.010465659746399236,-0.016048128698776032,0.03025173927908753,-0.0696350035054436,-0.032511010387736405,0.005874407116323033,0.148698828416445
2024-12-17,0.0618206406864279,-0.0005992695385277358,0.006637670447039001,0.0012946317491913106,0.0377166024192217,-0.008054401496287222,-0.00785582360431425,-0.00336038709487696,0.024603696793862095,0.03559874969898691
2024-12-18,-0.08669228957066533,-0.05876006189882721,-0.04890030387707178,-0.004913365737907904,-0.048379203380316316,-0.08151362731762213,-0.0372340098290439,-0.09857194737200492,-0.005310718312999341,-0.05937501699663672
2024-12-19,0.015761848510150278,-0.0007643975057546326,0.012423141484543931,0.0025987894321450877,0.016774232925907295,-0.0430864178229623,-0.021115631891456932,-0.0374037565325116,-0.006328892844901457,-0.009966767935156495
2024-12-20,0.0282758515456627,0.02754043126750183,0.005377077250359186,0.017884778116646016,0.02411159673733021,0.0066373131037020805,0.026390446476695084,0.04502859933035719,0.005929013468107591,0.23825504483309334
2024-12-23,0.03621730163510062,-0.022211110156003522,0.02994150964939024,-0.00712987518662489,-0.04981408668013554,-0.00828650644688278,0.025033899905166024,-0.01006130548749029,0.02242489800059322,0.027100244737636725
2024-12-24,0.007766982979968695,0.009644599967042478,-0.000443851457525124,0.0025645879949471873,0.0059989447397226225,0.005795135164267995,0.013399311842573702,-0.011268191348795531,0.024590116160048803,0.04485490184829133
2024-12-26,0.05940919476810702,-0.001005457568060364,0.043692594300651644,-0.022768014158274896,-0.0028519733269877223,0.0007593103046408256,-0.01619533964064357,-0.0033519894051152743,-0.002417651149899447,-0.002525250092658138
2024-12-27,-0.023946677033453767,-0.030825421164542344,-0.004169311214211047,-0.0005236101544463523,-0.01404058576135947,-0.040033890637911296,-0.021941013945408483,-0.019058262403625403,0.0030403526969640104,-0.010126572498773356
2024-12-30,-0.005900696798272542,-0.027781376393109847,-0.0099543103974018,0.018334362006185323,-0.021624465570142304,-0.021107464623955963,-0.010400217480001084,0.019885689871651735,-0.03340799053102206,-0.02046039907122854
2024-12-31,-0.020930902970232368,-0.007344145496599341,-0.012514068751487528,-0.00282933115041617,0.002695479593836536,-0.03414865125858735,-0.0008630882243344518,-0.006723425464857491,-0.018371238209329066,-0.013054818097203102
2025-01-02,-0.021697520799776715,0.0020177768801215024,-0.008433791702490812,-0.022182017813565214,-0.024462360987871246,-0.018686126074278775,0.0038365044327210995,0.03925996593971082,0.0439386087250091,0.010582000570312333
2025-01-03,0.0322896208755763,0.03879714689928959,0.009739490674478546,-0.005539374797487784,0.03196472356427482,-0.11224693532476493,0.026221172339967458,-0.011506786326356377,0.01437731204267112,-0.03664918034874143
2025-01-06,0.036966827500653165,0.032695871006633404,-0.00475729646464218,-0.030504247450023003,-0.005340474202002565,0.06598558657646847,0.023430178563135895,0.06501214536636168,-0.024519312544728056,0.11141306478072388
2025-01-07,0.01675805125456109,-0.024027101868977163,-0.001929484790402114,0.008208052349274464,0.002953036519504959,0.05030441324209978,-0.026845923366723756,-0.05052589561009313,0.011794251842719872,-0.007335014349416968
2025-01-08,-0.012286480687308532,0.0642390341512995,0.026099443040731973,0.0032565355360134607,0.026498871723659168,-0.00680606643631676,0.011019715736571456,-0.015421352527236865,-0.00290316911837718,-0.0024629931491653156
2025-01-10,-0.019720804891886434,-0.04590358504329817,-0.01588655562558816,-0.015147543661148122,0.029726290735447858,-0.020000050346256404,0.013912419100609252,-0.027134421073218284,-0.007779042099059441,0.0024690744626516548
2025-01-13,-0.03992574623019729,-0.031948461943398176,-0.023409583027206193,0.0101619546546583,0.00860977812450403,0.007510642266514322,0.013455674942352447,-0.008843523880784243,-0.019196749242583744,-0.029556622475449656
2025-01-14,-0.10122505643648994,-0.024262986192249536,-0.01679734358547924,0.00027218870278966634,0.004268093425312536,0.0034959069128370768,-0.008295148169057964,-0.02287806041970919,-0.004179447086472776,0.01522841165181843
2025-01-15,0.0028694378089735295,0.0231282841839191,0.02646478405370356,0.0038053031359253087,-0.0319999694824219,0.09657258649639311,0.030309549785044076,0.004916859961933362,0.038873520814723506,0.034999966621398926
2025-01-16,-0.008583683082144522,-0.017901413028091118,0.0027372861985877073,-0.006769604982390542,0.024793364003288243,0.08353579531378941,0.009751528602122583,0.009086747926002614,-0.004812509196186143,0.01690825456977607
2025-01-17,-0.007575724735732092,0.009712555773957243,0.003962374908179189,0.001908412992519981,-0.00982861357482312,-0.006165904300145186,0.03326947037126837,0.0387901235720538,0.035891756423686694,-0.05225653838878874
2025-01-21,-0.001454049988896311,0.05073130195131137,0.028329636864196317,0.014693953539320237,0.05650285961506607,0.007939631492528187,0.016300288102907734,0.0809068516081124,0.03522626453410749,0.02005016589810027
2025-01-22,0.0065526141126721615,-0.0017556984374093032,0.008401210822815974,0.0050950867018999535,-0.012767978817815107,0.007446639681471412,-0.025763424575648064,-0.01809584718870627,-0.024781120580710025,0.004914000020385556
2025-01-23,0.024593139766991623,0.05251256765456791,0.03911869337249052,-0.005069258390884013,0.01293310847284479,0.038752384593187195,-0.01885685993891939,0.004607355407395319,0.008484434241214478,0.019559882816981178
2025-01-24,-0.019767012617383894,-0.02972067199868289,0.015709677566709157,-0.008045057020462543,-0.004095354753534841,-0.010899941866349128,-0.03618285119431652,0.012090848480260208,-0.019791758956313465,0.0
2025-01-27,-0.02880810699394576,-0.013285789382349367,-0.012661823146963513,-0.009732519450502908,-0.005563607677488869,0.006986287744633168,-0.018484000608689932,0.00803294327038273,0.02319539554068073,-0.01918463363126699
2025-01-28,0.018168327163268883,0.02655525841827755,0.011444162561601745,0.043407253360677744,0.021649218594862685,0.01115013239984708,0.029537748536344388,0.0036779793671173344,-0.0019084076827624585,0.058679648450943755
2025-01-29,0.0018208720348229512,0.0029148105882732533,-0.014604933985832846,-0.016222038044164888,-0.0023809160505022797,0.0024912769085325692,-0.00267052238902854,-0.01282567726215944,-0.03571878870287537,0.0023095217224107234
2025-01-30,0.01744818386923863,0.03269553025399463,0.01811961410651497,0.02047868057842983,0.019809021148717187,-0.0061924725077516785,0.026421159779306702,0.033202654978856216,0.026692059443202076,0.01612896137399411
2025-01-31,-0.03894248522690669,-0.029549679633416925,-0.03995354327373246,-0.019807022115653883,-0.018254125617901962,0.014511769476806657,-0.032436093341403516,-0.03453093003844998,-0.006536773008178232,0.006802768899403677
2025-02-03,-0.03754647744255313,-0.04422430603716854,-0.01158088973739091,0.010369438140564124,-0.013349257761772093,0.016769069382930102,-0.057192554558246234,-0.05065124699278112,-0.014355531677198718,-0.02927930467692408
2025-02-04,0.0003862583668439168,0.013400824379725895,0.0013065428748939567,0.020789482845635865,0.008697767955067937,0.023923986817214082,0.02768631755394746,0.03201222298169104,0.013567743578395408,0.07192574173901733
2025-02-05,-0.03745171149193771,0.018587796852532312,0.008376115408633478,-0.0010310828158478502,0.011736567148905364,-0.00648165421504443,0.02130128225987593,0.019413420457724984,0.01516086998060473,0.09956711029037324
2025-02-06,-0.005214643663211005,-0.006981012665915998,0.002713175506763088,-0.03277422924869733,0.004734776048651135,0.028088126989274098,0.0013019989222857742,-0.019457719202755963,-0.005266048073130691,0.015748016714081325
2025-02-07,-0.0028225684265188455,0.0483472876223332,-0.026350837514125702,-0.04242261179409201,-0.0037700248018249782,0.003419848558675165,-0.043754625643217526,-0.07620858542856479,0.002689399149763627,0.017441890552192252
2025-02-10,0.09664380676251905,-0.004705900304457722,0.011800396951321845,-0.01142381030290085,0.013245065975858727,0.014162932372149495,0.012893465219068423,0.017138940328316865,0.03402244084562489,0.055238087972005134
2025-02-11,-0.020649017550209092,-0.021867594651163058,0.031016265688612155,-0.0008454558805162105,0.014005566572922845,0.012471514584084353,-0.044254357662342314,-0.002695999470004762,0.023017900477817932,-0.04873645898658163
2025-02-12,-0.02146083231496765,0.02453170730268117,-0.012336528236968292,0.016643085594712392,0.04604051710927792,-0.01187536442036119,-0.02671562138421446,0.023428721104462813,-0.012198319234717925,0.1043643629460067
2025-02-13,0.01346673276460253,0.02382642488258946,0.0067640136029432085,0.010821497203478136,0.02222716035992134,0.01668348134809028,0.016570926922817586,0.047545670986183675,0.007538698642272523,0.015463861356732833
2025-02-14,0.025056941670035027,0.14135940336027364,-0.01751790544377485,0.0010978778853687476,0.1515608353045339,0.04746700388366709,0.00520568012876832,0.0382433218951197,-0.010752090935263747,-0.037225007761715
2025-02-18,-0.0011111365424262276,-0.033006930989596506,-0.015606554280587437,0.09679181722843944,-0.03739016521297156,-0.0028038351523546057,0.015484041628043732,-0.006071629993665284,0.020825444784627445,0.06678385072399218
2025-02-19,-0.03596586347980313,-0.035386213796015475,-0.01568359358683069,0.002500035507544851,-0.013789141115271075,-0.00952447604388007,-0.016381159952511215,-0.05660758999687121,0.010627238630164682,-0.034596380923906156
2025-02-20,0.04000003521259021,0.004112079194449558,0.0023380003218360645,0.0059850007635322555,-0.026388345506109245,-0.1209992173522032,-0.04179219503120246,-0.005827767042795418,-0.010417313344281087,-0.047781604680685485
2025-02-21,-0.02292902434324151,-0.042353704778530066,-0.029632727329591657,-0.03861492659829224,-0.07827667959913887,-0.09857902061202395,-0.07061458982616164,-0.09183672201732052,-0.041651001523581144,-0.060931927820184195
2025-02-24,-0.05374716397401069,0.026783673610966785,-0.01896371850091505,0.0331692647677404,-0.02852752349717924,-0.03425881738746883,0.017965879428779585,-0.013387553162268029,-0.004870530658496297,0.022900833518668895
2025-02-25,-0.023199996948242152,-0.0600613311688285,-0.0021326826897266615,0.019062023431690944,-0.039756090310177905,0.027961916002190224,0.006759087970485966,0.03828441964701246,-0.05125475361041598,-0.08395527516661494
2025-02-26,0.007780529625880828,-0.0022155134873297344,0.03178573218017755,0.011075514728594138,0.01999534985603124,0.049395581779209996,0.015005394905979408,-0.005367550768414442,-0.041555089379024635,0.0285133090984806
2025-02-27,-0.0052824487968745615,-0.04768028334235774,-0.022432860478324712,-0.12706917091621095,-0.014298868153999722,-0.0404935443838369,-0.07292870677046515,-0.07297045256434576,-0.08657605436679472,-0.05940597611961829
2025-02-28,0.022875873519720535,0.024788370664064363,0.014832605961821343,0.01031811698024665,0.026204934204507646,0.04430806676651877,-0.01798943157765842,0.0010124251386147698,-0.02437258161644118,-0.008421044600637306
2025-03-03,-0.02555915629380845,-0.03891749391525878,-0.047312379817087025,-0.024841298730189254,-0.05175559567201471,-0.05855855008115851,-0.046076927377318944,-0.07408344783051746,-0.05710757237577957,-0.06794058791287672
2025-03-04,-0.004098376353816935,0.0018689449524844637,-0.010864955551717403,-0.03056906755703581,-0.0069728519947913625,-0.019867802355395203,-0.048986159464794676,-0.08137628697857946,0.0015810141802921063,0.006833760984226611
2025-03-05,0.03168726263124011,0.057952938943972576,0.02107294655776748,0.010803025313950165,0.05108960409999597,0.0037193696039634627,-0.009240816473183977,0.01813319326454188,-0.015539481432069735,0.0520362025120904
2025-03-06,-0.034702789887324115,-0.06430000282503734,-0.008772335739401838,-0.012131852013239408,-0.07624974395129702,-0.13451299928420313,-0.02939757303666446,-0.03357668688697535,-0.0034832909741137064,-0.051612955490995094
2025-03-07,-0.008264494075791107,-0.036809049765602175,-0.002002838876840385,-0.04619879057042586,-0.017206948951738243,0.008670091557841042,-0.06598572254821833,0.057703925542637924,0.030071201916956225,0.024943341796021867
2025-03-10,-0.06583333015441895,-0.07199682763657933,-0.015121751001566208,-0.06621706088561541,-0.05506212071421279,-0.08945725118345282,-0.11058183067331251,-0.047415022193563305,0.013546167273233989,-0.07300883298641325
2025-03-11,0.008474600062937432,-0.021222798367491857,-0.057103644809893495,-0.021667845819561604,0.03813099100278494,0.003554619571680684,-0.012167414820839828,0.021889157131448123,-0.02750109148489044,0.042959385651662796
2025-03-12,-0.027421531291314638,0.018954619563371633,-0.019098357438609104,-0.017113931473949795,-0.0007759642890656782,0.041052184845582484,0.0453224470498792,-0.024647890477002776,-0.007131039348723278,0.0
2025-03-13,-0.0018189635559362483,-0.04692787308368718,-0.044166584318407476,-0.02867884622065464,-0.04245403428171468,-0.07038881016514964,-0.10119491725706209,-0.06738873541988699,-0.0018713203394056244,-0.02517154680958833
2025-03-14,0.050113823958418235,0.0022179732658693663,0.04261574477770824,0.03690684851773729,0.023790138239713654,0.0870582726083815,0.03891424311392844,0.02870965773059475,-0.015191193262062863,0.06572763331627463
2025-03-17,0.01952281031818548,0.027589300387435456,0.01701808810395944,0.025084650180455803,0.02270928530783456,0.02936304156731473,0.001155290893297467,0.006585107823514846,0.009462418235935521,-0.0044052821794189345
2025-03-18,-0.008510670763380968,-0.032878691534220295,-0.023052457939737425,-0.008597734350318187,-0.046991988544679675,-0.10713132612072584,-0.015444749126608426,-0.06323984036738983,0.00632313157980513,-0.02433631282712001
2025-03-19,0.0175965605509536,0.07096197648433966,0.02520048901855576,0.008672296451414763,0.04416150297625965,0.05747050207297599,0.03696356420666613,0.05387432177168394,0.023066801619433308,0.013605429672463698
2025-03-20,-0.008435211442998192,0.023288055439280253,-0.03417110391278777,-0.004629482501556259,-0.0025947661246180642,0.052984303719151304,0.01734483398372011,-0.0044178382656260284,-0.03127437557450763,-0.011185618846653589
2025-03-21,0.05274350314955911,0.06055271253294969,0.021426605774792273,0.005980028829970285,0.02731537693209618,0.02982415607382838,0.034824569238964376,0.06687799243662185,-0.017713168336641494,-0.020362025120903016
2025-03-24,0.034747499408144034,0.03755271946641603,0.0517267108235262,0.0706736775822503,0.02608252052464488,0.11877463409020961,0.06466266469449522,0.12477720683241067,0.059249771880508284,0.025404188326233257
2025-03-25,-0.008199960437970777,0.006155361065331322,0.0115782429254625,-0.006785754008025724,-0.03874629015517217,0.03758832859464856,-0.019159178217380002,0.020073912025384555,-0.017879041239091453,-0.022522500753112684
2025-03-26,0.11653547386913554,-0.047228685327395103,-0.0050495159702156345,-0.01273300841729863,-0.03260591612034225,-0.07574667629490783,-0.03685248038892597,-0.04168826138993864,-0.002938825722863636,-0.043778813488558055
2025-03-27,-0.22108604805442378,-0.02337228240182776,0.015467036938666467,0.0034601469605064494,-0.0169851216683915,-0.004490606538183117,-0.0006568834095844744,-0.03782755403063853,0.0036844252150236567,-0.045783145266081404
2025-03-28,-0.016296994471020287,-0.04681137468943197,-0.03306724331209543,-0.02978055037528926,-0.047246219134578715,0.0022554315246425816,-0.02933201644629435,-0.04942437815400791,-0.024282198010461054,-0.010101000370632551
2025-03-31,0.027151411183470753,-0.028279700410749564,-0.0020299942032404594,-0.02035544749009499,-0.058940260047981474,0.022846287444465485,-0.007914318295448308,-0.05376661083797807,-0.0012550049787234396,-0.03826532970612717
2025-04-01,0.012992872737117134,0.0022713802834963825,0.02406240328341802,0.010224229209180313,-0.0006022420450177979,0.016787823621163378,0.019837011321355957,-0.002809811073031576,0.009354277614171291,-0.010610069510715747
2025-04-02,0.00353825393836682,0.01161472680661313,0.02378757944434917,0.0372184907255495,0.03736070291575522,0.06458437090289926,0.04304362356734237,0.0557295133651452,0.007081950389354885,-0.09115279153638334
2025-04-03,-0.07007492794904546,-0.15625875291977642,-0.12469246402519862,-0.12338684729418414,-0.0589601731427144,-0.1967567656855238,-0.40088231107710337,-0.25593122051302475,-0.11916281877534263,-0.07374631040227264
2025-04-04,0.11327011120565489,-0.08264187986969762,-0.011353201293978765,-0.02010758610810548,-0.022530907876713746,-0.10572643130355663,-0.02496817553235442,0.03826221915640904,-0.010634260713906496,-0.041401308948327276
2025-04-07,0.03405709460213835,0.033466033460029854,-0.03067764808250517,-0.005862998193012836,0.0382065358038004,0.032601383258929806,0.12920494021877715,0.053358976495460286,-0.03394787325327919,-0.016611279891927455
2025-04-08,-0.03705234631356402,-0.03553303966463783,-0.03418691864730938,-0.05971263736979293,-0.030109539121239037,0.05033652709401859,-0.09192604274038141,-0.12026243003579129,-0.038208212133701513,-0.03040545656351845
2025-04-09,0.08593417192526265,0.15898370923448923,0.1561916028669501,0.17640158466863087,0.12386330631983733,0.250226897899515,0.2856855784318202,0.22866613907748157,0.1129017362543776,0.14634149583324052
2025-04-10,-0.014960597105260542,-0.07187598040586085,-0.04001214558567989,-0.07964006707653692,-0.030970999040897396,-0.07612054782193756,-0.10389000195313769,-0.11362100300815758,-0.03429359151216338,-0.04559266221522018
2025-04-11,0.055155840748131846,0.01602835761097099,-0.021524043736095955,-0.035481787227840234,-0.014684662489355294,0.012471846564725997,-0.04335196788986151,0.025104595832185828,-0.01824499051544981,0.0063694204644377805
2025-04-14,0.02196969439722829,-0.011956180772304537,-0.0050557311346492995,0.07545065672877671,0.00029217770825651357,-0.007129062099735406,-0.005102638578580065,0.008163239596528094,0.023471308672115,0.02215187700679966
2025-04-15,-0.01037801275194783,-0.0018487497538077768,-0.003784048085227365,-0.03560210375971573,-0.02015771650413245,0.04435114370115634,-0.02601046854675171,-0.01987489562057454,-0.006848501333276635,0.0
2025-04-16,-0.016853960677187363,-0.016669437177028956,-0.019751399462210162,-0.004705094393074538,0.0023851524798375046,-0.021093503703276784,-0.035544119966677834,-0.05595192707754004,-0.006579453441806438,-0.009287916784092132
2025-04-17,0.020190502348400363,0.0010273554285296083,0.027068932095936304,0.03345462164712276,-0.00029739208360657354,0.010081244119843902,0.04731880721797732,0.05847260367509821,0.024581299880274132,-0.00937499091960503
2025-04-21,-0.0003734215319427525,0.012145040978306154,-0.04931550202462043,-0.02498246567210871,-0.034811126521736124,-0.07369568655571423,-0.03314101306310635,-0.03006392807439362,-0.02125667751758109,-0.025236643595971775
2025-04-22,0.038475859607173035,0.0010140506193645482,0.025058000422890414,0.037531649355559304,0.031751006091168765,0.08231626904183176,0.10918550933103544,0.0631538590407994,0.02098812683610274,0.02589002082420455
2025-04-23,-0.024460374693846543,0.056559215173208166,0.019523325095317068,-0.00034789020461545306,0.017328891401374058,0.042415672601600285,0.00972217966499711,0.03024781004198185,0.0027677016384681785,0.03785485257759813
2025-04-24,-0.001474959966427325,0.033077654750035546,0.02804602330768291,0.03514260559286564,0.0038179462857004243,0.06372775209543757,0.05656814888618622,0.040325411078490525,0.021244346206829023,0.027355669796786275
2025-04-25,0.014032465355878543,0.016395940194517067,-0.009181490819131222,-0.005714186051688164,-0.011410163433772103,0.009063030233284586,0.0061838858253593365,-0.00544032125951166,0.019344673607394558,0.0
2025-04-28,0.004734197831373743,0.036980677812092466,0.011183819483907564,0.055442849819240525,-0.015093285658838496,0.018469311512696818,-0.010566643246659568,0.06051283616286063,0.012572220384567512,0.005917153919925866
2025-04-29,-0.011960852550959578,0.01673025241942727,0.011270962012591701,-0.012491967394005599,-0.0018028113219485942,0.00852893534678012,0.005830149465131829,0.005157957609638331,0.009620968833120136,0.0
2025-04-30,0.022010285268964536,-0.015877576407374416,-0.022238462443914364,-0.010379514781799326,0.0021071550948827955,0.00312000558133807,-0.003087796887174088,-0.03271329210328311,0.010228764476520213,0.0
2025-05-01,-0.015434325045061592,-0.013347076239896949,-0.0020773712371401354,-0.015077024230227498,-0.0009012494193157972,0.030775560677378522,0.003966721362719472,0.035477443641831696,0.014942680689960186,-0.008823590872607756
2025-05-02,0.0018227938937029897,-0.08503043989070014,0.03432079791343856,0.037936711478467,0.029765536032088313,0.020764632711766984,0.06386665621664767,0.07780980918329439,0.03296948103426689,0.03560834660317891
2025-05-05,-0.032023259658867764,-0.01835907525787328,-0.020693561794819293,-0.027893585968558954,-0.0035036184491902267,0.009607221188054904,-0.05214692779462671,-0.08140225144204283,-0.02704701470728732,0.028653267724730425
2025-05-06,-0.021052611199678495,-0.002151560035709932,-0.01765296550572626,-0.014841496313897196,-0.016114832108058863,-0.0029279273983344734,-0.018463863917578482,-0.024902990163768624,-0.021803809755198578,0.00557102546091337
2025-05-07,-0.0011521000610879018,-0.006634624644297982,0.010460319305780619,0.020756516176686057,0.03245968667227994,0.0013909546529917716,0.03363049882148439,0.00995028683930066,0.021133286598673307,0.019390629832558126
2025-05-08,0.029604015801147687,0.024545019797699297,0.015501392241694445,0.04099699098699894,0.019613508540213154,0.10170929112894855,0.04010158533341568,0.10443350494250714,0.025480714019104678,0.03260866396255957
2025-05-09,0.028379395421779474,-0.00700782758961116,-0.002143331581595631,-0.02173913181758247,0.024893949253193437,-0.06097430226262601,-0.011800647264462394,-0.024977702227440557,-0.005632114595496063,0.0026315764707212086
2025-05-12,0.018518456956392537,0.12883634391602428,0.11284573351670013,0.07665058838048511,0.04692246161796443,0.04289122806019119,0.1634753690878672,0.20646539398410968,0.09873109477057285,0.018372748743483935
2025-05-13,0.012121217890753933,0.038092509349835435,-0.0017890277600816074,0.00717911503379387,-0.006591088794847377,0.048065226657779014,-0.001636856875673054,-0.013903008914684878,-0.004700207913352683,0.010309268214748757
2025-05-14,0.011976053536368214,0.006722629093573351,-0.011459950694474919,0.010692063976333488,0.015127380313368022,0.0425169009860471,-0.04298310376632519,-0.012304526093029122,-0.01744231600534618,-0.010204071702683226
2025-05-15,-0.0034806955469217637,-0.025180823981009293,-0.14579454375052536,-0.0017632379598790937,-0.04287580103656041,-0.02657764707520216,0.009816155508657998,0.005709868353832803,0.060568536446603094,0.0025773170536871337
2025-05-16,-0.006287055644549566,0.01855291932952352,0.02775744675696279,-0.006181817576680904,0.007921357844647092,0.008372580740845237,-0.03700303636544022,0.022193564138104804,0.02360894572446215,0.0128534578323658
2025-05-19,-0.019683703278507658,-0.007566216824241412,-0.006466568484924995,-0.005331660130318716,0.00813006028875507,0.017739824013079497,-0.029092469698386414,-0.023983861355740155,-0.03325171695583096,-0.007614205825909215
2025-05-20,0.022230220609596563,0.00818864628068372,0.0013126147269888477,-0.00357361298236758,-0.0303763721758038,-0.009567177280247474,0.01770389164591224,-0.013450606824006006,0.03286871145552106,0.005115084523652724
2025-05-21,-0.016134724241611442,-0.02590681989416077,-0.039056125392521235,-0.06843999367888631,-0.014693617515414759,-0.03374244780424285,-0.05744023671710752,-0.045097043739595555,-0.0361373823954243,-0.027989855380631035
2025-05-22,0.10017830480288747,0.003018963367498184,-0.020009096871496324,0.006737323845272369,-0.018852053077743625,0.03478382554756698,-0.04263809476706237,-0.005491404675926681,0.04550521283503506,0.013088992981693304
2025-05-23,0.07031750246360713,-0.01089285571739329,-0.030046312756976556,-0.03537287103014408,0.0060224521251102114,0.006153810232538692,-0.012709546586772702,-0.0005521937352183093,-0.03470139758141888,-0.02842374634332423
2025-05-27,0.05994549244359604,0.04303725733611974,0.04186102031848815,0.008919699427612615,0.013397872904037156,0.028936933623563643,0.02807227555351899,0.13370165885584595,0.0252892541042542,0.09840428854152061
2025-05-28,-0.1085404004353615,0.027507580372297058,0.016645559491111017,-0.001964734340746732,-0.014908545447853472,0.023648904001439597,-0.03272479076666279,0.0319200177721759,-0.019192196868642375,-0.009685220519283777
2025-05-29,-0.05254724247859255,-0.01568410014973043,0.02309177156977027,-0.06233586564542226,0.01656190773203825,-0.002060443977384585,0.0015773362877644637,0.010153490452627478,-0.019275411572479473,-0.024449911814275582
2025-05-30,0.007778138133582191,-0.004670383970223568,-0.010319586345731602,-0.016095101399965284,0.007865241741447981,0.02349442975437599,-0.016454864718910223,-0.03599806322517596,-0.01600150030668268,-0.007518789804026538
2025-06-02,0.02818792530515335,0.007590436912876974,-0.015947303070096397,-0.04943107381411693,-0.05992200283933391,0.013082326965360158,-0.07536852658871995,0.008001891438567332,-0.011312547929061556,0.020202000741265103
2025-06-03,-0.01762398886865335,-0.0005478826784952595,0.007309620438723297,0.015712709166990857,0.017491851781649137,0.02618875223700834,0.055296752272667504,0.03391868794234476,0.015400632525978786,-0.017326716312811796
2025-06-04,-0.00498337596774967,0.009867085222123428,-0.00618784241213044,-0.004051568636884828,0.015151528624345989,0.01622951080759827,0.008318250399213412,0.03047932497076178,0.0051564792413520966,0.010075617124267078
2025-06-05,-0.016694490392758388,0.012348975472465495,0.013188467710468332,-0.016642093154058513,-0.031859948492827805,-0.006769973109275185,-0.015096259074864782,0.014224367586253672,-0.012361752749292299,0.014962578392737846
2025-06-06,0.004414232848855892,0.052278841898794726,0.009776602044249794,0.009094279633267588,0.061666227669233464,-0.005359799382270158,0.04541311236867873,0.008014261465407735,0.019838882210260422,0.01474200006115689
2025-06-09,0.025693043639014812,0.013885303667396487,0.008907261180880033,0.0075104414730109426,0.010890795160352074,-0.0045392953702472205,0.007521692231049926,0.04416961249818874,0.001093137156958468,0.019370441038567554
2025-06-10,-0.006262377491827786,0.004020697813079455,0.0024129068278901933,-0.0067088902074669,0.037569076842227433,-0.004148234837024978,0.024506349092355828,0.019458587296864227,0.002158938726263271,-0.016627119008812974
2025-06-11,-0.05306800669033385,0.007133020506849164,0.01094088103286861,-0.014634044746118291,0.008519693373913784,0.00537675123912873,-0.05491608874817022,-0.004979287856180514,-0.001956237745359579,0.004830913423070182
2025-06-12,-0.2245183894467967,-0.04634695826727053,-0.0022186883177942596,-0.00571223377633967,0.0026398751663516684,-0.062793868820467,-0.011789030398478784,-0.017931622743295517,-0.0015384107380879142,0.00721158916075737
2025-06-13,0.0,-0.03048855163375408,-0.0351408454365888,-0.03446961441293206,-0.03896786624735127,-0.06872554667858222,0.06925991031934853,-0.021231423193133314,-0.006311904754540465,-0.026253014800046492
2025-06-16,0.05329721489186179,0.10428697923566199,0.01069358470610493,0.024593519795907737,0.03726029069456338,-0.0234993089930563,0.0008988905104401201,0.049023909133080634,0.03573657293636079,0.0637255474862033
2025-06-17,-0.014150940309801796,-0.018741644758967002,-0.02121699992736359,0.050329138268792484,0.006867361789268278,0.013549442088178987,-0.03486708795403648,-0.001447470925160288,-0.007557388764407147,-0.009216580748084957
2025-06-18,0.019573761088278907,0.009921903497570828,-0.0034889861043352344,0.019535413434626614,0.038824752982834054,0.04738416270037682,0.035086778567235744,0.016980734712733314,-0.030338393627413196,0.004651158148692103
2025-06-20,0.0008531804590183878,-0.005403443936598862,-0.004075012053332161,0.021330526817243456,0.022979795012032733,0.03890747101345493,-0.0013220517817601474,0.007126826914502615,0.015430369280542866,-0.020833367826760707
2025-06-23,-0.027280452456284632,-0.0011112031147599843,0.01308211050070951,0.018407046302894026,0.023451019558163644,0.000593926022730562,-0.013926422016480644,-0.011928834684776901,-0.0034591996676670567,0.021276631721529826
2025-06-24,0.02059602221685064,0.034487031679904856,0.01410772674137828,-0.0020855234556617086,0.03256156098961305,0.009029038680301582,-0.011813966995064096,0.037241656120372335,0.010413859190861352,0.0023147573257693566
2025-06-25,0.011163517016431923,-0.0007169935026622998,0.04145404325838076,0.003483090060484084,-0.0016351247974472072,-0.02232407504194489,0.01592214220060062,-0.011442060210508975,0.005840319135556049,0.12471130978469858
2025-06-26,0.01401273606780995,0.0343178624995677,0.0550468143911067,0.01145438429911061,-0.011932665329945857,-0.02938939353248382,0.03257553590426987,0.010975837764147345,0.008148591719326692,-0.03080084166166497
2025-06-27,-0.012144012494571643,0.005086733426661771,0.03542989435597521,0.031571693221035924,0.015628696532473674,0.04169929026443797,-0.011448360608893982,0.01105411320524552,0.0053238953351602,-0.03813555854656392
2025-06-30,0.033912642301224594,0.010927040735735583,-0.024701731771761493,-0.0033265972599584304,0.0,0.055440660196163005,-0.009537322783395696,-0.0015619255983607694,0.006382728154011419,0.008810564358837869
2025-07-01,-0.02911025429438896,-0.01922860909252999,0.0410999430339396,0.07309747897777075,-0.020983859267642124,0.0038580564877703782,0.05269566162284067,0.016621085235883237,0.07816578406237573,-0.052401697623601806
2025-07-02,0.01140204621131935,0.0023202388018275233,0.0024279661916473128,0.01959556139418628,-0.01595622664588192,0.015165863094704468,0.034326791924168765,0.08597802003644173,-0.00013324613570275812,-0.02534565199238814
2025-07-03,-0.015031340245660108,0.021643461622247617,-0.0010172698383501544,0.010982399821605648,-0.01331072703588232,0.014385959728111075,0.006025219708394092,0.005844878434393186,0.011944112720576605,0.02836876714373293
2025-07-07,-0.041119088896999445,-0.0023790539533135036,0.003442706182682942,-0.010259551252711052,-0.004660255692315096,0.025808809340921224,-0.041827611496065176,-0.030991408837066192,-0.0013381816879030062,-0.00919539373102718
2025-07-08,0.0057470891221684806,0.0009084923151565505,0.0035276224289604308,0.021646382289522315,0.04337107545880703,-0.031904159837231605,0.006250580723130339,0.0010903393534797967,-0.02950361934737533,-0.02320183432950995
2025-07-09,0.019340682815719434,0.005559313219453799,0.0127125117665281,-0.01671155038965033,0.010864409135920683,0.01494571345548712,0.018284787318678664,0.026865121403830683,-0.017610993472813252,-0.019002357002653736
2025-07-10,-0.003880989672928825,0.018278266916222474,0.02054111497052391,0.021244329123152106,0.04135515161951275,-0.01577945359290378,0.05008113573971351,0.039950541778723814,0.007097055834131227,-0.004842610259641833
2025-07-11,0.009956689975677557,-0.013961242506708826,-0.021618554828348624,-0.02407128969925776,-0.03567422399539599,-0.005440593942452887,-0.027781647976407142,-0.02957677416811333,-0.01047894479934619,-0.019464700999327622
2025-07-14,0.015859444511074905,0.009383066687459918,-0.005428868168019241,-0.02862364934002315,0.018846007024616807,0.010678865587395281,-0.022214728775250547,-0.020318792158201204,0.015306697750518516,0.0
2025-07-15,-0.020253225068901926,-0.006067333008197506,-0.012832147691221985,-0.02225709639473794,0.0002283243051877104,0.0030805101638493593,-0.07574791828189542,-0.04577152439339627,-0.03047059300357846,0.00992554833016479
2025-07-16,0.019810551482519978,0.018145192302104984,-0.021050603542523638,-0.01314507306937096,-0.01004563092176236,0.010361357743629673,0.004159187725339519,0.037661648425284744,0.036126109684673446,-0.007371058610079473
2025-07-17,-0.011824353168792268,0.0022001864123759596,0.03646626766963634,0.030214353189733423,0.01337633782733283,-0.016817199579583608,0.04481726239573991,0.02148787655755613,0.04660977885625939,-0.007425676548133309
2025-07-18,-0.005128159565854884,0.024039544216110764,0.0014341171193159585,0.0022075452741090462,-0.0050067686136006095,0.004102810994263795,-0.00645450827977001,-0.0022980567229370363,0.0001515050503411164,-0.024937690110564348
2025-07-21,0.039518902455260685,-0.01715080349897169,0.02840239147279089,0.01825045767062905,0.01715461983209754,-0.016114110735993337,-0.0041946253065475725,-0.0003543667301616482,0.005912429945572839,-0.007672626785479197
2025-07-22,0.0024793166963146263,-0.023339506300220525,-0.0037597987372010033,0.02317683324745956,0.0020238396698308847,-0.0010529688634496326,0.09308057372796585,0.07107412737275931,0.043167433839892855,0.020618536429497514
2025-07-23,-0.012366081680907137,0.007816827743016397,0.010063725970542725,-0.003020402071924777,0.005834791596057709,0.004215980048672074,0.03858267293061757,0.039715398208815644,0.020845385282775908,0.03535350129721371
2025-07-24,-0.017946511446480407,-0.002216032667503476,-0.02269466778839402,-0.047864186402250763,-0.01740291799660476,-0.049300236589086666,-0.03737554075491378,0.0038197971792977015,0.006671913043242661,-0.03414630969318089
2025-07-25,-0.008499819681389242,0.0007773425036308179,0.02510974297085644,0.00413610426881883,0.018619429558983214,0.018491846405125578,0.004982596273495954,0.03646746571883308,0.002430096686934613,-0.012626250463290689
2025-07-28,-0.015002159563407669,0.039169980822384654,0.010589814250146157,-0.01742716538807565,-0.012929153436543883,0.012676068794567508,0.020439640106691526,0.03809083309086625,0.028108759205712763,-0.02046039907122854
2025-07-29,-0.018711937064465944,-0.03491729011405642,-0.02141332025368725,-0.0022572479512533716,-0.015356827550178642,0.0005055185682516505,-0.030434979352690794,-0.017241352172443603,-0.0579350743057534,-0.020887708955524942
2025-07-30,-0.004434522284007314,0.017924350473697004,-0.007914761136014192,-0.028765379840880678,0.04931196332850907,-0.008647855958851647,-0.01801161811837848,-0.01604437930204483,-0.018658302305877505,-0.002666664123535112
2025-07-31,0.0,0.023478300675101815,-0.007414653847875763,-0.036272875340422006,-0.015519105671533473,0.16960930887188375,-0.010109792466659773,0.00030473395655938873,-0.01576696349827711,-0.013368971173472688
2025-08-01,-0.015590216907587329,-0.1505947297544754,-0.022410198682644045,-0.027278983353315578,-0.02908528744810479,-0.05738520417142157,-0.02363583661978852,-0.006398509641234784,0.0034694061981268565,-0.02168026040218951
2025-08-04,0.023981844803100838,0.07314326367321855,0.0132030990424985,0.022364122032445755,0.030185220869927143,-0.019359344939992473,0.08034471669734611,0.12664829778642273,-0.000320071404104616,0.04432135470365206
2025-08-05,0.007954057085775235,-0.02551558190243297,0.012983275903984959,0.004514020284009046,-0.0024417449992112372,-0.027505144118887048,0.005071723484767254,0.0027217874129739084,-0.01103755540227036,-0.007957552133036838
2025-08-06,0.0,0.015423253526314573,0.021722721945671708,0.006221828874148239,0.00934583881791573,0.01183204326006182,-0.02279921599827195,0.04071661220920575,0.013449006535880104,-0.00802138270408359
2025-08-07,-0.007014460813600909,-0.021429408787053794,-0.007794210210725683,0.006183563586462659,-0.003527333449276804,0.008058923203859925,0.0001877442743905,-0.04434013448549001,-0.004047216781787655,-0.013477075957459395
2025-08-08,-0.016777005172914805,0.0012032062734534943,-0.018127691803910717,-0.02663026747318631,-0.05132742601027651,-0.028483604853041133,0.00929313691085798,-0.0124180683388867,0.0074856919773089725,-0.013661253978772825
2025-08-11,0.006286456523157957,-0.014661714146452676,0.0030297688276774704,-0.01929159207046305,-0.0034981698260834193,-0.006646305370923811,-0.0005580130251763293,-0.008428915119536473,-0.007748506364846919,-0.008310241623697978
2025-08-12,0.02320394740313758,0.0284181228413507,0.04875404152150975,0.02002868755681697,0.008658996860485324,-0.00040550147273277215,0.10408521918748015,0.03999435662974271,0.023576756446553437,0.02513970796254128
2025-08-13,0.003924995699523537,0.044710586535946284,0.01692085209108618,0.03786813155467317,0.0013921432810963807,0.01379264300996641,0.035357577761534476,0.05440178664621809,0.040758278483659094,0.027247929851148767
2025-08-14,-0.005647309536494394,-0.0065841097260970205,-0.013984193313614557,-0.030067597023824666,0.011816457908624844,-0.020807747192647885,-0.043064095114280665,0.00457492183482433,0.0016066873243496538,-0.021220139021431494
2025-08-15,0.0021844100368038077,0.03176778324115603,0.005206271548119146,-0.001044940976747566,0.029081761186488864,0.02160021316607863,-0.005699751432969635,-0.00404806682442127,0.033986309650343216,-0.008130073421291018
2025-08-18,0.007410639596174162,0.022593874126060953,-0.002589653335579034,0.051603949106797886,0.016911485524140124,0.027200767146627447,-0.019464356176803754,0.004191466881616757,0.01531963289288285,0.02459013990675496
2025-08-19,-0.012548719509658746,-0.038232413184135505,0.01871170995615934,-0.011273260875183544,-0.01487965631998911,-0.042474490783915964,0.010121687524427436,-0.0013913561061020818,-0.008289132101254482,-0.02399997711181645
2025-08-20,-0.008326053312818882,-0.003716236708486864,-0.02056513785941183,-0.006706808562078281,0.013993804125041809,-0.01635486081906723,-0.0644408856200428,0.012792934455622573,-0.042138461632018065,-0.002732237767417156
2025-08-21,-0.0030932256924506296,0.02418898338556419,0.0023329936538285523,-0.006752228858568743,0.009638523811648758,0.0013585373805633516,0.010064136787953482,-0.044897403439162376,0.018980162250849864,0.0
2025-08-22,0.014627656538921396,0.0398410836114611,0.01888908884738294,0.06399722879414194,0.02364938487696433,0.055268724805274116,0.11389923759056053,0.019248311358406767,0.05311752681465198,0.030136956773079815
2025-08-25,-0.009174272174407472,-0.002441130905897926,0.0009224353170356192,0.001286578823740836,-0.00572277354847861,0.012045599392906503,-0.053301075603412795,-0.059095563855800504,0.002285978934787547,-0.00265957193846289
2025-08-26,-0.01675489695776211,0.01670390180346426,-0.004520687970763659,0.007067123125657382,0.01705391685488733,0.027836059042476435,-0.04130547299269749,-0.003413435380828611,-0.01798342153885857,0.015999984741210893
2025-08-27,0.008968644384842461,0.006488099230034683,-0.0035271243892363024,0.006060677236498169,0.0018864002162009008,-0.013030644665368407,0.030787998930456695,0.020550760979602067,0.044220763509778216,0.010498677809387624
2025-08-28,0.012888929578993125,0.01414016017920905,-0.048360747755879174,-0.06911865580416965,0.008995822427595224,0.027303616044262347,0.005350882546943492,0.013021898892749295,-0.0026068222061668145,-0.005194800369332064
2025-08-29,-0.016674026013589582,-0.010047194461094033,-0.010600637196850782,-0.005109009071724402,-0.005183495798731452,-0.01446811263556591,-0.015487318003893136,-0.011396774725491943,-0.026027283383751487,0.0
2025-09-02,0.04462293649303528,-0.00724934720319792,-0.01658838137538665,0.01198230666472,-0.0014589348789509904,-0.014868826194964768,-0.01750342083702716,0.040884760243203866,0.03811367587385606,-0.013054818097203102
2025-09-03,-0.022639926958568424,0.02722721253633842,0.004444033588516749,0.03382940849348892,-0.004800658379646272,-0.011108422610860869,-0.002255096505715315,0.021635547613168882,0.011858491451549602,-0.002645500142578139
2025-09-04,-0.022290137248244357,-0.013405094734036505,0.05627968760875124,0.04286658465171689,-0.005872457581894808,0.021665927388299977,0.06337584393408302,0.04374134804752705,0.020634110607758327,0.007957552133036838
2025-09-05,0.010728643813783023,-0.019660356480803443,-0.003557981598072746,-0.07718865728923807,-0.017721521636012594,-0.0034848261255608914,0.06699538402830862,0.08224634429465971,0.00990721414774609,0.021052674507501035
2025-09-08,0.02697915464556222,0.04357414551620464,0.01170672652461846,-0.0316219091403257,-0.005154675072764792,0.009027330803990319,-0.039880456202533665,-0.028456679325847944,0.002652042162019752,-0.005154695555459998
2025-09-09,0.015934575804255058,-0.024147314021705002,-0.01590493480311883,-0.009129188456486248,-0.008851464812464682,0.0074957503447175,-0.033237933453851065,-0.009993052395871782,-0.017735919587284377,-0.028497382923657888
2025-09-10,0.033064886884281774,-0.021136152876739644,0.030871269808989243,-0.00212617290710293,-0.005663217651869834,-0.026346638997395866,-0.017383479809546132,0.013342543959969921,0.0014079679851743965,0.007999992370605558
2025-09-11,0.019696328506627392,0.015272771339321034,0.016999113315159464,-0.010298245436734077,0.004819220123818413,-0.029798455858399797,-0.003538188898389083,0.032402129032686355,0.029752203232697116,0.023809501283202916
2025-09-12,0.0032193127757740303,-0.019400381351001972,-0.035770153004512695,-0.023681399501616296,-0.04120338856896455,0.02125672867524009,-0.046028407087270184,-0.028390790845944758,-0.01926752949683186,0.007751992427776466
2025-09-15,0.024067403695344547,-0.006347846968159043,0.020767533738266897,-0.027563415002521463,-0.026148197434091358,0.009895837891649162,0.023940845651897025,0.0013697379950463606,0.021247045537216902,0.017948700392583783
2025-09-16,0.031727357781313525,0.04248302354080913,-0.015214524367680338,-0.016628764334843393,0.0010506226248323536,-0.002080202927068897,0.035318381961664036,-0.005585380991842137,0.010070063389650663,0.007556667801907446
2025-09-17,-0.009111608569773888,0.004391713407193576,0.0006287061084591095,-0.011145370369024854,-0.005481063798287167,0.03694561385666639,-0.0051582247817421045,-0.010087084765776133,0.005280275117947708,0.0025000572204589844
2025-09-18,-0.008429165420982931,0.008338492523441321,0.019793576838444293,0.02176448844657819,0.01547842065805316,0.0002645647858821043,0.017210632659021785,0.023506238593675288,0.010320108551142848,0.04738143878766832
2025-09-19,0.007728005000968041,0.026421894114841082,-0.023150455883418575,-0.045644733161722906,0.003464238533993358,0.03630730947849736,-0.037522528543235345,0.010408396598009961,-0.005182146994511583,0.0023810069847565174
2025-09-22,0.026840520129878254,-0.026822516803707952,-0.012209870372995812,0.032283743685443955,0.00897582008746678,-0.0026538083069076457,-0.030752130645115394,-0.04501172044517188,-0.04294178948618421,0.04513065451279363
2025-09-23,0.000746771841010796,-0.0005048263525210261,0.04314900438507818,0.025482573326895297,-0.013001817811138183,-0.032621152387033336,0.002984568507789387,-0.026263311522156774,0.06229614004944217,-0.029545479914373063
2025-09-24,-0.0205223601760397,-0.007979807227548874,0.006733800250355415,0.008283190927977913,-0.0073954169502857825,-0.00870146438565067,-0.026643505123471578,-0.001444945721522095,0.0028410662237337014,0.0
2025-09-25,-0.03733331589471722,-0.0020364214449301032,-0.021760038316696262,-0.03510077644273879,-0.0006985469956040102,-0.009151263676388743,-0.006208221690072735,0.02459907039696496,0.0001964863313514975,0.08899300143754685
2025-09-26,0.045508492192249284,0.01622279668640947,0.01349744966953903,0.03173380550275562,-0.013979461782811065,-0.0056276490667560575,-0.041646961309329766,0.02177237198474158,0.021234736136544585,0.06666665299391683
2025-09-29,0.029901552077872928,0.004819310886418515,-0.0367547418559504,-0.022505699991333228,-0.00035442792430528947,0.06328354225038724,-0.02301236376350313,0.027297889367803307,-0.005819362901254732,0.008064508376086854
2025-09-30,0.002572642577294282,0.0004995545708290638,0.010642091251669594,-0.011511934131551271,-0.11594371218328003,-0.039270612296526286,0.026890454016854637,0.001569675813613891,-0.008631705070603402,-0.02399997711181645
2025-10-01,0.015029319541506325,0.034355363385259796,0.04779044669138388,-0.0042702162364324225,-0.05989309056356129,0.048165660847476754,-0.011616462727952359,-0.03268776569005072,0.023467111481282776,-0.018442653786331253
2025-10-02,-0.016973680449194672,0.0026069001048756313,-0.010479265799679283,0.000389880396332698,-0.0076791939401429365,-0.0017703066228955677,0.014890389387117287,-0.0006944240880132346,-0.008029916444463936,-0.008350722791562015
2025-10-03,-0.06759736219703583,9.632257880598516e-05,0.004383743564247977,0.008573715643110491,0.01375751076621512,-0.048111323323300925,0.018205048511180433,0.02524609546842238,-0.012182491266318873,-0.052631578947368474
2025-10-06,-0.013002361490073722,0.009532959829712695,-0.006395598031941896,0.021251926021399692,-0.011026276545823332,-0.016288713259474785,-0.03614457831325302,-0.04902288939041022,-0.0026286727390900655,0.06666670905219174
2025-10-07,-0.02794406694253304,-0.028710364478981565,-0.021745807598218425,-0.028376864067337193,-0.05803312766902036,0.0019209725992022086,-0.017799987792968763,-0.012709343910150217,-0.004018702631254367,-0.031250018626450715
2025-10-08,0.002464043737265831,-0.01865856321039039,0.009825339044629677,0.012460977105457793,0.031259446295836435,-0.02538410174284622,0.01435548783538021,-0.008060704718484857,-0.004802843648394672,0.023655942206107117
2025-10-09,-0.01392872407674095,-0.027919552756999644,-0.014616561429238728,-0.009230709173416174,0.035903509038800685,-0.0024383157071861117,-0.07000902003820741,-0.04342018598141961,-0.020403086360189393,0.01890749399646019
2025-10-10,-0.031990048505453283,-0.05270746117718872,-0.054686739377190596,-0.028726712573184376,-0.0713068773246488,-0.08552061513227949,-0.06443258646976613,-0.05819708136733992,-0.02927312584954833,-0.076288637697842
2025-10-13,0.012446391631896425,0.019669694131907667,0.08568862422705514,0.030775515794733588,0.027225550374252228,0.027457153884059116,0.04724002233414337,0.02598277244067093,0.05511636924051522,0.015625038250748347
2025-10-14,-0.016108565733669478,0.006074812785898942,0.0023942336630065064,0.012020063096322087,0.02322807435273977,0.02255529467432016,0.008702367549574319,0.03923366880578705,0.016441681187326695,-0.017582504876838767
2025-10-15,0.0073244327014072574,0.04427966353400814,0.017111102911809617,-0.011494291436987769,0.03317809573335673,0.02749270690440242,-0.03592880775900342,0.0266414228744285,-0.03299550312277444,0.011185725521638101
2025-10-16,-0.018391719985547228,-0.032968147084941335,-0.01635350593565732,0.00813965507399761,-0.008732433050451127,-0.03013333945825758,-0.0022654842660587704,0.02299843565035742,-0.007855978989312784,0.0
2025-10-17,0.005228711455144808,-0.011748691126293287,-0.006554660760235476,0.01883887798900985,-0.030974714268973802,-0.031620786497581044,-0.010728879145992853,-0.010459277992186933,-0.003439089176185628,-0.006637214587377094
2025-10-20,0.013003950948316856,0.021972186762980073,-0.0134144111825375,-0.027169780940900057,-0.014662757254357506,0.011353698117015254,0.031043715330735466,0.009962334092410652,-0.0005387022524280249,0.020044578435574723
2025-10-21,-0.024390311583384117,0.012567502075341075,0.00854786575758526,0.022885940379925973,0.0005952517461891293,0.054117404319851126,0.03350403226765253,-0.026705084381767108,0.0014483748390217155,0.013100424405900535
2025-10-22,-0.013596468259459038,-0.014975885900754937,0.0021078225151238694,-0.011376677181605843,0.032123791355342046,-0.08146238594203681,-0.037102851388677194,0.007662774553523377,0.01848401065359484,-0.028017164082856594
2025-10-23,0.050689168574933996,0.023430178367190413,-0.001446045868362611,0.037591121994557275,0.0,0.046286114200749795,0.009954693829206107,0.019502072747349386,-0.005829323227839467,0.02217292673117255
2025-10-24,-0.013965295616851336,-0.020248248763600207,-0.01092736984496323,-0.0018483615187067093,-0.048991375376426505,0.026870521695902427,0.00204889741115144,-0.00036100105509973,0.006992888496423655,0.03687637123002574
2025-10-27,0.009871307172367949,0.026170906834626972,0.01725983390710817,-0.03555554081381063,-0.0012121489553740261,0.011247165995926567,0.04017456202445402,0.04043808831917528,0.01618169572467787,0.0041840962444885665
2025-10-28,-0.00977481695168414,0.002024133008586615,0.002616965414868,0.001920052801261063,-0.05461162885494497,0.019850819179801915,0.026669523383124005,0.23215732103310738,-0.011946868812548583,0.00833332505491069
2025-10-29,0.003433473232857809,-0.00404001128419873,-0.01866270018071614,-0.045228026144692235,-0.016367144781106013,-0.0227774913068719,-0.046261332167690794,-0.027224877843376682,0.0036470996873914086,-0.002066162926976145
2025-10-30,-0.03421724832236117,0.014400143597567805,-0.021367213002332575,-0.03934156950674439,-0.016639485651853025,-0.13809861350656083,-0.048071188365866546,-0.011773800312347205,-0.023129374669026426,-0.012422348597782795
2025-10-31,-0.0128431802107426,0.060981690978322955,0.003125558229624792,0.022983694611256933,0.014930350764837952,0.004818545228239657,-0.016870854981840377,0.01083984954893813,0.0055296141032989965,0.023060824728355245
2025-11-03,-0.008075383480598775,0.023556016816155045,-0.016482247087681867,-0.01021253313843884,-0.0006538233953549133,0.08413265599454034,-0.014029787766695945,-0.0020287806022482036,0.0034495277857200524,-0.01639342660450327
2025-11-04,-0.005879740593691785,-0.02329005655219485,-0.007437984939474673,-0.02600071671169457,-0.06411511625904598,-0.06782419587521893,-0.0373963681804691,-0.03746372344871074,-0.011741294038058792,-0.02708335609899537
2025-11-05,0.0013649084290405789,-0.004052783330441456,0.012952109633007192,0.002118566707782099,-0.024117459606343483,-0.0003550689025766385,0.015148711904175771,0.014381980295552044,0.032953503486761626,0.01713060436811409
2025-11-06,-0.029986362587404614,-0.008043895986087901,-0.010320482007867726,-0.041860420888867766,0.002148978000660051,-0.06309740529020702,-0.04891993960755192,-0.02141586009357699,-0.02236894254427535,-0.027368445145456444
2025-11-07,0.0070257431311553376,-0.024041181553169144,0.011028032694657464,0.011032605464230683,0.08649035439192598,0.04773558391794941,0.026066020377231824,0.0828774119361455,0.009019108431630896,-0.012987000923330161
2025-11-10,-0.0004651269247365475,0.026392931258038654,0.00232760114176922,-0.020951498543491764,0.004605305880061028,0.060166468072098356,-0.027191938602047272,0.05258236237840386,0.006349591565619317,0.015350915030649892
2025-11-11,-0.0018612847186936232,0.017047627766927143,-0.007421890028220468,-0.02095418438202301,-0.0014734798606723665,0.0142732740264786,0.02795200788423946,-0.017422214084201415,-0.0018028120273286818,-0.015118827198955631
2025-11-12,-0.004195811160221052,-0.008146855877173564,0.022340389300609997,0.020036480385064115,0.0332841240109949,0.0040076027869415665,-0.007152475371233202,0.010674871498124183,-0.005171274997775699,-0.015350915030649892
2025-11-13,-0.018726662661472826,-0.05579679130364257,-0.012384424812114991,-0.01830356214740614,-0.05775943134256212,-0.02940370350739674,-0.01676808394361695,-0.04681349176323146,0.09588069041209923,-0.03118037274436891
2025-11-14,-0.014312941324639117,-0.0023998148988851886,-0.017037721064644296,0.0004547717914424876,-0.003704971652842559,-0.0007220668392345919,-0.05627844397368453,-0.042726974491857916,-0.04392679462846194,-0.00919539373102718
2025-11-17,-0.007744426359816758,-0.028866366145338662,-0.034065191158321406,-0.024999902754736736,-0.025693043639014812,0.015111083840350759,-0.046248601116002486,-0.02364139301933621,-0.061790158878277546,-0.03480280681180148
2025-11-18,0.0,-0.016720020195965746,0.005742096905874794,-0.016317162083587355,0.019084009376584277,-0.01825947473300249,-0.0066666452508223895,-0.03737567835152955,0.005691257673751782,0.03365392991777316
2025-11-19,-0.003902435302734375,-0.02277735116413737,-0.014939468788507493,-0.0028435360957800304,-0.01191693467717525,0.039499348944867396,0.03673611328952653,0.022231551373434355,0.010616706662470277,-0.018604743487125486
2025-11-20,-0.023506343802298546,-0.022663809290373704,-0.02139674766374766,-0.2480989191974684,-0.0006891956391517073,-0.050037840410411705,-0.04913122121885649,-0.0043904461349491,-0.014618255584672779,-0.02132693844201472
2025-11-21,0.01003003260953883,0.02560723030835943,0.02882370252441402,-0.04929573788276853,0.03413792314200559,-0.01075817669531165,0.09703317469105444,0.07722283472803926,0.025144193660160186,0.009685220519283666
2025-11-24,0.01737837100678452,0.002786135202322404,-0.010266158930878677,0.047811569262192544,-0.018339421182331006,0.06783268438877532,-0.023517154823977204,0.0015231914634454835,0.0046276101526974145,-0.004796158407816775
2025-11-25,0.027818433440280677,0.01389180804580703,0.0020357431354554034,0.08611809074576016,0.07574726568556134,0.06143852936446503,0.06776829791510508,0.04363121768476308,0.08499472248445783,-0.036144600462750365
2025-11-26,0.02706551326109974,0.007904721982619822,0.0032892940132684956,0.02781080513554035,0.01673510215878493,0.017367553775901712,-0.0010650846957912519,0.025138920787094454,0.007170795431090449,0.01750004291534424
2025-11-28,0.041608948719302985,0.012130123344408217,-0.004049893319810205,0.002302652864249133,0.02981363545734972,0.04805079259611622,-0.011603148991392476,-0.015548644625049346,-0.0019810718889498036,0.0024569414306918613
2025-12-01,0.011540178471274976,-0.0027895884895856593,0.00784234408658735,0.09017817851801535,0.02141131145174202,0.002029378159539519,0.019607820354696326,-0.0068592248673085,0.018087889227985432,-0.024509781005518705
2025-12-02,0.0008775142436003858,0.018027409383349235,0.005908094745568304,-0.020021115725272765,-0.0076763604881145975,0.018440481534613085,-0.022778121546877417,-0.07842600128695765,-0.004133881302369802,0.020100483246901613
2025-12-03,0.01753615203400205,-0.053734975213785674,0.08843465772032078,0.022043015012521483,0.027967825338850894,0.03354444360046038,0.0336899321245312,-0.061236628435183516,0.008243143837003641,0.029556622475449545
2025-12-04,-0.01120199619943718,0.016777774814711544,-0.008686444431422191,0.0,0.01852386118034799,0.00974679295020775,-0.014601658264038475,-0.007247844896327571,-0.005693759372390694,0.016746453238300596
2025-12-05,0.0021786159214987055,0.05870526093311845,0.027704000340934343,-0.009468785670746716,-0.0338163874154227,0.0023067035859112295,0.007002595348826635,0.0074065911799809925,0.02513737824876694,0.016470628626206407
2025-12-08,0.015217407889988044,0.016085529715841096,-0.053225320465337345,0.04354764686030643,0.045882393332088656,0.12059431678160437,-0.03340373130736729,-0.014599300525307224,-0.015640708708911655,0.020833257447793185
2025-12-09,-0.010278362620868564,0.03795477606863673,-0.008505447028179902,-0.03206110564840048,-0.017435397149554444,0.01863920438893696,0.015095106719395401,0.004263499543594396,0.03618718656833275,0.0
2025-12-10,-0.04283858697410492,-0.0018946282007175075,0.00692683880534517,0.02681386285335985,-0.008872283078934617,0.024850412755214935,-0.005125593652158367,-0.009658285399272715,0.02611886979896738,-0.006802660773060132
2025-12-11,-0.011754078617424057,0.008921815071761596,-0.01280170434656347,0.02099344877223208,0.007507892391392046,0.010819606502221024,-0.024869632564247124,0.0665523443034397,-0.003421298571755549,-0.00684936279098225
2025-12-12,-0.028819810179552485,0.011006567595069905,-0.00820045616865206,0.00551641809165182,0.01805678071470962,-0.0360670585595142,0.05674774696227569,-0.02220658318949642,-0.0234450528216521,-0.016091884220427732
2025-12-15,0.04050874370678259,0.014469156857850995,-0.008843817497868556,-0.016458952533530247,0.0019707121036627306,-0.01702951551637799,0.010246304045392396,0.013051118120686711,-0.004370325217429194,-0.007009394471429897
2025-12-16,0.008601201120198132,0.01894056210145112,-0.008922728480129871,-0.004056699328251145,-0.029502647725731967,0.01620829037483884,0.02395062145048099,0.015216067885357454,-0.03906443112025404,0.03294114505543422
2025-12-17,0.03366247652090726,-0.03060576117171676,-0.009384012247552254,0.0015275587384253608,-0.014186498711021067,-0.01966256046313397,0.017005824725776053,0.02388088874821359,-0.006974595410118689,-0.029612674614459822
2025-12-18,-0.02040821566174189,0.029529206361621263,0.01014614714887796,-0.0025418816077558137,0.004111582754341425,0.043721851188597505,0.012849110596317548,-0.03913342528018127,0.007316876149867646,0.016431852362269073
2025-12-19,-0.0022162782909648238,-0.018490150635637193,0.009853887839808673,0.008664621703107223,0.0005849797767480958,-0.03332335443372336,-0.00955806701386308,0.03290674277774275,0.016979583317407343,-0.12933024310546315
2025-12-22,-0.03420703909081746,0.009005728355834686,-0.004619610206009872,-0.025770672135898898,0.020169612974922035,-0.03693745775698476,0.04977196150587071,0.019075737459397946,-0.0767596243616806,0.047745376039223686
2025-12-23,-0.016559365875883136,0.005009065638222454,-0.015296477316330326,-0.0015558777291686532,-0.010315203284006036,0.008671773809986849,0.01604540384357578,-0.01968352882614066,0.020614067777720235,0.012658215623466695
2025-12-24,0.007015974357668098,0.002990501455530925,0.01110959747225948,0.024415307456424173,-0.002316208133588127,0.009649042623081305,0.0033448518214829193,-0.008759836643847274,0.009211279207576917,-0.002499997615814209
2025-12-26,-0.020436624246395807,0.01264909217581045,4.7530402561113405e-05,0.0035499108436891635,0.012188101996550182,-0.007020435328326857,0.014591748995999465,0.014993567172649103,-0.0015845857143369502,-0.005012526536017692
2025-12-29,-0.02655284314323092,-0.007494681955406701,-0.03857316546324474,0.03233958911850232,-0.009747710498171247,-0.0112208492819178,-0.005494150537061704,-0.0018587599211236094,0.0031582894668542583,-0.02267000340572234
2025-12-30,-0.0014613095782808339,-0.0037756038925824686,-0.015632694373753586,-0.011747534763382972,0.006369351481602337,-0.009226103457617651,-0.01462390800858715,-0.009801039027385716,-0.030819398848888402,-0.023195914931270267
2025-12-31,-0.02048780859970467,-0.02102510230527921,-0.0050758765694358665,-0.005448209648041602,-0.008630588364404557,-0.017530022922817246,-0.015280596334938168,-0.0061367427959877485,-0.00971754290076099,0.0
2026-01-02,0.02689247597505373,0.0021200420450040447,0.011365280017051171,0.03286852716349187,0.03482300623391965,-0.051585189226684536,0.07959815937177561,0.06124881657389203,0.05046664609568974,0.002638519937706807
2026-01-05,0.004849586326438393,0.05481971134615593,0.034162407489846336,-0.024590147626154746,0.016264773795190646,0.07447842296751706,0.019647396617583857,-0.010979712797965946,0.014538334725131552,0.021052674507501035
2026-01-06,-0.00289572721673359,-0.012207896077374936,0.048198612547816655,0.08947109028087796,-0.03559605010431999,0.02413612488818062,0.06586881898555097,0.03994685557315014,0.010136146823169767,0.010309268214748757
2026-01-07,0.030493759572517654,-0.02630645974268575,-0.03206776588786031,-0.004083565678648204,-0.008297593968434436,0.023476533167271052,-0.017602269276689064,0.0035583886412235977,-0.002405243064812268,-0.00765305377701242
2026-01-08,0.006106113441817218,-0.013055325490159198,0.03132139585560334,0.0373576399519453,0.03808423833339325,-0.01819068527714518,0.040871682524969755,0.031457397505890494,0.06035196618404215,-0.0077121359895410135
2026-01-09,-0.008870239653635426,0.02121989294177995,-0.0021693022383141303,0.022837128432278808,-0.022512545402902706,0.046341875245486275,0.018888980703815283,0.021859880331817072,-0.01358482765346114,-0.00518134234975598
2026-01-12,-0.011775789231772471,-0.004047827252442016,-0.002821630192986202,-0.03091466377356522,-0.005970972289048415,0.003087986400899023,-0.00374432568136418,-0.009402259677527947,-0.0025105664029786423,0.04166668994973155
2026-01-13,0.0019066213727418901,-0.0018966680108145617,0.0005103135200628106,0.018165711820632646,-0.026029744600773785,0.008675619582408478,0.02090023361655824,0.036659760084632786,0.030674521638917263,-0.017499983310699463
2026-01-14,0.0,-0.026784897540982233,-0.030089488814667886,0.0017406883179438282,0.00792952904004185,-0.0212143739390106,-0.024692465943971564,-0.03737928990814099,-0.07356154279300409,-0.015267221419573263
2026-01-15,0.016175078267532284,-0.023988858743342667,0.01759076760632694,0.01650741996094629,0.033216765728012465,0.004949765375448445,0.029184294685953294,0.031849926478865864,0.02546558542768751,0.012919946308380892
2026-01-16,-0.012172295011819156,-0.012479732717535552,0.011461866451139668,-0.005555591477479638,-0.08009024889770733,-0.03853499670948435,0.04168526696977226,-0.027568728424781974,-0.0006615032914886187,-0.010204071702683226
2026-01-20,0.0,-0.008778734612779115,-0.0421233329689471,-0.06961748580353411,-0.011342702145925143,-0.0018730859042924708,-0.05779300905031626,-0.06174448739909166,0.022894230679971317,-0.01288664671652151
2026-01-21,0.027962092034180097,0.014695884537522907,0.027781788228246285,0.02817539420002646,-0.020775196164153353,0.028781993876854095,0.0450692639428365,0.023171749134701214,-0.019911201268229872,-0.00783289085832184
2026-01-22,0.06685102904050333,0.02848648724198566,-0.02033209768045141,0.01437566282634184,0.001266653439644827,0.05149229431469071,0.0073256558774150715,-0.002174090634083581,-0.03389447942662449,0.005263152941442195
2026-01-23,-0.006482265448864877,-0.009325748099357267,-0.007271116783207465,-0.016829000538236327,-0.05218221005964119,-0.010743022799682311,-0.011341479500835971,-0.00335908072134794,-0.024771327974079105,0.0
2026-01-26,0.0443671364905831,0.007248391402937315,-0.014357845077375031,-0.03378377600904381,0.020353707852097003,0.0008450508070174667,-0.04071983482906971,0.00318818070698601,-0.010160193700981535,-0.002617798596338705
2026-01-27,0.008329814814005632,-0.02261680531724586,0.012844580049347298,-0.000466189362289815,-0.015369500148040949,0.008465115582408034,-0.04235701736461228,0.009261820556608402,-0.01608864172034752,-0.0026246694523468506
2026-01-28,-0.023543978371721397,-0.035762147902864916,-0.000631720567284777,0.00886191242733525,0.00033212317101050104,-0.14167290112394304,-0.025070275811651777,-0.02213224517050405,-0.012803239550815082,-0.013157882353605488
2026-01-29,-0.035109980758692316,-0.0037683187943075014,-0.0004375579236731708,-0.04160897635115712,-0.005976105583015756,0.04243483062955056,-0.001955556828675431,-0.010580563989764036,0.007967087185559718,-0.02399997711181645
2026-01-30,0.046909238048069124,-0.05235916966122556,-0.01746197413063688,0.05161602453594383,-0.08116233339446954,-0.06159927597144976,-0.0260592320572256,-0.03766043348780601,-0.00161034282288941,-0.02459020504844167
2026-02-02,0.08249586641274753,0.010294153238958659,0.004950520788333801,0.02018345845333136,-0.0032715431420972108,0.016903128886762042,-0.015591239123709744,0.011885238982734636,0.041559609997936287,-0.0028011178292021155
2026-02-03,-0.051450673271921876,-0.023913527182990002,9.860332498634605e-05,-0.006744532966537764,-0.024070016250026027,0.006055500855171481,0.018597044240042937,-0.0031512779527111956,0.013732534883884817,-0.04775276421567454
2026-02-04,0.018760158070348254,-0.018640818610977217,0.036991315774999256,0.023992809735890797,0.01793720247125674,-0.04220680556654288,0.03676582239341575,-0.12922691773774675,0.01798892158576293,0.020648947220246905
2026-02-05,-0.01160924793807061,-0.06599364357882465,-0.02374956120610827,-0.016799414016758107,-0.06314241291507505,-0.023788961758689497,-0.05447505889250426,-0.02761278431349512,-0.026843582274393762,-0.020231194355791682
2026-02-06,0.011745605585495422,-0.002324283213754441,0.013428636827288898,0.036420972797450935,0.043103462450569285,0.052073317669170116,0.08043389799596445,0.04762981234917518,0.04877969518002634,0.020648947220246905
2026-02-09,-0.013610895068793538,0.03110073635878008,-0.03058234407888072,0.0026030602133393366,0.02253938599569083,0.019669500008835827,-0.01993751961002943,0.0020518622520209195,-0.027591494326972166,0.0028901706222559387
2026-02-10,0.007305207371531175,0.02699962844192183,-0.010449648093576958,-0.027260957205955783,-0.0036737133226903973,-0.04839534058460393,0.016670678903682346,-0.029960111562318925,-0.02099925738679531,0.014409208041508137
2026-02-11,-0.024576978962605245,-0.03321971346173924,0.023021897373516342,-0.0031138049695008663,-0.030236046342099976,-0.07051487945267965,-0.049714789726773345,-0.021553187372110538,0.014373393924248745,-0.008522719191002448
2026-02-12,-0.028500563932343237,-0.05643416906266174,-0.024900894349818126,0.020080193105995292,-0.043345985654707264,-0.05474221849254768,-0.02340706150557248,-0.06301808869069381,0.00882485792679355,-0.022922614179784362
2026-02-13,0.0021258178608598577,0.08597609100663384,0.009682916468621405,0.052930917255257004,-0.13513512079293544,-0.0036904373411559277,0.05018950797632393,-0.0015753424467558341,-0.007084383997458477,0.014662742245680649
2026-02-17,-0.013152289773277204,-0.016433441790581482,0.0243477743011713,0.024927274665754062,0.038143378445575804,0.023536706351965808,0.017848452675727655,0.034470251102368454,0.024770813231205224,-0.011560682489023755
2026-02-18,0.026225305432032053,0.018401413634273833,-0.016201805203586384,-0.030806713033302402,0.027445724997648524,0.030176043041487688,0.017679199021776615,0.07333098385348769,0.010579972021773631,0.0029239737544373146
2026-02-19,0.0012567565245984458,-0.006651130475672118,-0.0003451303381066806,0.009619424976169189,-0.03102108322943309,-0.0794954930163595,-0.03662727105674779,-0.13019242703390954,-0.00656011681790547,0.0
2026-02-20,-0.01966524355046806,-0.006137741859297274,0.017214176346463494,0.018379282217202864,-0.008003570787356695,0.011508742086385748,0.015149248745323751,0.02337565184724455,0.010116247116990218,0.00583089811581905
2026-02-23,0.008962828926052824,-0.05209970263692987,0.024778125480941826,-0.0762919364341369,-0.022411475211520315,-0.03422257946842411,-0.08833577828016037,-0.09775265939630251,-0.035552211650923704,-0.03768119207076481
2026-02-24,0.005499199300832425,0.0386164677438916,0.005441566376001461,0.03285958330095595,0.025676358872245286,0.00018457456501486114,0.0053859382583871795,0.005988872112367094,-0.07784206856921638,0.018072344097764814
2026-02-25,0.018931377657750215,0.05246348606421658,0.01068278720339122,-0.02536538891066209,0.025480539715694972,0.02992371778372127,-0.03356092223995821,0.024895091959438176,0.0073336445800769035,0.01183430783985151
2026-02-26,-0.004954539029181526,0.01289556195435515,-0.014993533977792461,0.02823107908078626,0.023975554675510935,0.056764939730764796,0.014129700457216288,0.042508266939975226,0.020791359993224567,0.026315763789935165
2026-02-27,-0.0029045516064821753,0.05285120762694562,-0.03739237494751402,-0.023594940713154267,0.014899973813540246,-0.055778441861598194,-0.11199825212006898,-0.03343040836823896,-0.01622246793560078,-0.034188001676673574
2026-03-02,0.007074493193353071,-0.0032517763673446387,0.0020133697765019054,-0.03163446024073591,-0.0008389453706232342,-0.03306797732004052,-0.05057030078625435,-0.03353864963418285,0.0077141356350654,0.0029498496028923515
2026-03-03,-0.015702522980791778,-0.040982738231722715,-0.012644550045723624,0.017695115183056664,0.02644840790036307,-0.012751095466601137,-0.009406951695890342,0.0231802465999964,0.007177583608211746,0.0029411735831661456
2026-03-04,0.0020991244773207463,0.036568538881323276,-0.005658599756835803,0.025858232059203567,0.04008177961784698,-0.008558284451757325,-0.03118383330138308,0.042792734285727274,0.031284796353599376,0.020527839143952953
2026-03-05,0.0004188655710799516,0.0061531992716279404,0.009484772344415138,-0.03129075662590519,0.001179660988473108,0.04711318865322345,0.004106199712772263,-0.002032728174004128,-0.016435745642854438,0.020114923235383886
2026-03-06,0.02051933399025585,0.025073887158992614,-0.02457727449885516,-0.06684621946846148,-0.01217594175529424,-0.04064502432335948,-0.06233096042608266,-0.02991732669911129,-0.05006698335823423,-0.030985886358689374
2026-03-09,0.017644578704112845,-0.003977344407802508,-0.006844106999776556,0.039423155926711306,0.00039762342081584023,0.03323889646345024,-0.005627483336728689,-0.006299156781660931,-0.00022046566037448034,0.011627895694091173
2026-03-10,-0.017338645607075986,0.0037935997779654507,-0.0066870752627490315,-0.05457908434356973,-0.0007949307585440879,-0.02890999204080258,0.014784920266458945,-0.011753821649504892,0.014931211364644259,-0.00862068138659311
2026-03-11,0.0036929931120219806,0.0018895555071631875,0.004830759899176584,-0.019080251671621862,0.017104228942536714,-0.02914329550847139,-0.02314389777664172,0.0037417983755905215,0.0073892287317580685,0.014492739601511984
2026-03-12,-0.0012264423720244055,-0.058963618602060675,0.010586563133594185,-0.06334156580503847,-0.0003910922565970587,-0.05441385607307925,-0.06265609415085216,-0.018239951210880734,-0.047826843924955176,-0.02285712105887272
2026-03-13,-0.03683993480506009,-0.03322786312737891,-0.027530375511345517,0.0383385696322609,0.012128379490151442,0.02566291184560998,-0.022687558795997376,0.027257963038510358,0.015493925929081165,-0.023391859748531196
2026-03-16,-0.01062473407159259,0.03851607987480632,-0.022793474117202006,0.04717953217502169,-0.037688455734067094,0.01939032964373788,0.028511364036184705,0.04435644370101066,0.004479531803144754,-0.01197603679070025
2026-03-17,0.013316127869369643,0.01176720679755161,0.01523063293702509,-0.007345687035598125,0.013054784077719095,0.028662967128049166,0.031962442321591844,0.009859673534053925,-0.007825519019925231,0.009090900552502612
2026-03-18,-0.009749874554837445,-0.006645891686051786,-0.0022555547318972025,-0.014306908362645476,0.0023791187519677237,-0.0748872174254358,-0.012550507991685778,-0.03917883686732804,0.005631248107949238,-0.009009000623754537
2026-03-19,-0.005565114071856114,0.0020907060483565942,0.014878205157353497,0.017517489985867662,-0.014636108749350507,0.010337558187659246,-0.0002229729507499112,-0.006383604475341476,0.031132371409133386,0.0
2026-03-20,-0.028411530797153528,-0.027018609960299478,-0.01569619742731565,-0.045253362603074554,-0.04977919625507288,-0.04385067102780271,-0.05099987555652152,-0.05139633330902571,-0.018500848687454385,-0.024242401473340114
2026-03-23,0.020381080994289036,0.048675898776981974,0.013157148205643177,-0.043276616669876034,0.01225175358022712,0.06513078811783113,0.01974145407711192,0.058189345864029685,-0.03729264260554099,0.031055870727966672
2026-03-24,-0.009552809993214506,-0.022697078786585334,0.006545211233932147,-0.02746370750292071,-0.027128532694790763,0.004572798457415761,-0.010678339165714479,-0.015151463815383015,-0.0028824249828494075,-0.027108408427407582
2026-03-25,0.011836933980064801,-0.005544500466591051,0.0012384861360172916,0.007198306813908761,-0.08108105675462862,0.02521848606571475,0.06336390541588677,0.05769228628766121,-7.054568107489612e-05,0.018575833568184263
2026-03-26,-0.022530349197686372,-0.06343360965878486,-0.008607729968554745,-0.019791209913131436,-0.0070027832864614226,-0.023301845639150054,-0.035855145133433575,-0.07586210723207287,-0.026389177464417934,-0.012158043257392115
2026-03-27,-0.020390030822788452,-0.02111644703128024,-0.009053289494076022,-0.0577677514700744,-0.025858069232359893,0.0022232254274510144,-0.008937307329327071,-0.029850706096869906,0.004888756181610443,-0.02769228128286505
2026-03-30,0.0076923110117448346,0.012392447643663873,0.006653955268085987,0.11130964097709017,0.010135183338830567,-0.03721363169492531,0.008941521699431298,-0.02727268459079979,0.0006484428179673873,-0.003164553858114205
2026-03-31,0.0345756821704617,0.07242433578742768,0.04023708449598584,0.0,0.03296705800271704,0.08108665088796974,0.059081978483050746,0.08138024132799515,0.03069888853670011,0.028571400458581087
2026-04-01,-0.01215280709719102,0.0029591922550118444,-0.031065577443051495,0.03535072247876636,0.024976826420782805,-0.00728418135865494,-0.19289091286884863,0.0005318563490794848,0.008267741876602619,0.03703700160674983
2026-04-02,0.026362055159750986,0.0290832675643089,-0.001977853313964495,-0.039317087343425094,0.045126354101341803,0.005831686886065945,0.005405410887014295,-0.035083048367421044,-0.007766520769143859,0.029761948265863092
2026-04-06,-0.011986330450754812,0.005529318716811726,0.04125168668765511,-0.02477110691289708,-0.01122626211549338,0.009365700718650727,0.0457430150122089,-0.009089707430952498,-0.001292850824092362,0.026011535600303448
2026-04-07,0.015164661292317971,0.003360507548983094,0.003455917948232301,-0.0011043328196350677,0.0021834561241091954,0.010635944417506149,-0.036409605050717,-0.03015980904775184,0.005825520283019747,-0.019718291319166026
2026-04-08,-0.02219378792106974,0.024967006139754,0.021961497454478174,-0.008291922197370738,0.04313724349486092,0.058053875362966245,0.049593265793206776,0.06305533967971844,0.03789894167878782,0.014367802310988553
2026-04-09,-0.0017459191813669062,-0.009406841948087608,0.038437081330156886,0.026755901160049778,-0.07059317027388456,-0.03506389147754463,0.031666692097981786,-0.015098446238532626,0.016707516632502806,0.08215296436358144
2026-04-10,0.01530382427973831,0.024290286714687692,-0.0007524273105854462,-0.017372487099939438,-0.0008988969781426048,0.028691148030973057,0.014378018864447784,-0.018888547762559327,-0.018130633487096093,0.00523559719267741
2026-04-13,0.00775195135652984,0.008295095774326633,-0.00889581456445887,0.013812164213283351,0.01259562269056791,0.06827027397967256,0.005096347987870287,0.015764470544183062,-0.0033908907574878855,0.007812492724042164
2026-04-14,0.026923123007931204,0.03116532355994983,0.026926908253290582,-0.00272488244902358,0.01999106401666939,0.04158441766111376,0.03565203578259735,0.026232711525258523,0.017517613122219666,0.025839831009891956
2026-04-15,0.0316271413718352,0.026187355843364957,0.0034220560649513843,-0.019672035484587513,0.02961673921126806,-0.008364279771911232,-0.00917990312910233,0.029443213494389164,0.003972852093119483,0.0352645097972919
2026-04-16,0.01573212485862241,0.023232423607312702,0.0040556891736789336,0.005574204912452085,0.004230134689153786,-0.023822427639180743,-0.00023161502707924608,0.0050701949939189195,-0.02268792696944022,0.14111919826389507
2026-04-17,-0.025019899145344193,0.03861624732959257,0.02983572310990712,0.07594221446824645,-0.03875316281229324,0.06981557522064241,0.08919597886323727,0.05199850471362577,0.021999889345279522,0.03624735057992656
2026-04-20,0.015071317748753588,0.02186075275115207,0.027901554051554145,0.0767645740085896,0.003067471330426619,0.037313318238472615,0.01169887431805261,-0.0029510080875519984,0.01878602475251756,0.13168721170853015
2026-04-21,-0.01845910876456547,-0.03891183875985493,-0.007848404263813058,-0.01961721640410552,0.0043687367468847604,-0.002661813846309591,-0.02859346668474605,-0.012578575522635638,0.009284623463039487,0.020000024275346195
2026-04-22,0.04905972231622946,0.03706945670768258,-0.002622254870941365,0.0024402925307684953,-0.022618549932172605,0.0395840027433243,-0.01442897331500792,0.006869027773873881,-0.022283588649677277,-0.03208561513224406
2026-04-23,-0.025331240155709867,-0.028561748842438894,-0.016432215932609018,-0.0019475574983904842,-0.01335110130075745,-0.03303828517559193,0.010833729016372695,-0.04564624385766103,-0.008981892416643489,-0.029465902849036274
2026-04-24,-0.0023990190081283336,0.002261674828645477,0.006459962275357167,-0.019999897336978267,0.04555706925602654,0.015036544975653987,-0.004200172687639836,0.023914690401678484,-0.01380217745809953,-0.03415556527326158
2026-04-27,0.018436836489237107,-0.0072904353270760724,0.015182982952536728,-0.054753702861973896,0.015099239726566127,-0.005744612420966577,-0.010617347926703213,-0.038207694628975886,-8.403177693960817e-05,0.045186642864155635
2026-04-28,-0.012593455204479631,-0.0183598402216113,-0.0130809746520405,0.014218094101196899,-0.005524907110989408,-0.0007622266472072647,-0.022785784887753957,-0.02877128681218266,-0.020835064902815614,-0.033834642738285736
2026-04-29,-0.022718202126651876,0.0030281792926760698,-0.028010950587581962,-0.04828658418872933,-0.01111112107352108,-0.024186751036412768,-0.007371160210861705,-0.004348412973890214,-0.035469731764790735,0.046692656457094195
2026-04-30,0.017536716849433587,0.03498485807070617,0.03145448857868338,0.060556499959069976,0.007778751509228687,-0.0019919454571110107,-7.573317226250431e-05,-0.127473683169255,0.01270276830300987,0.0037174684946250647
2026-05-01,0.06332664831229073,0.0602265307094918,-0.010135699400517506,-0.01183141133503518,-0.013722114022807652,-0.03335026398320684,-0.015080368232164854,0.024558105542463293,-0.006500127562871105,0.0037037001061668295
2026-05-04,-0.10139466507483696,0.019744252920042893,-0.03272193090959741,-0.03383650813923045,0.024782595427139897,-0.01581284811232797,-0.05862893494663002,-0.009923687417998539,-0.026046868640532073,0.029520266634666337
2026-05-05,0.016359034695983432,-0.012775694523442183,-0.008192574188550017,-0.008620670647564554,0.025456104761913956,0.006745495303834392,0.009235838961219933,-0.02544329606792639,0.015123784455331135,0.00358422602149977
2026-05-06,0.038794905151321224,0.028695439190888017,0.05109286292538906,0.04347837598630244,-0.010343400877569797,0.027143931990939008,0.06681237565857434,0.04430378486170006,0.022088233662184598,0.0696428344870097
2026-05-07,-0.04767583469614922,-0.010236014639995794,-0.01898455604550109,0.005208194306905112,0.0543477940181496,0.027325470839040467,0.014575254165471119,0.003030256791548336,-0.03151509814819542,0.01836396289108211
2026-05-08,0.012932890370101147,0.022578358346047045,0.016246594892181276,0.022279756439229192,0.011895366874586921,-0.02579865279254312,0.001795776312193187,0.0009064228210644565,0.01768863071092497,0.04426229264716319
2026-05-11,-0.045716663054383044,-0.011271454248724,-0.024622448786134177,-0.028889891056718797,-0.03957681076665398,-0.021939941376807104,-0.03502877334219223,-0.07364927423458212,-0.011469200931223389,-0.023547896085129416
2026-05-12,-0.034527373087022806,-0.0034356995833291215,-0.0037684262990188566,-0.003653499882427358,0.004079982886001421,-0.03292669586380348,0.016176442625829734,-0.014499826884342593,-0.03897325912759342,0.0
2026-05-13,-0.012963831231455725,-0.01527851594614027,-0.021875856227489776,-0.018334280290077,0.0170662359153817,-0.05181768355358396,-0.018356223067724553,-0.007108617841696141,-0.004055457068637525,-0.01929258675350931
2026-05-14,-0.02128620085953359,0.001352627057069622,0.031870340303724376,-0.04215568648076895,0.004794204098795385,-0.005293315286195588,-0.007836763640324484,0.030802504692312604,0.0036402964904433954,0.013114741796192542
2026-05-15,-0.000925518611697318,-0.014541135107212555,-0.022487225789071585,-0.04791088933491172,-0.0059641996344109716,-0.033942192604414,-0.0367561154037932,-0.059602626971468675,0.007160787983540917,0.0016181600581894884
2026-05-18,0.014821662462372043,0.0010482574288939173,-0.027854745288946825,-0.0514922120003416,0.0312000274658204,-0.017120761608276913,-0.019891182793407736,0.017863227052977937,-0.016001754909040655,0.030694677780952473
2026-05-19,0.008671863778221711,-0.02875553484451676,0.0052269514648450865,-0.006168928043939315,-0.009309533154608807,-0.040442264536614814,0.011762741505852325,-0.031387054477496235,0.0017544144641725712,-0.026645779505419687
2026-05-20,0.020361938815536496,0.029689847210905285,0.035830761360340135,0.04779633743117939,-0.020751788083268496,0.024625181145435215,0.0902243681638244,0.1275261236974703,0.015969896424941732,-0.0016103428052184343
2026-05-21,-0.002660730287022517,0.007409778848340043,0.011865065601960545,0.026066351258028808,0.015593737947993347,-0.008011157650950618,0.04445778016022883,0.025030826431277742,0.0229294946086136,0.07258069353967156
2026-05-22,-0.023566060117356624,0.0037576048434821985,0.04289002725154667,0.025404157563562624,-0.011023574153623428,0.060413098719081626,-0.019125709139266256,0.0110039704134961,0.018030284636809668,0.18947364420677637
2026-05-26,-0.0022768323836542814,0.01640778581060265,0.008173347264803343,-0.0016891991977867615,-0.052149734455621655,0.02738726977173056,0.014953881925694468,0.07231248689710923,0.026610886174772697,0.06447537784070767
2026-05-27,-0.010497468910913521,0.03369644252951276,-0.059709158020763375,0.097010889068188,0.05291895242098299,0.04062720473455306,0.03697815158833673,0.017241456128116228,0.022678794184407547,0.029691211132391926
2026-05-28,0.0,-0.006216414990929842,0.03238900064195893,0.04678653534293131,-0.02153964957128407,0.006712299503692121,0.03879364810138175,-0.005604205051751854,0.031958361547174574,0.01268738820176174
2026-05-29,-0.0230627303026667,-0.0069418238426355305,0.005567621051092875,-0.01669944483218433,-0.0016306936162916452,-0.006667544945066606,-0.004424997856710355,-0.006735365825010775,-0.030344296594999154,0.02505697878356994
2026-06-01,0.008498597855628676,-0.008833875873295538,-0.04662302410985153,-0.06943062252373478,0.07513271416024514,-0.0273972602739726,0.005656921724131125,0.004705180291160849,-0.003422592733503871,0.08000002966986752
2026-06-02,-0.020599275350412838,-0.014802728441328239,-0.010232310899075281,0.00483094667726891,-0.039118901998862254,-0.07605635951942125,0.04553675060856843,-0.003856732578261468,0.007565572430118905,0.06172833449713644
2026-06-03,0.06022945622785336,-0.038703631938618144,0.04391349551435719,-0.037393106674565524,-0.007509827369111766,-0.029725563926826237,-0.023570151921358362,-0.04065268879718564,0.031216274938576705,-0.013565832731434191
2026-06-04,0.004057716472027684,0.027741403226746897,-0.02930803074554922,-0.004439501691807735,0.010354449325447268,0.03990574791258461,0.005247642294341492,0.04482560872684882,0.003861670168100906,0.015717076877764136
2026-06-05,-0.02110467943610994,-0.026514804512781875,-0.012729816585345666,-0.017474611553399688,-0.01734333935760768,0.004834562366234918,-0.043197358024061994,-0.05711131896332433,-0.011784821639476806,-0.08994200110751649
2026-06-08,0.021100963666057293,0.010714849793099557,-0.006749537427730323,0.04991386669868336,-0.006016831796794353,0.0442037996930118,0.0011593682280865991,-0.01755664923235567,0.009583198649661284,-0.012752379118484702
2026-06-09,0.0008984931517530548,-0.02152622836678908,0.029056125197018945,0.0,0.11339787683931557,0.002303868526137176,0.022411397940999,0.06239753859718,-0.004721671889300283,-0.048439161583739954
2026-06-10,0.006283634889309164,-0.03283434869291335,-0.020994581928408085,-0.009835978917878019,0.043494046984515755,-0.033903183302093076,-0.009327696253204176,-0.03742638500146944,-0.043730189384943774,-0.0022624951830817475
2026-06-11,-0.010704717676247033,0.02308873688962887,0.04177323912486264,0.038631310073625746,0.04272315050788866,0.008475831893296926,0.07149105325357308,0.13120725755756713,0.05446741650820597,0.053288013978573634
2026-06-12,-0.018485114597425634,0.20076901032263983,-0.007678452979393402,0.03081823283610574,-0.033977363164892416,-0.054851094624629226,-0.039417610779454715,-0.0011586504496854388,-0.006951165378981217,-0.01076430375461268
2026-06-15,-0.0013780746906143504,-0.01921209588798689,-0.004298892182527436,0.0030927893419798735,-0.007241347740436388,0.0748830447117046,-0.032148447365301314,0.06959662045043613,-0.07250702660222796,0.005440717412174001
2026-06-16,-0.012879516540634572,-0.02093681388240143,0.02658610380844939,0.08273382007353791,-0.009725622707239867,0.01654570920757159,-0.008168994700012089,0.0020485094916968816,-0.026017195626562017,-0.007575724735732092
2026-06-17,0.00232996954996878,-0.004784368805437533,-0.004692538675717617,-0.028001905205072952,-0.07681517069365207,-0.1025128528172824,-0.07650946302483186,-0.018879356121698887,0.014027441819590036,-0.037077442721821785
2026-06-18,0.00046491068226073295,0.005681506855785612,0.036160676140196246,0.003906257350813069,0.0026595629040977453,0.05886091174540775,0.09154565000788972,0.08493688707223868,-0.0070330348157791045,-0.05096260624612403
2026-06-22,-0.01765804182304942,-0.02078663159072014,0.024081389288600263,-0.04523350096236112,-0.028040916568131125,0.0016526534613334753,-0.009318587738193829,-0.03931310279609734,0.026132677419841155,0.04892599544307563
2026-06-23,-0.002838196200316001,-0.0010725168323520995,-0.007628818662629877,0.05552731141127465,-0.019493177677818996,-0.02759856589808174,-0.033876361483618944,-0.0022342713941758685,-0.0026520976842037136,0.00341293891938399
2026-06-24,0.017077827877348017,0.006478842304634913,0.0007602647340285706,0.05260613595341934,-0.024652045379275345,0.04750889625271171,0.10441644715247689,0.09357693086851282,0.0240909785061183,-0.022675716120772793
2026-06-25,-0.02005598388361618,-0.008828051297732453,0.0015194387434274148,0.00045855032011044017,-0.05829597493465599,-0.025180483311051494,0.021591957504650816,0.007867180949848507,-0.0005331600449420826,0.1995359965039316
2026-06-26,0.03569728661730309,0.0049728953476717574,0.007922815693898633,0.047662694856381416,0.11255412720925251,-0.058157079329341665,-0.005502781971538195,0.01015830423158115,-0.005608784423295821,0.10251445360734213
2026-06-29,0.012408109141713197,0.008345678978954885,-0.02855710115543042,0.027996468061880497,0.00389099109542812,0.021972779151721467,0.026156965780456343,0.012278988226165355,-0.0702125134892595,0.09473683858292015
2026-06-30,0.002269597616983088,0.011792284660854246,-0.02380132076465491,-0.015744669545698864,-0.020930194734386953,0.03295666092107341,0.009374992695509121,-0.033566863710831285,-0.01612429042996555,0.013621801484736462
2026-07-01,0.025362294740822966,0.017156472619509033,0.013006467880588346,-0.03285773876514364,0.020190032631065113,0.03114559497512448,-0.004127922621366076,0.02943087291270996,0.020419437968784315,0.012648285052281771
2026-07-02,0.007950543729170034,0.013664495366924934,0.02794219325572933,-0.018328195029843508,0.004656535884872914,0.010755793399106928,0.03066137571304961,-0.006726922364454713,0.01483651948962783,-0.10148322780256103
2026-07-06,-0.002629249200033601,-0.0011935559761789838,-0.030315812623253224,-0.0018214093919685093,0.012359973054003381,0.0259475046485369,-0.000473159629691855,-0.013968250738880639,-0.055974860936196524,-0.011294536216837847
2026-07-07,-0.024604545707858083,-0.007380766438299657,-0.02571827473481847,-0.05930659091934032,0.02670739364329644,-0.041062794862613994,-0.03136096480330064,0.000751230892841459,0.009427378055819169,-0.024604545707858083
2026-07-08,-0.022522521748499114,-0.013880083709922442,-0.03549499393013,-0.05965088920577277,0.009661844309034384,-0.01674318105178929,-0.006780700250730742,-0.06981235534831598,-0.009646234881816262,0.0018017570632469226
2026-07-09,0.011520736922137065,0.0072531023830229024,0.009804379650231176,0.02784946088023954,-0.032388632988426425,0.01145271442495921,0.035303558782517674,0.040926944191690184,-0.01167648127738663,0.02787773586394371
2026-07-10,-0.01230070379858672,0.0030657917539655966,0.003036942670150422,0.020070283700875935,0.007036875599084391,-0.01921932155452777,-0.017703295283807763,-0.011739921894401761,0.026234867971820952,-0.04024497164174823
2026-07-13,0.016143928807333507,0.011727868845347045,-0.008624597031249182,0.004426916028592354,-0.0009442726409844004,-0.012760199664598737,-0.021348646198942167,-0.032052006082652795,0.0033028759631639204,-0.023701023022149492
2026-07-14,0.01815704067466295,-0.004074763565947159,-0.02188806502884766,-0.018609147415116767,-0.046880969478240275,0.08293582961714852,0.07866762545643402,0.027440025956017244,0.0035774863425550585,0.02801122219106622
2026-07-15,-0.007579138385241935,0.011004605515187116,-0.011732960140175552,0.030938084119226383,0.0015867083292351314,0.0029837893246360547,0.09000281398115928,0.033017809056901326,0.017387479200320133,-0.03360580180447992
2026-07-16,-0.015274040839709846,0.003488696444655437,0.038249822952318935,0.022265288387702142,-0.01623761771929144,0.0009917456842418737,-0.005518699796509319,-0.0020725953507881867,0.015580709314151786,-0.13909778648075277
2026-07-17,-0.0013686444589913194,0.004241310808637211,0.0022131857097589247,-0.011837097192716528,0.004025780227674858,-0.0469856658951614,-0.007029236212997891,-0.02372109443276893,0.011029160159494289,-0.018558960603255237
2026-07-20,-0.00593874666017935,-0.002077046376663394,-0.01398598305850407,-0.01724967169005731,-0.02485969630941809,-0.04752000478564955,-0.02091764867167001,-0.017355228582851212,0.009184465587030566,-0.017797536316534135
2026-07-21,0.0013787080114864292,0.0009713410456224647,-0.027575604050670166,-0.011701630409507224,-0.019325629903462427,0.02245092695835993,-0.0187007474774471,-0.03361445425966836,0.022086781259674115,0.01812002817605407
2026-07-22,-0.008719620287956253,-0.00824843977379297,0.008252968621850432,-0.010360204873098855,-0.04276731410688617,-0.04315342714300707,-0.030026028108599,-0.00601337721397277,0.03705984274159935,-0.004449384079133534
2026-07-23,-0.011574073869668577,-0.009854652250943285,-0.027459211623198754,-0.035892295927125506,-0.0008760603517524723,-0.04079683463411976,-0.05145921923173924,-0.019217113735896296,-0.04812252144691831,-0.03575415660824388
2026-07-24,-0.008430927492254714,0.0021176188016891473,0.008220750982402159,0.028955587390551596,0.008768117826485566,0.004485802690214147,0.05075862586006408,0.018142235056403333,0.012621026899121812,-0.01042875450688463
2026-07-27,0.01653284743544492,0.006691533000449557,-0.002135445529772295,0.029648247337148215,0.04780531814550004,0.05921273379532854,0.028995547399347288,0.12295080110001777,0.01038645284895745,-0.01405150891043383
2026-07-28,0.02973974795700096,0.006926990665041766,0.028064148066059946,0.0004879968205442342,0.021153057485318705,0.0316989186489014,-0.010525224543901812,0.00010580912260271802,0.026134680165472934,-0.03919238963371885
2026-07-29,-0.014440419540958982,0.009867265185256713,-0.025452948612884607,-0.03902436961006084,-0.002843281875981929,0.0037838656145716687,-0.008667229567838275,-0.05828223062059967,0.0003396081210385038,-0.034610655689392145
2026-07-30,0.0018314564056434168,-0.0016514518003176715,-0.029516004024071285,0.012690427822886097,-0.03380855191445753,-0.07358264611837873,-0.056375568923527686,0.008424126814369881,0.022337219043009338,0.08066576724961494
2026-07-31,-0.007312607566229201,-0.0005513945349365779,-0.020009003685282578,0.008521270189975283,-0.010118034488434513,0.014973990953877303,-0.004151389287854967,-0.05435506036722393,-0.023193987746759848,0.0071090548104002504
