Date,GME,ROKU,DKS,BBWI,DKNG,CVNA,RH,W,DDS,BB
2020-06-01,1.0325000286102295,112.94999694824219,30.407636642456055,11.723114013671875,43.70000076293945,18.3700008392334,212.57000732421875,167.1199951171875,22.28971290588379,4.920000076293945
2020-06-02,1.0449999570846558,110.81999969482422,31.525197982788086,11.907391548156738,41.27000045776367,21.823999404907227,248.25999450683594,188.6300048828125,24.117246627807617,5.360000133514404
2020-06-03,1.1100000143051147,103.95999908447266,30.641162872314453,12.977639198303223,40.15999984741211,21.47800064086914,255.25999450683594,181.61000061035156,26.0212345123291,5.210000038146973
2020-06-04,1.1174999475479126,102.93000030517578,30.732898712158203,12.651605606079102,40.529998779296875,20.399999618530273,248.41000366210938,177.55999755859375,25.63890838623047,5.230000019073486
2020-06-05,1.034999966621399,104.37999725341797,32.058963775634766,13.239887237548828,39.34000015258789,23.173999786376953,246.2100067138672,170.75999450683594,28.208148956298828,5.46999979019165
2020-06-08,1.252500057220459,112.94999694824219,32.83458709716797,13.686413764953613,38.0,22.72800064086914,253.9199981689453,175.99000549316406,28.666946411132812,5.789999961853027
2020-06-09,1.2400000095367432,113.25,32.71782302856445,12.793359756469727,39.40999984741211,22.709999084472656,252.00999450683594,172.42999267578125,26.71706771850586,5.610000133514404
2020-06-10,1.2675000429153442,113.80000305175781,31.70869255065918,12.375182151794434,39.11000061035156,23.760000228881836,244.5399932861328,182.3800048828125,24.04842758178711,5.570000171661377
2020-06-11,1.0924999713897705,106.94999694824219,30.165781021118164,10.971809387207031,36.279998779296875,21.45199966430664,229.6199951171875,178.6999969482422,20.898040771484375,5.03000020980835
2020-06-12,1.1799999475479126,108.06999969482422,32.86794662475586,11.092302322387695,36.880001068115234,22.242000579833984,235.82000732421875,184.75999450683594,22.855560302734375,5.25
2020-06-15,1.1725000143051147,107.48999786376953,32.6010627746582,11.000164031982422,41.790000915527344,22.86400032043457,245.8000030517578,193.19000244140625,20.569232940673828,4.989999771118164
2020-06-16,1.159999966621399,120.80999755859375,33.83537673950195,11.439600944519043,40.56999969482422,23.606000900268555,254.89999389648438,191.9600067138672,22.396766662597656,5.21999979019165
2020-06-17,1.190000057220459,117.31999969482422,34.202335357666016,10.957637786865234,40.720001220703125,23.79199981689453,251.82000732421875,202.8699951171875,21.028034210205078,5.099999904632568
2020-06-18,1.2374999523162842,127.79000091552734,34.21068572998047,11.071039199829102,40.84000015258789,24.59600067138672,254.25999450683594,200.64999389648438,21.050975799560547,5.079999923706055
2020-06-19,1.2200000286102295,128.5,33.11225891113281,10.263040542602539,42.0,25.224000930786133,250.1199951171875,209.99000549316406,20.141033172607422,5.059999942779541
2020-06-22,1.2174999713897705,129.77999877929688,34.74266052246094,10.38353157043457,38.255001068115234,25.47800064086914,254.3000030517578,208.05999755859375,19.858112335205078,5.119999885559082
2020-06-23,1.2074999809265137,127.87999725341797,34.82670974731445,10.411883354187012,37.9900016784668,25.52199935913086,255.11000061035156,207.52999877929688,19.81987953186035,5.099999904632568
2020-06-24,1.1024999618530273,123.3499984741211,34.38969039916992,9.823598861694336,37.560001373291016,22.450000762939453,249.72000122070312,200.7100067138672,19.437551498413086,4.920000076293945
2020-06-25,1.1150000095367432,123.5999984741211,33.97789001464844,10.014970779418945,36.06999969482422,23.43199920654297,254.25,205.1199951171875,18.994049072265625,4.849999904632568
2020-06-26,1.087499976158142,122.55000305175781,33.3727912902832,9.823598861694336,33.34000015258789,23.48200035095215,254.24000549316406,201.94000244140625,18.734066009521484,4.71999979019165
2020-06-29,1.0950000286102295,115.05000305175781,34.91914749145508,10.716652870178223,33.540000915527344,24.073999404907227,252.94000244140625,200.22999572753906,20.118927001953125,4.800000190734863
2020-06-30,1.0850000381469727,116.52999877929688,34.67543029785156,10.610339164733887,33.2599983215332,24.040000915527344,248.89999389648438,197.61000061035156,19.841949462890625,4.889999866485596
2020-07-01,1.1100000143051147,128.38999938964844,34.12916564941406,10.702478408813477,33.869998931884766,25.076000213623047,259.6600036621094,219.19000244140625,19.11875343322754,4.78000020980835
2020-07-02,1.0724999904632568,128.64999389648438,34.255218505859375,10.709564208984375,33.060001373291016,25.70599937438965,255.3300018310547,214.10000610351562,18.780229568481445,4.849999904632568
2020-07-06,1.059999942779541,132.02999877929688,34.364479064941406,11.071039199829102,32.41999816894531,26.88800048828125,259.29998779296875,221.44000244140625,18.68021011352539,5.019999980926514
2020-07-07,1.0225000381469727,130.4199981689453,33.44842529296875,10.737916946411133,30.600000381469727,26.621999740600586,257.5299987792969,225.49000549316406,18.010862350463867,4.800000190734863
2020-07-08,1.065000057220459,133.75999450683594,33.86863708496094,11.106478691101074,33.099998474121094,27.784000396728516,265.3399963378906,221.47999572753906,18.787925720214844,4.840000152587891
2020-07-09,1.0525000095367432,149.69000244140625,32.582801818847656,11.000164031982422,32.81999969482422,27.72800064086914,260.5899963378906,228.92999267578125,17.433839797973633,4.809999942779541
2020-07-10,1.0850000381469727,153.0500030517578,33.515655517578125,11.290759086608887,32.43000030517578,27.492000579833984,261.2300109863281,223.75999450683594,18.26474952697754,4.730000019073486
2020-07-13,1.065000057220459,149.05999755859375,32.566001892089844,11.616798400878906,29.5,25.309999465942383,258.42999267578125,210.8000030517578,17.733888626098633,4.579999923706055
2020-07-14,1.0199999809265137,150.36000061035156,32.71726989746094,11.808164596557617,30.21500015258789,27.190000534057617,267.2200012207031,220.2100067138672,17.749277114868164,4.579999923706055
2020-07-15,1.0475000143051147,154.2100067138672,34.12916564941406,12.786272048950195,32.560001373291016,27.29800033569336,279.8999938964844,217.9199981689453,18.934104919433594,4.710000038146973
2020-07-16,1.0425000190734863,153.30999755859375,34.69223403930664,13.083955764770508,35.63999938964844,27.389999389648438,281.8900146484375,219.85000610351562,19.257240295410156,4.650000095367432
2020-07-17,0.9900000095367432,148.36000061035156,34.45692443847656,13.11230754852295,35.36000061035156,28.219999313354492,285.6300048828125,215.8300018310547,19.01104164123535,4.800000190734863
2020-07-20,0.9624999761581421,150.4600067138672,34.10395050048828,12.956378936767578,35.40999984741211,28.968000411987305,280.2799987792969,229.8800048828125,18.764842987060547,4.989999771118164
2020-07-21,1.002500057220459,153.36000061035156,36.1125373840332,13.374553680419922,37.54999923706055,29.006000518798828,281.1300048828125,225.64999389648438,19.534212112426758,4.849999904632568
2020-07-22,1.027500033378601,152.1699981689453,37.3143310546875,13.757293701171875,37.75,29.83799934387207,285.0299987792969,226.0,18.941795349121094,4.789999961853027
2020-07-23,1.027500033378601,150.16000366210938,37.12944412231445,13.721854209899902,36.209999084472656,29.59000015258789,282.92999267578125,218.0,19.30339813232422,4.739999771118164
2020-07-24,1.0075000524520874,151.1699981689453,37.48240661621094,13.601361274719238,37.54999923706055,29.672000885009766,284.6499938964844,222.7899932861328,19.218765258789062,4.650000095367432
2020-07-27,1.002500057220459,155.97000122070312,38.692604064941406,13.580095291137695,35.1150016784668,30.166000366210938,291.8599853515625,231.41000366210938,18.38785171508789,4.690000057220459
2020-07-28,0.9850000143051147,148.75,37.94462966918945,13.551746368408203,34.630001068115234,30.275999069213867,278.80999755859375,227.0,18.79561996459961,4.659999847412109
2020-07-29,1.0149999856948853,151.57000732421875,39.331329345703125,18.343050003051758,35.88999938964844,31.091999053955078,285.3599853515625,241.85000610351562,19.18799591064453,4.869999885559082
2020-07-30,1.024999976158142,150.35000610351562,38.86907958984375,17.393295288085938,34.790000915527344,31.173999786376953,289.70001220703125,255.9199981689453,18.441707611083984,4.739999771118164
2020-07-31,1.002500057220459,154.88999938964844,38.33962631225586,17.301158905029297,33.375,30.989999771118164,287.42999267578125,266.0899963378906,18.118576049804688,4.739999771118164
2020-08-03,1.037500023841858,161.82000732421875,37.558040618896484,17.279895782470703,32.95000076293945,31.898000717163086,293.8900146484375,287.2799987792969,19.064895629882812,4.739999771118164
2020-08-04,1.1074999570846558,166.44000244140625,38.6841926574707,17.683895111083984,33.060001373291016,33.3380012512207,294.1199951171875,290.8500061035156,19.865036010742188,4.75
2020-08-05,1.1575000286102295,165.4199981689453,39.339717864990234,18.087902069091797,32.54999923706055,34.82400131225586,300.7799987792969,301.3999938964844,20.403593063354492,4.840000152587891
2020-08-06,1.1074999570846558,153.8699951171875,38.398468017578125,17.90361213684082,33.650001525878906,44.597999572753906,302.29998779296875,312.70001220703125,20.12662124633789,4.960000038146973
2020-08-07,1.0399999618530273,156.38999938964844,38.49089431762695,18.456457138061523,34.09000015258789,38.400001525878906,311.3299865722656,309.67999267578125,21.434541702270508,4.840000152587891
2020-08-10,1.0824999809265137,150.41000366210938,39.188446044921875,19.484176635742188,31.610000610351562,38.02399826049805,311.6400146484375,298.0,21.449926376342773,4.840000152587891
2020-08-11,1.087499976158142,146.41000366210938,39.43217086791992,19.087265014648438,32.040000915527344,37.529998779296875,304.5,309.1300048828125,21.957714080810547,4.789999961853027
2020-08-12,1.1299999952316284,146.97999572753906,38.776649475097656,19.136882781982422,33.7400016784668,38.64400100708008,310.2099914550781,301.739990234375,20.657485961914062,4.820000171661377
2020-08-13,1.159999966621399,149.97000122070312,38.885902404785156,18.81084442138672,36.04999923706055,38.68600082397461,315.0,314.2900085449219,20.819053649902344,4.889999866485596
2020-08-14,1.1875,146.85000610351562,38.91952133178711,18.81084442138672,33.90999984741211,39.33599853515625,313.9700012207031,309.989990234375,22.63475227355957,4.800000190734863
2020-08-17,1.1575000286102295,145.7100067138672,38.44048309326172,20.412675857543945,34.68000030517578,39.0,314.57000732421875,314.1000061035156,20.988311767578125,4.809999942779541
2020-08-18,1.2024999856948853,149.85000610351562,37.734535217285156,19.973230361938477,37.209999084472656,40.52199935913086,321.4700012207031,326.1000061035156,20.06507110595703,4.789999961853027
2020-08-19,1.1799999475479126,147.3699951171875,39.07079315185547,20.17877960205078,36.27000045776367,39.86199951171875,322.8999938964844,333.010009765625,20.68056297302246,4.78000020980835
2020-08-20,1.152500033378601,148.88999938964844,38.01186752319336,20.95842933654785,36.31999969482422,40.518001556396484,324.0299987792969,328.9599914550781,19.980438232421875,4.829999923706055
2020-08-21,1.2575000524520874,147.1300048828125,38.8942985534668,21.241939544677734,35.150001525878906,40.439998626708984,321.1099853515625,340.6600036621094,19.57267951965332,4.75
2020-08-24,1.2174999713897705,148.5800018310547,40.180137634277344,21.000957489013672,35.810001373291016,40.178001403808594,323.3399963378906,338.0,21.22681427001953,4.789999961853027
2020-08-25,1.2450000047683716,147.77000427246094,39.222068786621094,21.702646255493164,39.060001373291016,40.58599853515625,319.05999755859375,338.05999755859375,21.596107482910156,4.78000020980835
2020-08-26,1.277500033378601,164.27999877929688,45.37388610839844,21.80187225341797,38.86000061035156,41.56399917602539,324.6199951171875,342.3999938964844,21.70381736755371,5.079999923706055
2020-08-27,1.3125,160.97000122070312,44.54187774658203,21.21358871459961,39.060001373291016,41.60200119018555,326.30999755859375,331.2900085449219,21.93463134765625,5.03000020980835
2020-08-28,1.347499966621399,172.85000610351562,44.67634582519531,21.02931022644043,36.31999969482422,43.6879997253418,331.5400085449219,310.94000244140625,23.419511795043945,5.230000019073486
2020-08-31,1.6699999570846558,173.47999572753906,45.48313903808594,20.837940216064453,35.36000061035156,43.19200134277344,330.54998779296875,296.55999755859375,23.242551803588867,5.21999979019165
2020-09-01,1.912500023841858,179.27000427246094,47.56736755371094,22.35470962524414,36.93000030517578,45.4379997253418,340.8399963378906,306.8299865722656,23.419511795043945,5.579999923706055
2020-09-02,1.9275000095367432,178.32000732421875,47.17237091064453,22.149168014526367,39.900001525878906,44.59600067138672,335.8599853515625,300.2099914550781,23.63492774963379,5.519999980926514
2020-09-03,1.9550000429153442,166.89999389648438,46.03780746459961,20.99386978149414,38.27000045776367,39.70199966430664,320.0400085449219,275.70001220703125,24.265810012817383,5.179999828338623
2020-09-04,1.912500023841858,159.91000366210938,46.138668060302734,21.3624324798584,37.0,37.400001525878906,316.7300109863281,260.94000244140625,24.965932846069336,5.110000133514404
2020-09-08,1.9249999523162842,162.6300048828125,45.52516174316406,20.497726440429688,37.0099983215332,36.20000076293945,311.94000244140625,252.0800018310547,25.819934844970703,4.929999828338623
2020-09-09,1.837499976158142,161.17999267578125,47.38248062133789,20.263832092285156,40.380001068115234,35.97200012207031,321.0799865722656,258.30999755859375,25.789159774780273,4.920000076293945
2020-09-10,1.5575000047683716,159.44000244140625,47.23288345336914,19.852739334106445,42.540000915527344,35.72600173950195,385.4599914550781,264.6099853515625,25.296764373779297,4.800000190734863
2020-09-11,1.5225000381469727,155.4600067138672,47.545570373535156,19.84565544128418,41.459999084472656,34.847999572753906,381.45001220703125,252.27999877929688,25.881481170654297,4.75
2020-09-14,1.7274999618530273,157.72999572753906,48.42448425292969,20.58987045288086,48.619998931884766,34.310001373291016,380.5299987792969,266.70001220703125,26.850875854492188,4.820000171661377
2020-09-15,1.7725000381469727,168.52000427246094,48.54280471801758,20.547338485717773,48.209999084472656,34.38399887084961,374.239990234375,270.3399963378906,26.627763748168945,4.809999942779541
2020-09-16,2.1700000762939453,169.99000549316406,49.235782623291016,21.149795532226562,51.029998779296875,35.18000030517578,381.5400085449219,268.9599914550781,26.4661922454834,4.730000019073486
2020-09-17,2.299999952316284,164.6699981689453,49.480857849121094,21.49001121520996,53.11000061035156,33.28799819946289,379.5400085449219,269.3399963378906,26.789331436157227,4.730000019073486
2020-09-18,2.367500066757202,160.47000122070312,49.37945556640625,21.376602172851562,55.38999938964844,32.95600128173828,378.4200134277344,290.0899963378906,27.127851486206055,4.860000133514404
2020-09-21,2.1875,188.82000732421875,48.44983673095703,20.87337875366211,51.4900016784668,34.73400115966797,371.9700012207031,302.3800048828125,25.473718643188477,4.760000228881836
2020-09-22,2.640000104904175,193.7899932861328,47.43571090698242,21.653024673461914,53.939998626708984,45.36600112915039,371.9599914550781,304.1700134277344,24.25811767578125,4.940000057220459
2020-09-23,2.509999990463257,187.25,47.72304916381836,21.33407974243164,50.119998931884766,43.73400115966797,352.6600036621094,286.7200012207031,23.188695907592773,4.800000190734863
2020-09-24,2.2850000858306885,178.27000427246094,46.30327224731445,20.99386978149414,50.56999969482422,41.66999816894531,351.20001220703125,283.8599853515625,22.411638259887695,4.75
2020-09-25,2.505000114440918,182.42999267578125,47.23288345336914,21.497093200683594,53.189998626708984,40.652000427246094,354.5899963378906,293.739990234375,23.55799674987793,4.769999980926514
2020-09-28,2.5225000381469727,186.2899932861328,48.855499267578125,22.347620010375977,56.88999938964844,43.604000091552734,361.05999755859375,300.739990234375,24.073469161987305,4.610000133514404
2020-09-29,2.5875000953674316,187.8699951171875,48.280818939208984,21.51835823059082,55.7400016784668,45.20600128173828,375.32000732421875,294.6600036621094,25.9056453704834,4.630000114440918
2020-09-30,2.549999952316284,188.8000030517578,48.914649963378906,22.54608154296875,58.84000015258789,44.61199951171875,382.6199951171875,291.010009765625,28.232603073120117,4.590000152587891
2020-10-01,2.442500114440918,200.33999633789062,50.917545318603516,23.545452117919922,61.83000183105469,47.619998931884766,379.2799987792969,317.3800048828125,28.57274627685547,4.579999923706055
2020-10-02,2.3475000858306885,200.0,50.849937438964844,23.48166275024414,63.779998779296875,44.540000915527344,384.739990234375,305.3599853515625,29.330358505249023,4.440000057220459
2020-10-05,2.365000009536743,204.16000366210938,52.50634765625,23.53836441040039,60.54999923706055,45.00199890136719,379.3599853515625,309.7200012207031,30.258047103881836,4.5
2020-10-06,2.2825000286102295,204.8300018310547,50.63020324707031,22.893381118774414,56.779998779296875,42.93000030517578,361.9800109863281,295.760009765625,30.98473358154297,4.550000190734863
2020-10-07,2.3399999141693115,212.5500030517578,51.2978401184082,23.382434844970703,53.33000183105469,43.391998291015625,377.7200012207031,308.4800109863281,31.788728713989258,4.570000171661377
2020-10-08,3.372499942779541,223.83999633789062,51.91476821899414,23.091835021972656,51.130001068115234,42.79999923706055,376.0799865722656,304.07000732421875,32.37627029418945,4.599999904632568
2020-10-09,3.005000114440918,223.9499969482422,51.34855651855469,22.865032196044922,48.81999969482422,42.689998626708984,371.4599914550781,296.19000244140625,32.53087615966797,4.730000019073486
2020-10-12,2.950000047683716,221.67999267578125,51.32319259643555,22.7161865234375,50.599998474121094,41.900001525878906,365.4599914550781,293.989990234375,41.320709228515625,4.75
2020-10-13,2.9700000286102295,238.5749969482422,52.43027877807617,22.638227462768555,51.18000030517578,43.369998931884766,390.8500061035156,306.739990234375,36.08700942993164,5.139999866485596
2020-10-14,3.0625,233.0500030517578,52.67536163330078,22.666574478149414,47.560001373291016,42.64400100708008,389.3399963378906,293.8800048828125,35.63090133666992,5.079999923706055
2020-10-15,3.4574999809265137,226.47000122070312,53.283836364746094,23.821874618530273,45.0,44.87799835205078,389.6499938964844,298.0,35.692745208740234,5.159999847412109
2020-10-16,3.327500104904175,222.32000732421875,51.95702362060547,23.602153778076172,44.34000015258789,44.268001556396484,385.29998779296875,297.0799865722656,39.34164047241211,4.980000019073486
2020-10-19,3.4774999618530273,222.13999938964844,51.67814636230469,23.48166275024414,44.58000183105469,42.736000061035156,373.42999267578125,299.95001220703125,37.76457595825195,5.190000057220459
2020-10-20,3.4649999141693115,218.39999389648438,51.061214447021484,23.432048797607422,42.529998779296875,39.99599838256836,366.0199890136719,294.5400085449219,35.96332931518555,5.079999923706055
2020-10-21,3.5250000953674316,222.77999877929688,50.866844177246094,22.80832862854004,41.5,38.44599914550781,363.0,270.2699890136719,35.58449935913086,5.099999904632568
2020-10-22,3.7274999618530273,222.36000061035156,50.30906295776367,24.02741813659668,43.0,40.439998626708984,378.739990234375,265.8699951171875,36.659088134765625,5.130000114440918
2020-10-23,3.75,223.9600067138672,50.35133361816406,24.636966705322266,42.7400016784668,40.52799987792969,394.0799865722656,265.8500061035156,37.44761657714844,5.119999885559082
2020-10-26,3.362499952316284,218.4199981689453,49.42170333862305,24.21169662475586,39.689998626708984,40.2760009765625,365.20001220703125,271.3599853515625,37.37031555175781,4.880000114440918
2020-10-27,3.172499895095825,225.07000732421875,48.72872543334961,23.814783096313477,38.70000076293945,41.66400146484375,363.9700012207031,274.3399963378906,36.19523620605469,4.849999904632568
2020-10-28,2.9549999237060547,217.39999389648438,47.368099212646484,22.872119903564453,38.150001525878906,40.599998474121094,353.6000061035156,282.739990234375,35.08201217651367,4.570000171661377
2020-10-29,2.932499885559082,217.92999267578125,47.47797775268555,23.29737663269043,37.369998931884766,38.237998962402344,351.9700012207031,255.75999450683594,35.34486389160156,4.610000133514404
2020-10-30,2.617500066757202,202.39999389648438,47.87517166137695,22.687837600708008,35.400001525878906,37.06999969482422,335.2300109863281,248.02999877929688,34.57952117919922,4.489999771118164
2020-11-02,2.6875,206.8800048828125,47.562469482421875,23.403696060180664,35.720001220703125,37.00199890136719,341.1300048828125,255.63999938964844,34.154327392578125,4.480000019073486
2020-11-03,2.8924999237060547,203.49000549316406,48.77943801879883,23.906925201416016,37.470001220703125,38.20000076293945,359.739990234375,274.1099853515625,36.50447463989258,4.670000076293945
2020-11-04,2.7274999618530273,215.67999267578125,47.942771911621094,23.885663986206055,39.459999084472656,40.2400016784668,376.9800109863281,270.1499938964844,34.88102340698242,4.679999828338623
2020-11-05,2.862499952316284,225.05999755859375,48.018836975097656,24.12664794921875,43.029998779296875,40.902000427246094,389.44000244140625,297.2200012207031,35.33713150024414,4.860000133514404
2020-11-06,2.9649999141693115,253.36000061035156,47.7906608581543,23.616329193115234,42.31999969482422,42.0,388.82000732421875,301.1300048828125,35.275291442871094,4.829999923706055
2020-11-09,2.872499942779541,221.91000366210938,44.46095657348633,23.049312591552734,41.5,38.83000183105469,371.5400085449219,235.3300018310547,40.20748519897461,4.929999828338623
2020-11-10,2.7750000953674316,216.97999572753906,45.2975959777832,24.133731842041016,40.36000061035156,38.49800109863281,379.739990234375,242.7100067138672,38.33665466308594,5.019999980926514
2020-11-11,2.9375,231.42999267578125,45.34831237792969,24.197521209716797,41.63999938964844,41.45000076293945,409.8599853515625,251.74000549316406,35.5767822265625,5.190000057220459
2020-11-12,2.7825000286102295,230.89999389648438,43.48907470703125,23.432048797607422,41.25,42.948001861572266,393.75,250.5399932861328,34.78824234008789,4.989999771118164
2020-11-13,2.752500057220459,228.10000610351562,43.01582717895508,24.339277267456055,42.84000015258789,42.215999603271484,408.0799865722656,235.83999633789062,36.813697814941406,5.110000133514404
2020-11-16,3.015000104904175,232.6999969482422,44.689125061035156,24.636966705322266,42.72999954223633,42.00199890136719,407.7900085449219,235.41000366210938,38.88554000854492,5.190000057220459
2020-11-17,2.9075000286102295,237.1300048828125,45.08633041381836,25.126020431518555,46.61000061035156,44.31800079345703,420.0,239.05999755859375,38.8314094543457,5.289999961853027
2020-11-18,2.8924999237060547,231.99000549316406,45.88071823120117,23.821874618530273,47.68000030517578,44.83599853515625,414.7900085449219,234.66000366210938,36.489013671875,5.440000057220459
2020-11-19,3.115000009536743,255.6699981689453,47.30049133300781,28.0319881439209,49.31999969482422,45.400001525878906,432.7799987792969,248.5500030517578,36.72092056274414,5.360000133514404
2020-11-20,3.177500009536743,263.1400146484375,49.44706344604492,28.329673767089844,48.22999954223633,46.86000061035156,438.9200134277344,252.5399932861328,35.86281967163086,5.760000228881836
2020-11-23,3.4749999046325684,276.5799865722656,49.70059585571289,28.336761474609375,48.029998779296875,48.01599884033203,440.67999267578125,256.3900146484375,37.17704391479492,5.659999847412109
2020-11-24,3.4175000190734863,273.010009765625,49.85271453857422,28.131216049194336,47.88999938964844,47.34400177001953,438.6000061035156,241.72999572753906,36.659088134765625,5.699999809265137
2020-11-25,3.6875,278.05999755859375,50.75697326660156,27.60672378540039,50.22999954223633,47.63199996948242,449.45001220703125,250.55999755859375,36.91420364379883,5.909999847412109
2020-11-27,4.019999980926514,275.3399963378906,50.27526092529297,27.528759002685547,52.75,49.827999114990234,462.9200134277344,260.67999267578125,38.40623092651367,6.150000095367432
2020-11-30,4.139999866485596,293.57000732421875,48.0103874206543,27.507492065429688,52.36000061035156,50.04199981689453,453.1600036621094,254.36000061035156,36.14884948730469,5.869999885559082
2020-12-01,3.950000047683716,285.7099914550781,48.289268493652344,27.57128143310547,50.779998779296875,50.22600173950195,453.8999938964844,248.22000122070312,37.76457595825195,7.0
2020-12-02,4.144999980926514,281.3299865722656,48.373779296875,27.408267974853516,51.099998474121094,45.09000015258789,454.42999267578125,242.69000244140625,38.42169952392578,7.449999809265137
2020-12-03,4.03000020980835,289.1000061035156,48.17094039916992,27.18146324157715,50.060001373291016,45.58399963378906,458.1499938964844,239.77000427246094,39.735923767089844,7.460000038146973
2020-12-04,4.224999904632568,296.3800048828125,47.45261764526367,27.110580444335938,49.25,48.61800003051758,468.0,239.35000610351562,42.155635833740234,8.520000457763672
2020-12-07,4.087500095367432,299.9800109863281,46.92020034790039,28.521038055419922,47.93000030517578,51.7760009765625,468.80999755859375,236.6999969482422,38.9473762512207,8.25
2020-12-08,4.235000133514404,306.1300048828125,47.42726516723633,29.03135871887207,50.849998474121094,52.268001556396484,472.04998779296875,244.3000030517578,40.55535888671875,8.520000457763672
2020-12-09,3.4149999618530273,306.2300109863281,46.01593780517578,29.470802307128906,48.939998626708984,51.099998474121094,467.8299865722656,240.60000610351562,39.7436408996582,8.3100004196167
2020-12-10,3.5299999713897705,321.989990234375,46.40098571777344,29.073883056640625,50.11000061035156,52.09400177001953,452.8500061035156,244.25999450683594,40.478050231933594,8.369999885559082
2020-12-11,3.327500104904175,330.8699951171875,45.516998291015625,28.0248966217041,50.09000015258789,51.652000427246094,428.8800048828125,243.60000610351562,39.82868194580078,8.15999984741211
2020-12-14,3.180000066757202,324.32000732421875,44.93050765991211,27.075143814086914,50.58000183105469,50.194000244140625,426.67999267578125,253.47999572753906,38.46806716918945,8.25
2020-12-15,3.4625000953674316,320.1400146484375,45.109004974365234,27.86897087097168,50.5,51.20800018310547,437.70001220703125,272.2300109863281,39.78230285644531,8.300000190734863
2020-12-16,3.4625000953674316,325.82000732421875,44.32701110839844,27.429529190063477,53.79999923706055,52.19200134277344,439.5199890136719,273.0899963378906,39.68953323364258,8.239999771118164
2020-12-17,3.7074999809265137,329.4800109863281,44.836997985839844,27.776824951171875,55.20000076293945,54.39799880981445,443.6400146484375,285.05999755859375,40.19974899291992,8.260000228881836
2020-12-18,3.9075000286102295,340.7099914550781,44.59900665283203,27.379915237426758,53.900001525878906,53.24800109863281,458.2900085449219,276.7300109863281,40.39302062988281,6.949999809265137
2020-12-21,3.882499933242798,354.0,45.338497161865234,27.401180267333984,53.34000015258789,55.720001220703125,459.3299865722656,283.0,40.137901306152344,7.110000133514404
2020-12-22,4.864999771118164,354.7099914550781,47.06398010253906,26.933391571044922,52.400001525878906,58.30400085449219,464.5899963378906,284.8399963378906,41.08878707885742,7.190000057220459
2020-12-23,5.142499923706055,360.55999755859375,47.429473876953125,27.776824951171875,53.88999938964844,54.0,467.2099914550781,257.6400146484375,42.774085998535156,7.090000152587891
2020-12-24,5.037499904632568,356.989990234375,47.25096893310547,27.613815307617188,52.11000061035156,54.94200134277344,475.7200012207031,252.82000732421875,44.22745132446289,7.059999942779541
2020-12-28,5.247499942779541,340.4100036621094,48.661956787109375,27.514589309692383,48.959999084472656,50.29800033569336,455.07000732421875,238.22000122070312,47.938209533691406,6.880000114440918
2020-12-29,4.84499979019165,339.57000732421875,47.675968170166016,26.642791748046875,48.11000061035156,50.10200119018555,450.5199890136719,233.36000061035156,47.5439453125,6.769999980926514
2020-12-30,4.815000057220459,338.739990234375,47.90546798706055,26.954648971557617,48.95000076293945,50.06800079345703,449.4800109863281,230.6699981689453,49.48910140991211,6.670000076293945
2020-12-31,4.710000038146973,332.0199890136719,47.77796173095703,26.359283447265625,46.560001373291016,47.90800094604492,447.5199890136719,225.80999755859375,48.86138153076172,6.630000114440918
2021-01-04,4.3125,317.8999938964844,47.61647033691406,28.067428588867188,44.86000061035156,47.25400161743164,442.260009765625,236.4600067138672,44.947818756103516,6.579999923706055
2021-01-05,4.34250020980835,335.17999267578125,50.03044128417969,28.655712127685547,47.58000183105469,51.11600112915039,448.3500061035156,241.92999267578125,45.2113037109375,6.769999980926514
2021-01-06,4.590000152587891,342.95001220703125,52.72491455078125,30.867082595825195,48.994998931884766,50.16600036621094,468.0199890136719,241.8800048828125,44.91682052612305,6.710000038146973
2021-01-07,4.519999980926514,379.2900085449219,53.25190734863281,32.724063873291016,49.77000045776367,54.03200149536133,489.6099853515625,250.07000732421875,44.281349182128906,7.059999942779541
2021-01-08,4.422500133514404,399.1300048828125,54.64589309692383,33.135154724121094,52.0,55.6879997253418,484.45001220703125,258.3800048828125,44.90907669067383,7.559999942779541
2021-01-11,4.985000133514404,403.1300048828125,54.951881408691406,33.24856185913086,53.599998474121094,54.82600021362305,488.45001220703125,259.17999267578125,44.738582611083984,7.650000095367432
2021-01-12,4.987500190734863,415.2900085449219,57.07688522338867,33.517887115478516,53.38999938964844,57.6879997253418,508.80999755859375,279.6499938964844,43.049163818359375,7.630000114440918
2021-01-13,7.849999904632568,408.6000061035156,55.93787384033203,32.71696853637695,54.630001068115234,57.88600158691406,503.0899963378906,309.1000061035156,46.9704704284668,7.440000057220459
2021-01-14,9.977499961853027,418.4599914550781,57.01736831665039,31.880626678466797,54.91999816894531,59.36600112915039,515.5700073242188,329.8699951171875,52.36421203613281,9.109999656677246
2021-01-15,8.875,408.29998779296875,56.3798713684082,32.03656005859375,53.70000076293945,57.513999938964844,507.3599853515625,300.0,50.44229507446289,9.84000015258789
2021-01-19,9.84000015258789,434.1400146484375,55.96337127685547,32.41220474243164,51.290000915527344,55.0,500.989990234375,299.8500061035156,53.59640121459961,12.350000381469727
2021-01-20,9.779999732971191,428.5,57.08536911010742,32.29172134399414,53.18000030517578,53.97600173950195,502.2799987792969,294.0899963378906,53.72039031982422,12.789999961853027
2021-01-21,10.757499694824219,423.6400146484375,57.61235427856445,32.53269958496094,53.560001373291016,54.5099983215332,501.20001220703125,293.5199890136719,59.63335037231445,12.850000381469727
2021-01-22,16.252500534057617,422.8500061035156,57.90134811401367,32.093257904052734,52.529998779296875,54.694000244140625,502.0199890136719,299.94000244140625,61.842002868652344,14.039999961853027
2021-01-25,19.197500228881836,426.6400146484375,58.30935287475586,31.136417388916016,51.290000915527344,54.5620002746582,495.69000244140625,294.3399963378906,67.56121826171875,18.030000686645508
2021-01-26,36.994998931884766,403.3999938964844,58.266845703125,30.477258682250977,54.060001373291016,52.26599884033203,490.6000061035156,280.3399963378906,80.95257568359375,18.920000076293945
2021-01-27,86.87750244140625,402.260009765625,59.83934020996094,26.60735321044922,54.27000045776367,47.86199951171875,455.4800109863281,276.2300109863281,73.69891357421875,25.100000381469727
2021-01-28,48.400001525878906,404.010009765625,57.89285659790039,29.364486694335938,56.16999816894531,51.20199966430664,476.75,278.1400146484375,65.22083282470703,14.649999618530273
2021-01-29,81.25,389.0299987792969,56.95787811279297,28.889604568481445,54.11000061035156,52.237998962402344,475.3599853515625,272.32000732421875,68.0494384765625,14.100000381469727
2021-02-01,56.25,416.20001220703125,58.36884307861328,29.66925811767578,54.63999938964844,52.847999572753906,484.0400085449219,281.0299987792969,67.6619644165039,14.630000114440918
2021-02-02,22.5,418.75,59.55032730102539,31.263999938964844,59.310001373291016,56.130001068115234,480.17999267578125,284.79998779296875,62.92695617675781,11.550000190734863
2021-02-03,23.102500915527344,425.07000732421875,61.46282196044922,31.157678604125977,60.11000061035156,56.762001037597656,474.6199951171875,284.9700012207031,64.41487884521484,12.0
2021-02-04,13.375,432.67999267578125,62.94179916381836,34.07072830200195,63.15999984741211,56.90599822998047,487.760009765625,294.2799987792969,62.11323547363281,12.149999618530273
2021-02-05,15.942500114440918,439.8900146484375,64.29328918457031,35.00631332397461,63.869998931884766,57.630001068115234,486.92999267578125,289.29998779296875,62.71769714355469,13.229999542236328
2021-02-08,15.0,434.6300048828125,65.90827178955078,35.991512298583984,61.970001220703125,57.63199996948242,500.010009765625,289.4800109863281,62.74095916748047,13.760000228881836
2021-02-09,12.577500343322754,467.29998779296875,65.66175842285156,34.7086296081543,62.130001068115234,58.582000732421875,498.45001220703125,286.7799987792969,60.36957931518555,13.430000305175781
2021-02-10,12.800000190734863,469.69000244140625,66.04427337646484,34.30463790893555,62.709999084472656,59.58599853515625,498.0199890136719,287.0199890136719,62.74095916748047,13.100000381469727
2021-02-11,12.774999618530273,465.69000244140625,64.76078033447266,34.19831466674805,59.189998626708984,58.86800003051758,506.0799865722656,291.6099853515625,62.190731048583984,12.460000038146973
2021-02-12,13.100000381469727,468.6700134277344,63.73229217529297,33.46827697753906,61.06999969482422,59.209999084472656,491.8999938964844,292.9700012207031,62.547210693359375,13.039999961853027
2021-02-16,12.3774995803833,469.70001220703125,62.88230895996094,34.87873840332031,60.5,59.25,487.30999755859375,277.54998779296875,61.64051055908203,12.210000038146973
2021-02-17,11.484999656677246,456.9700012207031,61.84531021118164,34.43220520019531,58.86000061035156,59.12200164794922,483.69000244140625,273.260009765625,60.0750732421875,11.319999694824219
2021-02-18,10.172499656677246,452.989990234375,62.202301025390625,34.5952262878418,58.279998779296875,59.08000183105469,487.6400146484375,271.8999938964844,60.52456283569336,10.9399995803833
2021-02-19,10.147500038146973,467.30999755859375,63.443294525146484,35.67256164550781,60.90999984741211,61.74800109863281,505.20001220703125,292.7300109863281,60.65630340576172,10.899999618530273
2021-02-22,11.5,437.2799987792969,63.2477912902832,35.97024917602539,60.369998931884766,56.38800048828125,500.5199890136719,266.9599914550781,62.65571594238281,10.680000305175781
2021-02-23,11.242500305175781,415.8699951171875,62.27880859375,36.204139709472656,60.27000045776367,56.05400085449219,502.8699951171875,262.8999938964844,62.40772247314453,10.399999618530273
2021-02-24,22.927499771118164,413.7900085449219,63.817291259765625,36.60813903808594,60.279998779296875,56.987998962402344,509.25,258.1300048828125,61.56301498413086,11.319999694824219
2021-02-25,27.1825008392334,382.3399963378906,62.08331298828125,37.11137390136719,57.810001373291016,52.731998443603516,473.0799865722656,258.04998779296875,66.47626495361328,10.579999923706055
2021-02-26,25.434999465942383,395.4800109863281,60.66383361816406,38.74156188964844,61.529998779296875,56.70000076293945,490.3699951171875,288.9800109863281,61.76451110839844,10.050000190734863
2021-03-01,30.100000381469727,420.30999755859375,62.89930725097656,40.22289276123047,68.72000122070312,62.38399887084961,505.9599914550781,335.6499938964844,69.11112976074219,10.90999984741211
2021-03-02,29.545000076293945,389.6700134277344,62.00680923461914,39.563716888427734,68.58000183105469,62.96799850463867,487.3399963378906,320.07000732421875,66.79403686523438,10.5
2021-03-03,31.045000076293945,369.5,61.53932189941406,38.89748764038086,65.75,57.625999450683594,460.010009765625,295.5400085449219,68.52991485595703,10.149999618530273
2021-03-04,33.087501525878906,359.95001220703125,59.38034439086914,38.33046340942383,61.90999984741211,53.99800109863281,446.92999267578125,287.0,64.25987243652344,9.84000015258789
2021-03-05,34.435001373291016,353.5400085449219,60.93583679199219,39.464500427246094,59.52000045776367,52.30799865722656,449.0199890136719,295.6600036621094,65.80204772949219,9.449999809265137
2021-03-08,48.625,327.19000244140625,65.1772689819336,39.15264129638672,60.5,48.237998962402344,441.4599914550781,306.55999755859375,65.94154357910156,9.75
2021-03-09,61.724998474121094,361.1099853515625,61.046321868896484,38.63523864746094,62.20000076293945,52.08399963378906,458.1700134277344,318.6000061035156,65.59281921386719,10.449999809265137
2021-03-10,66.25,356.5400085449219,60.79982376098633,38.80534362792969,69.29000091552734,52.09000015258789,460.8699951171875,310.010009765625,66.31353759765625,10.34000015258789
2021-03-11,65.0,363.3399963378906,62.64429473876953,39.584991455078125,71.61000061035156,55.40800094604492,474.32000732421875,319.989990234375,68.0649642944336,10.699999809265137
2021-03-12,66.125,359.9599914550781,64.29328918457031,43.10050964355469,71.75,57.3380012512207,471.989990234375,316.260009765625,71.04855346679688,11.850000381469727
2021-03-15,55.03499984741211,362.9200134277344,66.55426788330078,43.0508918762207,67.75,56.891998291015625,465.30999755859375,324.0299987792969,72.81546020507812,11.680000305175781
2021-03-16,52.04249954223633,353.5799865722656,65.09227752685547,42.717769622802734,67.13999938964844,56.72999954223633,475.44000244140625,314.1700134277344,71.86225128173828,11.460000038146973
2021-03-17,52.45249938964844,368.7099914550781,66.8602523803711,43.32023239135742,70.6500015258789,57.25600051879883,477.0299987792969,321.6600036621094,74.34215545654297,11.600000381469727
2021-03-18,50.4375,341.95001220703125,66.28214263916016,42.63981246948242,67.61000061035156,52.5620002746582,485.8800048828125,325.9200134277344,74.0398941040039,10.760000228881836
2021-03-19,50.067501068115234,347.510009765625,68.80977630615234,42.90913391113281,71.9800033569336,53.84400177001953,515.6099853515625,335.3599853515625,75.8843002319336,10.949999809265137
2021-03-22,48.622501373291016,356.32000732421875,67.53742218017578,42.53348922729492,71.72000122070312,54.784000396728516,528.6599731445312,345.4700012207031,70.18060302734375,10.710000038146973
2021-03-23,45.4375,342.239990234375,64.31810760498047,40.74029541015625,69.75,54.83399963378906,508.5,335.92999267578125,69.15763092041016,10.069999694824219
2021-03-24,30.084999084472656,318.45001220703125,63.08843994140625,40.60563278198242,66.62999725341797,50.56999969482422,485.1099853515625,326.67999267578125,66.9489974975586,9.579999923706055
2021-03-25,45.9375,317.6199951171875,65.3769760131836,42.122406005859375,65.86000061035156,51.27199935913086,529.0800170898438,329.0400085449219,69.75436401367188,9.880000114440918
2021-03-26,45.25,306.82000732421875,66.7518081665039,43.66044616699219,63.599998474121094,51.79999923706055,578.1799926757812,343.67999267578125,73.07119750976562,9.630000114440918
2021-03-29,45.32500076293945,300.7900085449219,64.3095474243164,42.356300354003906,58.20000076293945,49.742000579833984,565.9000244140625,332.6400146484375,69.56063842773438,9.199999809265137
2021-03-30,48.6150016784668,311.9599914550781,66.17112731933594,44.56058120727539,61.0,50.900001525878906,600.0,317.0199890136719,72.31636047363281,9.34000015258789
2021-03-31,47.45500183105469,325.7699890136719,65.0268783569336,43.844722747802734,61.33000183105469,52.47999954223633,596.5999755859375,314.75,74.96338653564453,8.430000305175781
2021-04-01,47.86249923706055,331.8999938964844,67.69114685058594,43.80220031738281,62.880001068115234,53.06399917602539,595.6300048828125,338.0,71.80402374267578,8.600000381469727
2021-04-05,46.73749923706055,328.2900085449219,68.78416442871094,43.77383804321289,62.630001068115234,53.465999603271484,592.9299926757812,323.7300109863281,73.87661743164062,9.300000190734863
2021-04-06,46.125,359.3699951171875,70.03943634033203,43.9723014831543,63.79999923706055,55.52000045776367,607.469970703125,339.1499938964844,73.76017761230469,8.989999771118164
2021-04-07,44.49250030517578,361.9200134277344,69.46729278564453,45.56703567504883,62.09000015258789,53.459999084472656,587.5599975585938,325.9200134277344,74.87025451660156,8.90999984741211
2021-04-08,42.564998626708984,372.67999267578125,69.93697357177734,46.2120246887207,61.11000061035156,54.20000076293945,600.969970703125,332.2200012207031,74.67619323730469,9.4399995803833
2021-04-09,39.59000015258789,373.6600036621094,70.15898895263672,47.331886291503906,62.310001373291016,54.2599983215332,613.1599731445312,327.489990234375,77.75792694091797,9.130000114440918
2021-04-12,35.272499084472656,371.1199951171875,71.30326843261719,47.21139144897461,58.029998779296875,53.85599899291992,600.8599853515625,319.9700012207031,78.4177474975586,9.029999732971191
2021-04-13,35.247501373291016,387.9700012207031,70.17607879638672,46.60893630981445,59.2400016784668,55.34199905395508,596.3400268554688,318.2900085449219,75.83280944824219,9.100000381469727
2021-04-14,41.63249969482422,374.6600036621094,69.70640563964844,47.346073150634766,58.880001068115234,54.018001556396484,602.6699829101562,323.260009765625,75.12641143798828,9.0
2021-04-15,39.11000061035156,388.6400146484375,69.8430404663086,47.331886291503906,57.47999954223633,56.3380012512207,614.75,321.1199951171875,74.39672088623047,8.770000457763672
2021-04-16,38.67250061035156,376.5199890136719,72.02908325195312,47.374412536621094,57.97999954223633,55.018001556396484,634.5,321.6400146484375,76.75655364990234,8.699999809265137
2021-04-19,41.092498779296875,361.1499938964844,71.97787475585938,46.708168029785156,56.68000030517578,55.29999923706055,641.4400024414062,315.3299865722656,73.39535522460938,8.619999885559082
2021-04-20,39.63249969482422,354.8500061035156,70.75674438476562,45.44654846191406,55.709999084472656,52.5260009765625,636.0,314.0,72.7277603149414,8.210000038146973
2021-04-21,39.627498626708984,356.6199951171875,72.20842742919922,46.28999328613281,58.779998779296875,53.63600158691406,657.0,318.5,76.17434692382812,8.65999984741211
2021-04-22,37.79249954223633,350.05999755859375,72.19136047363281,46.82866668701172,57.16999816894531,53.00199890136719,654.3599853515625,307.7699890136719,77.4474105834961,8.640000343322754
2021-04-23,37.79499816894531,356.8699951171875,73.38685607910156,47.75716018676758,58.119998931884766,55.60200119018555,687.989990234375,308.17999267578125,78.28578186035156,8.850000381469727
2021-04-26,42.23249816894531,368.6300048828125,71.61920928955078,47.09799575805664,59.22999954223633,58.87799835205078,688.5,308.7799987792969,73.56610870361328,9.09000015258789
2021-04-27,44.442501068115234,360.6499938964844,71.53379821777344,47.90599060058594,59.130001068115234,58.95199966430664,712.3900146484375,310.260009765625,75.80952453613281,9.289999961853027
2021-04-28,44.64500045776367,357.739990234375,70.6286392211914,47.799678802490234,59.689998626708984,58.698001861572266,720.010009765625,311.0400085449219,76.33736419677734,9.300000190734863
2021-04-29,44.04750061035156,356.70001220703125,70.9872817993164,47.23974609375,57.459999084472656,57.74800109863281,705.4500122070312,306.79998779296875,77.7035903930664,9.0600004196167
2021-04-30,43.397499084472656,342.9700012207031,70.51763916015625,46.708168029785156,56.65999984741211,57.051998138427734,688.02001953125,295.57000732421875,76.77984619140625,8.829999923706055
2021-05-03,40.54999923706055,335.30999755859375,73.42100524902344,47.934349060058594,57.08000183105469,58.0,699.0499877929688,280.17999267578125,84.21639251708984,8.609999656677246
2021-05-04,40.182498931884766,319.5899963378906,74.6592025756836,46.672725677490234,56.130001068115234,57.84600067138672,687.2000122070312,274.0799865722656,79.52005004882812,8.359999656677246
2021-05-05,39.869998931884766,304.1700134277344,74.09558868408203,46.559322357177734,56.18000030517578,56.124000549316406,681.1599731445312,270.9700012207031,81.20449829101562,8.220000267028809
2021-05-06,40.252498626708984,284.17999267578125,74.91539001464844,46.73652267456055,51.88999938964844,52.689998626708984,684.969970703125,286.1300048828125,81.88761901855469,8.149999618530273
2021-05-07,40.27750015258789,317.0,76.56346893310547,47.693355560302734,48.41999816894531,49.5620002746582,701.0,305.489990234375,82.46208190917969,8.479999542236328
2021-05-10,35.80500030517578,301.4100036621094,75.99988555908203,48.75651931762695,45.34000015258789,48.43600082397461,680.3099975585938,321.1000061035156,81.12688446044922,8.130000114440918
2021-05-11,36.72999954223633,314.1199951171875,74.82146453857422,47.891822814941406,44.0099983215332,47.8380012512207,653.4299926757812,325.94000244140625,81.04927062988281,8.300000190734863
2021-05-12,36.1974983215332,308.0299987792969,71.2178726196289,45.92852020263672,42.11000061035156,45.30799865722656,625.010009765625,299.69000244140625,75.42914581298828,7.949999809265137
2021-05-13,41.125,309.6000061035156,72.61830139160156,46.60184860229492,40.9900016784668,44.77399826049805,629.6500244140625,295.2699890136719,79.27164459228516,7.940000057220459
2021-05-14,39.97999954223633,315.95001220703125,75.1117935180664,49.06837844848633,44.88999938964844,47.50600051879883,649.8200073242188,300.0,97.30414581298828,8.4399995803833
2021-05-17,45.150001525878906,312.42999267578125,75.58146667480469,49.9543571472168,43.5099983215332,45.3120002746582,633.3099975585938,301.6300048828125,109.7475814819336,8.489999771118164
2021-05-18,45.16749954223633,325.5299987792969,74.23224639892578,49.252662658691406,44.27000045776367,45.470001220703125,628.1199951171875,304.4200134277344,110.18232727050781,8.770000457763672
2021-05-19,42.20750045776367,320.8399963378906,73.39539337158203,47.70754623413086,43.439998626708984,45.630001068115234,616.3099975585938,302.4700012207031,100.95257568359375,8.539999961853027
2021-05-20,42.622501373291016,335.9800109863281,71.38865661621094,45.84346389770508,44.540000915527344,48.34199905395508,609.8800048828125,309.8900146484375,100.49456787109375,8.779999732971191
2021-05-21,44.1974983215332,330.6499938964844,71.12393188476562,45.921424865722656,44.630001068115234,49.284000396728516,605.9299926757812,310.6499938964844,104.08088684082031,8.520000457763672
2021-05-24,45.002498626708984,347.2200012207031,72.74640655517578,46.927886962890625,47.86000061035156,50.7599983215332,615.1099853515625,313.6600036621094,101.79869079589844,8.619999885559082
2021-05-25,52.35749816894531,345.70001220703125,71.87537384033203,47.18304443359375,48.41999816894531,51.959999084472656,638.0,311.760009765625,100.37813568115234,8.59000015258789
2021-05-26,60.63999938964844,348.989990234375,84.02684020996094,48.373779296875,49.459999084472656,51.82600021362305,638.5999755859375,324.8699951171875,102.6913833618164,9.4399995803833
2021-05-27,63.532501220703125,349.0299987792969,84.3342514038086,49.21722412109375,50.400001525878906,53.41400146484375,644.010009765625,320.1099853515625,103.36673736572266,9.970000267028809
2021-05-28,55.5,346.7099914550781,83.28390502929688,49.522003173828125,49.95000076293945,53.018001556396484,641.0499877929688,306.5400085449219,102.39640045166016,10.069999694824219
2021-06-01,62.255001068115234,347.7099914550781,83.17290496826172,50.174068450927734,49.56999969482422,54.62799835205078,636.3400268554688,318.0,106.23114013671875,11.5600004196167
2021-06-02,70.55999755859375,340.239990234375,82.66053009033203,48.317081451416016,50.970001220703125,55.72999954223633,623.3099975585938,332.8900146484375,125.42025756835938,15.25
2021-06-03,64.54499816894531,323.79998779296875,81.781005859375,46.93193435668945,49.709999084472656,54.779998779296875,611.5399780273438,325.5799865722656,121.25174713134766,15.880000114440918
2021-06-04,62.09000015258789,327.1199951171875,83.23268127441406,46.67620086669922,50.33000183105469,55.9739990234375,613.219970703125,321.0299987792969,124.57414245605469,13.859999656677246
2021-06-07,70.00250244140625,341.05999755859375,83.1216812133789,46.98164749145508,53.5099983215332,55.970001220703125,624.4199829101562,327.95001220703125,126.76322174072266,15.770000457763672
2021-06-08,75.0,340.1300048828125,85.32481384277344,46.7330322265625,55.29999923706055,55.26599884033203,628.8300170898438,333.0,134.8285369873047,15.800000190734863
2021-06-09,75.63999938964844,339.6400146484375,84.77830505371094,46.498619079589844,54.47999954223633,52.902000427246094,611.3300170898438,323.5,139.33082580566406,15.15999984741211
2021-06-10,55.09749984741211,347.80999755859375,83.43526458740234,46.54124069213867,53.650001525878906,53.33399963378906,707.1400146484375,328.1499938964844,129.28604125976562,13.890000343322754
2021-06-11,58.334999084472656,346.9800109863281,85.84363555908203,47.599647521972656,53.13999938964844,54.93199920654297,682.52001953125,323.2200012207031,131.17234802246094,14.180000305175781
2021-06-14,57.36000061035156,364.8599853515625,84.25806427001953,46.697513580322266,50.619998931884766,55.737998962402344,675.3099975585938,317.44000244140625,126.14990997314453,14.050000190734863
2021-06-15,55.625,339.8800048828125,81.5840072631836,45.93034744262695,48.5099983215332,54.63999938964844,662.3499755859375,309.3599853515625,126.11112213134766,13.989999771118164
2021-06-16,55.74250030517578,336.6700134277344,80.23841857910156,47.00296401977539,48.810001373291016,55.891998291015625,657.77001953125,306.67999267578125,126.46820831298828,12.880000114440918
2021-06-17,55.897499084472656,352.29998779296875,78.38715362548828,44.602020263671875,49.20000076293945,58.231998443603516,656.5499877929688,309.2200012207031,123.16912841796875,13.510000228881836
2021-06-18,53.45500183105469,368.42999267578125,78.59284973144531,44.59492111206055,48.060001373291016,58.86399841308594,653.4199829101562,303.20001220703125,119.55953216552734,12.899999618530273
2021-06-21,50.092498779296875,382.7300109863281,82.20966339111328,46.7330322265625,49.0,59.145999908447266,680.719970703125,304.05999755859375,125.51342010498047,12.800000190734863
2021-06-22,55.099998474121094,403.5,83.14389038085938,49.0771369934082,50.15999984741211,62.619998931884766,676.739990234375,307.510009765625,130.6677703857422,13.40999984741211
2021-06-23,54.834999084472656,421.70001220703125,84.33519744873047,50.48361587524414,50.529998779296875,62.94599914550781,685.4500122070312,309.489990234375,138.98928833007812,13.140000343322754
2021-06-24,53.07749938964844,423.5799865722656,84.5751724243164,51.24366760253906,51.060001373291016,60.902000427246094,677.1799926757812,319.19000244140625,141.97010803222656,12.680000305175781
2021-06-25,52.377498626708984,430.94000244140625,86.74356079101562,51.33600997924805,51.66999816894531,60.03200149536133,690.719970703125,321.5,142.35824584960938,12.119999885559082
2021-06-28,53.3125,440.3299865722656,84.93514251708984,50.412574768066406,52.709999084472656,61.09400177001953,689.3699951171875,317.4200134277344,143.28199768066406,12.800000190734863
2021-06-29,52.720001220703125,440.4800109863281,86.46070861816406,50.58304214477539,52.029998779296875,60.34400177001953,689.77001953125,308.3999938964844,137.91372680664062,12.239999771118164
2021-06-30,53.53499984741211,459.25,85.86933898925781,51.18684005737305,52.16999816894531,60.36399841308594,679.0,315.7099914550781,140.5240478515625,12.220000267028809
2021-07-01,51.09000015258789,435.6700134277344,86.99210357666016,52.252349853515625,51.79999923706055,61.60200119018555,690.5399780273438,307.5,145.6126708984375,12.170000076293945
2021-07-02,50.70750045776367,430.32000732421875,86.10073852539062,52.60041809082031,51.279998779296875,62.41600036621094,689.8800048828125,301.010009765625,142.89353942871094,11.989999771118164
2021-07-06,49.88999938964844,435.17999267578125,83.79524230957031,52.195526123046875,51.4900016784668,63.24800109863281,690.7000122070312,306.5,139.60728454589844,12.069999694824219
2021-07-07,47.665000915527344,419.010009765625,84.4123306274414,51.32180404663086,48.75,63.375999450683594,708.3599853515625,307.0899963378906,140.36868286132812,11.4399995803833
2021-07-08,47.845001220703125,420.2799987792969,84.08663940429688,50.70381546020508,48.2599983215332,64.50199890136719,692.969970703125,302.010009765625,139.6151123046875,11.550000190734863
2021-07-09,47.807498931884766,431.6099853515625,86.82923889160156,52.209720611572266,49.09000015258789,64.68399810791016,706.2999877929688,303.8999938964844,142.6682586669922,11.789999961853027
2021-07-12,47.3125,433.4100036621094,85.98075103759766,54.383358001708984,49.15999984741211,64.8239974975586,713.52001953125,301.79998779296875,145.1232452392578,11.25
2021-07-13,45.01499938964844,427.1199951171875,85.71507263183594,52.650123596191406,47.72999954223633,64.61399841308594,708.3300170898438,288.7300109863281,143.6549072265625,11.079999923706055
2021-07-14,41.904998779296875,413.0,86.7692642211914,53.3604736328125,44.849998474121094,62.88600158691406,680.0900268554688,280.4800109863281,140.46966552734375,10.65999984741211
2021-07-15,41.70500183105469,406.0,84.77230072021484,52.71405792236328,44.83000183105469,62.2400016784668,667.739990234375,286.7200012207031,138.3798065185547,10.569999694824219
2021-07-16,42.2599983215332,399.989990234375,81.59257507324219,51.67697525024414,43.790000915527344,62.65399932861328,661.6400146484375,280.010009765625,134.7905731201172,10.109999656677246
2021-07-19,43.372501373291016,407.70001220703125,81.29261016845703,49.737762451171875,44.65999984741211,62.20800018310547,651.8800048828125,289.32000732421875,127.77523040771484,9.880000114440918
2021-07-20,47.79499816894531,417.20001220703125,84.13806915283203,52.89165115356445,45.81999969482422,65.06800079345703,659.780029296875,297.7699890136719,132.55313110351562,10.619999885559082
2021-07-21,46.45249938964844,422.1300048828125,86.9492416381836,53.815086364746094,48.880001068115234,66.33999633789062,673.6099853515625,292.2099914550781,142.20208740234375,10.819999694824219
2021-07-22,44.712501525878906,420.6499938964844,86.80353546142578,54.23418045043945,49.2400016784668,67.0459976196289,675.0399780273438,288.1400146484375,143.80250549316406,10.380000114440918
2021-07-23,45.09000015258789,473.6499938964844,89.48614501953125,55.29969024658203,49.33000183105469,67.78399658203125,685.0,285.510009765625,141.5961456298828,10.180000305175781
2021-07-26,45.98500061035156,479.5,89.14332580566406,55.02265548706055,49.220001220703125,67.3280029296875,677.7100219726562,284.0400085449219,144.3541259765625,10.15999984741211
2021-07-27,44.6349983215332,459.3699951171875,88.17485046386719,55.07238006591797,48.77000045776367,67.39800262451172,673.0700073242188,274.6400146484375,140.68719482421875,9.90999984741211
2021-07-28,42.279998779296875,468.3500061035156,88.04627990722656,55.00135040283203,50.650001525878906,67.86399841308594,673.1199951171875,274.4100036621094,142.51290893554688,10.770000457763672
2021-07-29,41.21500015258789,449.6000061035156,90.08609771728516,56.45752716064453,49.790000915527344,67.83799743652344,669.760009765625,261.95001220703125,141.24658203125,10.350000381469727
2021-07-30,40.279998779296875,428.30999755859375,89.25473022460938,56.87663650512695,48.5,67.51200103759766,664.0800170898438,241.36000061035156,142.3808135986328,10.15999984741211
2021-08-02,39.412498474121094,421.3699951171875,90.11180877685547,56.77008819580078,49.0,66.79000091552734,657.77001953125,242.3699951171875,137.5097198486328,10.100000381469727
2021-08-03,38.1875,417.79998779296875,92.77729034423828,57.9932861328125,48.38999938964844,66.4739990234375,660.97998046875,249.49000549316406,136.97366333007812,10.170000076293945
2021-08-04,36.70000076293945,420.32000732421875,89.72611999511719,54.42581558227539,48.66999816894531,66.18199920654297,676.0800170898438,251.0500030517578,127.93836212158203,9.869999885559082
2021-08-05,38.36000061035156,403.4800109863281,92.37446594238281,54.75972366333008,50.47999954223633,67.4000015258789,679.97998046875,276.1600036621094,133.57861328125,10.430000305175781
2021-08-06,37.942501068115234,391.4700012207031,92.17733764648438,54.188568115234375,51.59000015258789,69.12999725341797,674.989990234375,263.82000732421875,135.90151977539062,10.289999961853027
2021-08-09,40.282501220703125,397.7300109863281,91.55168914794922,54.0216178894043,52.36000061035156,71.26799774169922,688.8400268554688,278.8299865722656,136.25112915039062,10.40999984741211
2021-08-10,39.76250076293945,379.260009765625,93.27438354492188,54.92667007446289,51.97999954223633,74.0199966430664,719.7000122070312,285.2099914550781,142.21766662597656,10.369999885559082
2021-08-11,39.69499969482422,369.2099914550781,93.04298400878906,55.576900482177734,52.18000030517578,72.13999938964844,733.4400024414062,310.0799865722656,141.5106964111328,10.319999694824219
2021-08-12,40.587501525878906,369.5199890136719,93.83148193359375,54.935455322265625,54.61000061035156,71.62999725341797,738.52001953125,316.57000732421875,148.7591094970703,10.170000076293945
2021-08-13,40.630001068115234,357.5899963378906,93.43720245361328,53.424110412597656,53.5,72.19599914550781,722.9400024414062,311.8800048828125,152.4337921142578,9.880000114440918
2021-08-16,40.98249816894531,356.5799865722656,95.7684326171875,54.443397521972656,52.459999084472656,72.30000305175781,714.97998046875,299.7799987792969,159.43353271484375,9.670000076293945
2021-08-17,40.88750076293945,357.0400085449219,90.78031158447266,51.991859436035156,51.11000061035156,70.45800018310547,688.030029296875,298.3800048828125,150.7556915283203,9.670000076293945
2021-08-18,39.26250076293945,344.7200012207031,90.5917739868164,52.229103088378906,52.099998474121094,70.13200378417969,683.719970703125,280.5,149.98658752441406,10.079999923706055
2021-08-19,38.224998474121094,343.3500061035156,90.01752471923828,57.708351135253906,51.540000915527344,69.98999786376953,673.3400268554688,283.69000244140625,150.3284149169922,9.5600004196167
2021-08-20,39.82500076293945,351.20001220703125,94.12288665771484,58.369041442871094,52.0099983215332,69.9520034790039,690.8400268554688,290.5199890136719,155.7744140625,9.630000114440918
2021-08-23,41.22249984741211,358.0,95.8113021850586,59.54063034057617,53.31999969482422,71.51599884033203,693.739990234375,287.0199890136719,156.86978149414062,10.140000343322754
2021-08-24,52.5724983215332,356.82000732421875,98.03965759277344,60.21013641357422,56.470001220703125,70.6780014038086,701.2999877929688,286.0299987792969,161.38352966308594,11.100000381469727
2021-08-25,49.912498474121094,353.4700012207031,111.07563018798828,60.06037902832031,60.11000061035156,70.87799835205078,708.260009765625,288.6300048828125,158.6566619873047,10.739999771118164
2021-08-26,51.30500030517578,352.0,115.68663787841797,59.760868072509766,57.86000061035156,70.3479995727539,709.5,290.8399963378906,154.48477172851562,10.8100004196167
2021-08-27,51.23749923706055,357.0299987792969,118.70347595214844,60.37751770019531,60.0099983215332,67.50399780273438,706.5399780273438,291.1199951171875,156.45806884765625,11.300000190734863
2021-08-30,52.29999923706055,355.8999938964844,121.71177673339844,60.80916213989258,59.25,67.552001953125,716.75,291.8599853515625,153.70790100097656,11.210000038146973
2021-08-31,54.560001373291016,352.3999938964844,120.68331146240234,59.443748474121094,59.290000915527344,65.61199951171875,700.6699829101562,280.75,147.96669006347656,11.40999984741211
2021-09-01,53.24250030517578,368.1000061035156,123.1602554321289,58.3514289855957,60.209999084472656,66.09600067138672,704.6900024414062,279.07000732421875,151.02761840820312,11.680000305175781
2021-09-02,53.380001068115234,346.489990234375,122.07173919677734,57.80524826049805,61.06999969482422,64.00399780273438,672.0,274.29998779296875,152.84552001953125,11.25
2021-09-03,50.6875,342.2699890136719,124.437255859375,57.787635803222656,61.02000045776367,65.73200225830078,678.6300048828125,273.5400085449219,156.77659606933594,11.069999694824219
2021-09-07,49.75,344.67999267578125,120.15193939208984,57.24148178100586,63.58000183105469,66.03600311279297,664.260009765625,269.7099914550781,156.95530700683594,10.829999923706055
2021-09-08,49.70000076293945,334.6400146484375,115.08668518066406,56.801025390625,63.38999938964844,65.77999877929688,672.6500244140625,263.9800109863281,154.98976135253906,10.390000343322754
2021-09-09,49.79499816894531,338.4599914550781,118.50138854980469,56.845062255859375,63.66999816894531,65.76200103759766,725.0,265.8900146484375,152.65127563476562,10.729999542236328
2021-09-10,47.602500915527344,328.29998779296875,118.42066955566406,56.06105422973633,62.459999084472656,65.94400024414062,694.469970703125,262.2300109863281,150.2506866455078,10.420000076293945
2021-09-13,50.849998474121094,322.82000732421875,116.8962631225586,56.281280517578125,60.459999084472656,65.21199798583984,700.9500122070312,268.1499938964844,154.7100372314453,10.470000267028809
2021-09-14,49.810001373291016,316.760009765625,117.05767059326172,55.85844802856445,59.04999923706055,65.81400299072266,690.9400024414062,266.3699951171875,155.991943359375,10.039999961853027
2021-09-15,51.130001068115234,318.7300109863281,119.80165100097656,57.364803314208984,59.84000015258789,65.97200012207031,684.989990234375,276.3999938964844,157.94972229003906,10.130000114440918
2021-09-16,51.592498779296875,323.0899963378906,119.64916229248047,58.58927917480469,59.970001220703125,68.447998046875,685.4400024414062,277.8699951171875,157.35147094726562,10.15999984741211
2021-09-17,51.24250030517578,324.1000061035156,119.56847381591797,58.43949890136719,60.41999816894531,66.0199966430664,672.1500244140625,286.260009765625,155.32379150390625,10.029999732971191
2021-09-20,48.04999923706055,316.010009765625,118.28619384765625,56.75697326660156,57.0,65.30000305175781,667.25,280.6099853515625,154.98976135253906,9.430000305175781
2021-09-21,47.48749923706055,319.0,118.88697814941406,56.75697326660156,52.77000045776367,63.64400100708008,673.6599731445312,279.260009765625,155.09072875976562,9.369999885559082
2021-09-22,47.53499984741211,324.7699890136719,120.8508071899414,58.509979248046875,52.630001068115234,64.21199798583984,685.3699951171875,277.57000732421875,163.13934326171875,9.5600004196167
2021-09-23,47.810001373291016,334.5199890136719,121.25431823730469,59.390892028808594,51.75,63.849998474121094,686.2100219726562,275.0,163.19369506835938,10.600000381469727
2021-09-24,46.290000915527344,321.8900146484375,117.80194091796875,59.364471435546875,51.33000183105469,64.39800262451172,686.6799926757812,274.5899963378906,161.5078887939453,10.380000114440918
2021-09-27,47.369998931884766,321.239990234375,117.30875396728516,60.45679473876953,51.38999938964844,63.82400131225586,704.52001953125,285.3599853515625,158.3692169189453,10.140000343322754
2021-09-28,44.650001525878906,310.57000732421875,115.3718490600586,59.241127014160156,49.93000030517578,61.15599822998047,683.760009765625,278.2200012207031,157.2893524169922,9.789999961853027
2021-09-29,43.97999954223633,302.9200134277344,113.95502471923828,59.39970397949219,48.31999969482422,61.1619987487793,695.02001953125,270.8500061035156,155.819580078125,9.600000381469727
2021-09-30,43.86750030517578,313.3500061035156,107.4000015258789,55.523704528808594,48.15999984741211,60.30799865722656,666.9099731445312,255.50999450683594,134.1617431640625,9.729999542236328
2021-10-01,44.227500915527344,314.4599914550781,109.14860534667969,56.37819290161133,50.560001373291016,60.566001892089844,646.4500122070312,253.07000732421875,136.54139709472656,9.699999809265137
2021-10-04,42.84000015258789,296.8599853515625,108.9423599243164,55.8408317565918,48.459999084472656,58.81399917602539,631.7000122070312,239.49000549316406,143.98358154296875,9.600000381469727
2021-10-05,43.04499816894531,304.510009765625,105.90248107910156,56.105098724365234,49.290000915527344,57.35599899291992,635.5,241.35000610351562,147.7552490234375,9.520000457763672
2021-10-06,42.76750183105469,321.69000244140625,105.45414733886719,54.95111083984375,48.9900016784668,57.152000427246094,630.010009765625,240.67999267578125,150.40701293945312,9.359999656677246
2021-10-07,43.029998779296875,324.4700012207031,107.62418365478516,56.131534576416016,49.369998931884766,57.0620002746582,652.47998046875,243.38999938964844,155.7262420654297,9.600000381469727
2021-10-08,43.16999816894531,323.3599853515625,104.1359634399414,56.078670501708984,47.90999984741211,56.486000061035156,646.8099975585938,242.1699981689453,154.91748046875,9.390000343322754
2021-10-11,44.525001525878906,319.6000061035156,101.57134246826172,55.074440002441406,48.880001068115234,56.54800033569336,638.0599975585938,234.22000122070312,154.89413452148438,9.279999732971191
2021-10-12,43.95500183105469,320.0,102.83572387695312,55.85844802856445,48.939998626708984,56.29600143432617,645.5900268554688,234.27000427246094,156.3250274658203,9.34000015258789
2021-10-13,46.01499938964844,329.2200012207031,107.55245208740234,56.959590911865234,49.81999969482422,56.507999420166016,638.6199951171875,235.4600067138672,157.46043395996094,9.8100004196167
2021-10-14,45.95750045776367,328.9200134277344,106.82611083984375,57.884525299072266,49.36000061035156,56.816001892089844,653.530029296875,242.10000610351562,157.7014923095703,10.260000228881836
2021-10-15,45.81999969482422,324.3800048828125,107.37311553955078,57.162193298339844,48.08000183105469,57.4119987487793,659.0700073242188,239.77000427246094,159.68455505371094,10.34000015258789
2021-10-18,46.505001068115234,344.4599914550781,110.95103454589844,58.37784957885742,48.650001525878906,57.78799819946289,689.6300048828125,242.3300018310547,172.88917541503906,10.100000381469727
2021-10-19,46.6974983215332,344.45001220703125,108.26085662841797,58.228084564208984,48.84000015258789,58.16999816894531,674.97998046875,249.02999877929688,171.36497497558594,11.520000457763672
2021-10-20,46.130001068115234,338.92999267578125,106.66471099853516,59.66398620605469,49.09000015258789,57.805999755859375,678.469970703125,247.88999938964844,171.79269409179688,11.40999984741211
2021-10-21,45.4275016784668,333.8299865722656,111.14828491210938,60.8267822265625,48.91999816894531,60.35200119018555,672.4099731445312,243.8300018310547,172.4537353515625,11.300000190734863
2021-10-22,42.45000076293945,321.8800048828125,112.82516479492188,61.2672233581543,46.11000061035156,59.518001556396484,667.5700073242188,236.47000122070312,176.22532653808594,10.920000076293945
2021-10-25,43.49250030517578,323.19000244140625,114.69033813476562,62.4917106628418,46.81999969482422,58.44599914550781,669.280029296875,235.1300048828125,182.23667907714844,11.039999961853027
2021-10-26,44.459999084472656,324.010009765625,111.51594543457031,62.694297790527344,48.75,58.3120002746582,659.3200073242188,236.0,181.6767120361328,10.829999923706055
2021-10-27,43.377498626708984,316.57000732421875,109.57006072998047,60.35989761352539,47.83000183105469,58.305999755859375,653.52001953125,230.1300048828125,172.43035888671875,10.569999694824219
2021-10-28,45.712501525878906,320.55999755859375,110.62820434570312,61.01176452636719,47.18000030517578,59.59199905395508,659.469970703125,250.50999450683594,176.63751220703125,10.789999961853027
2021-10-29,45.877498626708984,304.8999938964844,111.38145446777344,60.862003326416016,46.59000015258789,60.63600158691406,659.6300048828125,249.10000610351562,179.74815368652344,10.800000190734863
2021-11-01,50.022499084472656,317.7200012207031,108.34156036376953,63.108333587646484,49.02000045776367,60.38399887084961,669.1500244140625,252.52000427246094,184.21192932128906,11.369999885559082
2021-11-02,51.747501373291016,313.4100036621094,111.45317077636719,63.5752067565918,47.599998474121094,60.060001373291016,659.4299926757812,257.25,199.50843811035156,11.399999618530273
2021-11-03,54.58250045776367,313.6600036621094,117.94542694091797,66.06819152832031,46.84000015258789,60.28200149536133,676.5800170898438,268.8999938964844,219.15992736816406,11.729999542236328
2021-11-04,54.459999084472656,289.3900146484375,116.15198516845703,66.85220336914062,44.68000030517578,60.11800003051758,662.5700073242188,255.57000732421875,222.93931579589844,10.9399995803833
2021-11-05,53.3125,278.6199951171875,116.25957489013672,66.34125518798828,43.619998931884766,59.577999114990234,660.0900268554688,246.22000122070312,235.6307373046875,11.050000190734863
2021-11-08,54.65999984741211,277.1700134277344,116.87833404541016,66.05937957763672,44.779998779296875,58.54600143432617,657.989990234375,244.1999969482422,232.5200653076172,11.279999732971191
2021-11-09,51.650001525878906,279.7699890136719,121.17364501953125,66.28841400146484,43.04999923706055,59.16999816894531,652.27001953125,250.61000061035156,240.57662963867188,11.1899995803833
2021-11-10,49.79750061035156,274.6000061035156,116.64518737792969,65.46915435791016,41.08000183105469,57.45199966430664,636.739990234375,240.92999267578125,230.18704223632812,10.479999542236328
2021-11-11,51.08000183105469,271.7900085449219,116.8962631225586,66.63197326660156,40.709999084472656,57.25600051879883,635.4299926757812,244.07000732421875,253.2135009765625,10.539999961853027
2021-11-12,50.525001525878906,275.3800048828125,117.63154602050781,65.93605041503906,40.5099983215332,58.88600158691406,635.6599731445312,258.010009765625,255.42994689941406,10.779999732971191
2021-11-15,52.28499984741211,274.7900085449219,120.55489349365234,65.90081024169922,39.36000061035156,59.63600158691406,649.2899780273438,253.52999877929688,266.0605163574219,10.819999694824219
2021-11-16,51.79499816894531,276.4599914550781,123.79200744628906,66.75529479980469,39.279998779296875,60.15800094604492,651.0,268.4599914550781,280.2294921875,11.220000267028809
2021-11-17,52.5,245.11000061035156,121.07498931884766,65.7158432006836,37.869998931884766,58.448001861572266,624.010009765625,263.2799987792969,273.6737976074219,10.960000038146973
2021-11-18,52.529998779296875,235.85000610351562,125.76480865478516,69.17593383789062,36.619998931884766,57.7239990234375,643.0499877929688,258.80999755859375,286.47412109375,10.630000114440918
2021-11-19,57.20000076293945,234.10000610351562,124.2762680053711,67.44588470458984,36.13999938964844,58.34400177001953,644.8900146484375,274.80999755859375,280.1672668457031,10.4399995803833
2021-11-22,61.88750076293945,230.97999572753906,125.79173278808594,66.3689956665039,36.790000915527344,56.9379997253418,627.1099853515625,258.5299987792969,294.6395263671875,10.09000015258789
2021-11-23,53.474998474121094,226.05999755859375,120.65351867675781,66.66912078857422,35.040000915527344,56.402000427246094,604.4500122070312,259.79998779296875,318.95697021484375,10.109999656677246
2021-11-24,52.94499969482422,231.4499969482422,114.1523208618164,66.03358459472656,35.58000183105469,58.040000915527344,605.1799926757812,279.32000732421875,293.698486328125,10.210000038146973
2021-11-26,49.93000030517578,235.16000366210938,115.22837829589844,65.8570556640625,36.040000915527344,58.22200012207031,599.3400268554688,276.4200134277344,275.96343994140625,9.970000267028809
2021-11-29,50.502498626708984,231.27999877929688,110.20674133300781,66.96923828125,35.20000076293945,58.39400100708008,596.780029296875,267.510009765625,275.2750549316406,9.850000381469727
2021-11-30,49.0525016784668,227.61000061035156,105.41825103759766,66.3160400390625,34.54999923706055,56.08399963378906,583.1799926757812,247.83999633789062,221.81051635742188,9.520000457763672
2021-12-01,44.959999084472656,207.75,102.71913146972656,63.20015335083008,31.239999771118164,53.30799865722656,564.8599853515625,244.13999938964844,220.41766357421875,8.880000114440918
2021-12-02,45.38999938964844,210.25999450683594,102.14522552490234,65.76876831054688,31.299999237060547,53.130001068115234,560.75,236.42999267578125,220.85488891601562,9.279999732971191
2021-12-03,43.09749984741211,205.5500030517578,99.41921997070312,64.40061950683594,28.3700008392334,52.27000045776367,537.1400146484375,234.41000366210938,203.08741760253906,8.9399995803833
2021-12-06,41.779998779296875,210.16000366210938,95.80542755126953,65.45985412597656,30.68000030517578,52.624000549316406,562.52001953125,221.3000030517578,199.30555725097656,9.029999732971191
2021-12-07,44.45249938964844,216.60000610351562,97.58094024658203,67.03983306884766,31.270000457763672,52.79800033569336,576.3400268554688,230.13999938964844,206.68304443359375,9.289999961853027
2021-12-08,43.412498474121094,256.0799865722656,98.91706085205078,67.43704986572266,33.380001068115234,53.57400131225586,576.9600219726562,237.97999572753906,215.80166625976562,9.3100004196167
2021-12-09,38.939998626708984,235.08999633789062,101.79618072509766,66.22777557373047,31.450000762939453,53.608001708984375,608.510009765625,219.1300048828125,214.2953643798828,9.010000228881836
2021-12-10,39.752498626708984,229.25,102.46239471435547,67.49884033203125,30.40999984741211,54.16400146484375,603.0,202.0399932861328,216.7167510986328,8.789999961853027
2021-12-13,34.220001220703125,221.9199981689453,94.76490783691406,64.25057220458984,28.850000381469727,52.80400085449219,567.2000122070312,205.5500030517578,198.32566833496094,8.65999984741211
2021-12-14,36.92250061035156,221.5500030517578,95.55715942382812,64.83314514160156,27.809999465942383,48.20000076293945,568.2000122070312,206.11000061035156,205.87322998046875,8.600000381469727
2021-12-15,37.147499084472656,203.94000244140625,95.53014373779297,64.36530303955078,28.670000076293945,45.29999923706055,568.030029296875,207.2899932861328,210.63499450683594,8.930000305175781
2021-12-16,36.147499084472656,219.00999450683594,89.9483413696289,61.33769989013672,26.979999542236328,40.82400131225586,546.489990234375,189.50999450683594,201.58114624023438,8.779999732971191
2021-12-17,38.90999984741211,236.4600067138672,93.6125259399414,61.655460357666016,28.670000076293945,44.71799850463867,552.8200073242188,201.77999877929688,198.21229553222656,9.170000076293945
2021-12-20,39.28499984741211,228.05999755859375,91.16373443603516,60.00485610961914,27.899999618530273,41.12200164794922,527.4199829101562,195.97999572753906,187.53074645996094,8.880000114440918
2021-12-21,39.529998779296875,231.77000427246094,93.27039337158203,60.36675262451172,30.309999465942383,45.400001525878906,548.3400268554688,204.5399932861328,203.01454162597656,9.25
2021-12-22,38.5,226.6999969482422,94.2967300415039,60.53446578979492,29.56999969482422,47.56800079345703,544.5700073242188,203.7899932861328,207.38758850097656,9.40999984741211
2021-12-23,38.03499984741211,233.52000427246094,93.57650756835938,61.346534729003906,29.440000534057617,48.15599822998047,546.0900268554688,204.3699951171875,202.2047119140625,9.479999542236328
2021-12-27,37.07749938964844,227.92999267578125,96.76356506347656,61.61136245727539,28.200000762939453,46.43600082397461,541.780029296875,198.8800048828125,207.45240783691406,9.399999618530273
2021-12-28,36.6150016784668,231.32000732421875,96.68252563476562,60.60508346557617,27.31999969482422,46.75199890136719,528.989990234375,192.86000061035156,203.94583129882812,9.4399995803833
2021-12-29,38.48249816894531,224.8000030517578,100.67984008789062,61.346534729003906,26.59000015258789,45.05799865722656,533.6500244140625,191.72000122070312,206.00277709960938,9.210000038146973
2021-12-30,38.83250045776367,236.1999969482422,100.69782257080078,61.5230598449707,28.459999084472656,46.61600112915039,536.72998046875,192.80999755859375,203.4498291015625,9.489999771118164
2021-12-31,37.09749984741211,228.1999969482422,103.52474975585938,61.60250473022461,27.469999313354492,46.358001708984375,535.9400024414062,189.97000122070312,198.57901000976562,9.350000381469727
2022-01-03,38.209999084472656,233.19000244140625,103.12862396240234,61.45246887207031,27.770000457763672,47.92599868774414,538.3200073242188,195.77000427246094,203.11756896972656,9.369999885559082
2022-01-04,37.227500915527344,222.8300018310547,100.52677154541016,62.185081481933594,26.6299991607666,44.1879997253418,530.0900268554688,186.27999877929688,211.82188415527344,9.329999923706055
2022-01-05,32.342498779296875,196.7100067138672,96.02530670166016,58.78675079345703,24.649999618530273,39.599998474121094,505.9200134277344,170.25999450683594,197.94677734375,8.779999732971191
2022-01-06,32.75749969482422,193.8300018310547,97.35774230957031,55.02651596069336,25.799999237060547,38.2760009765625,517.9400024414062,174.1199951171875,207.42108154296875,8.779999732971191
2022-01-07,35.154998779296875,180.41000366210938,98.41107940673828,52.87277603149414,27.239999771118164,36.94200134277344,494.79998779296875,180.0800018310547,189.2587127685547,8.859999656677246
2022-01-10,32.787498474121094,182.9600067138672,99.64448547363281,51.56639099121094,26.1299991607666,36.6879997253418,479.6000061035156,176.49000549316406,186.0006561279297,8.84000015258789
2022-01-11,32.57500076293945,185.6999969482422,104.48806762695312,51.92829132080078,26.940000534057617,37.2400016784668,482.0199890136719,181.80999755859375,206.65928649902344,9.199999809265137
2022-01-12,32.01499938964844,177.44000244140625,104.1009292602539,51.78706741333008,26.100000381469727,35.50600051879883,473.0199890136719,176.02000427246094,206.2053985595703,9.199999809265137
2022-01-13,30.6200008392334,168.3000030517578,102.45339965820312,50.63075256347656,24.239999771118164,32.599998474121094,456.2200012207031,170.1699981689453,201.25350952148438,8.9399995803833
2022-01-14,29.162500381469727,167.47999572753906,100.48176574707031,49.28024673461914,23.190000534057617,31.277999877929688,447.4599914550781,171.4600067138672,202.84201049804688,9.039999961853027
2022-01-18,27.227500915527344,166.8300018310547,102.04825592041016,49.01544189453125,22.18000030517578,32.417999267578125,426.2699890136719,162.3300018310547,193.74049377441406,9.09000015258789
2022-01-19,26.642499923706055,166.49000549316406,102.95756530761719,49.05074691772461,21.399999618530273,31.426000595092773,416.04998779296875,156.02000427246094,196.163818359375,8.930000305175781
2022-01-20,25.667499542236328,167.36000061035156,99.93258666992188,46.87935256958008,20.670000076293945,31.597999572753906,404.239990234375,147.89999389648438,185.85475158691406,8.890000343322754
2022-01-21,26.59000015258789,152.1300048828125,98.81623840332031,46.826385498046875,19.459999084472656,27.1299991607666,391.3999938964844,139.72000122070312,187.42703247070312,8.539999961853027
2022-01-24,25.037500381469727,157.32000732421875,104.92919921875,49.58918762207031,20.030000686645508,31.579999923706055,407.1600036621094,152.77999877929688,215.03131103515625,8.199999809265137
2022-01-25,24.947500228881836,152.19000244140625,106.15361022949219,48.37107849121094,19.31999969482422,29.305999755859375,398.55999755859375,148.86000061035156,216.65223693847656,8.079999923706055
2022-01-26,25.815000534057617,147.72000122070312,102.40840148925781,46.729286193847656,20.329999923706055,28.190000534057617,378.6600036621094,142.6699981689453,209.86874389648438,7.909999847412109
2022-01-27,23.3799991607666,147.82000732421875,100.76085662841797,46.6939811706543,19.389999389648438,28.336000442504883,366.9100036621094,140.52000427246094,207.04830932617188,7.550000190734863
2022-01-28,24.477500915527344,151.22999572753906,101.90421295166016,48.23867416381836,20.639999389648438,29.197999954223633,391.9200134277344,146.77999877929688,203.4417266845703,7.880000114440918
2022-01-31,27.232500076293945,164.0500030517578,103.89387512207031,49.49209213256836,22.09000015258789,32.4119987487793,402.82000732421875,155.9199981689453,205.62997436523438,8.229999542236328
2022-02-01,28.149999618530273,166.25999450683594,106.36968994140625,49.68627166748047,23.68000030517578,32.95600128173828,412.2799987792969,162.5500030517578,209.64173889160156,8.130000114440918
2022-02-02,25.010000228881836,156.89999389648438,104.18196105957031,51.83120346069336,21.790000915527344,31.68000030517578,402.5899963378906,147.30999755859375,209.53639221191406,7.71999979019165
2022-02-03,24.8075008392334,145.27999877929688,100.71583557128906,49.13018798828125,20.549999237060547,29.38800048828125,396.3999938964844,138.5500030517578,205.119384765625,7.269999980926514
2022-02-04,25.584999084472656,158.72999572753906,100.40071868896484,49.54505157470703,21.889999389648438,30.062000274658203,404.07000732421875,142.57000732421875,210.3792724609375,7.369999885559082
2022-02-07,25.584999084472656,155.77000427246094,101.4180679321289,49.3685188293457,21.5,29.266000747680664,407.8699951171875,141.24000549316406,209.88490295410156,7.239999771118164
2022-02-08,28.899999618530273,155.86000061035156,103.02958679199219,51.50460433959961,22.1200008392334,30.625999450683594,411.2200012207031,146.92999267578125,213.11862182617188,7.289999961853027
2022-02-09,31.072500228881836,164.9600067138672,105.4513931274414,53.843719482421875,23.420000076293945,32.53799819946289,422.29998779296875,151.99000549316406,218.40280151367188,7.389999866485596
2022-02-10,30.61750030517578,165.64999389648438,102.97557067871094,53.623050689697266,22.780000686645508,30.908000946044922,421.55999755859375,147.77000427246094,211.87054443359375,7.230000019073486
2022-02-11,31.0625,163.94000244140625,100.66182708740234,50.621925354003906,23.329999923706055,28.270000457763672,408.5899963378906,145.72000122070312,201.6587677001953,7.039999961853027
2022-02-14,29.272499084472656,159.02000427246094,99.03228759765625,48.574092864990234,22.200000762939453,28.125999450683594,408.6199951171875,142.2100067138672,197.23362731933594,6.900000095367432
2022-02-15,31.540000915527344,168.14999389648438,103.01158905029297,48.874210357666016,23.729999542236328,28.5,426.45001220703125,148.38999938964844,203.79022216796875,7.190000057220459
2022-02-16,32.08250045776367,161.4499969482422,97.96092987060547,48.94482421875,22.989999771118164,27.724000930786133,420.0899963378906,136.5399932861328,205.20855712890625,7.150000095367432
2022-02-17,30.852500915527344,144.7100067138672,94.33274841308594,46.207462310791016,22.059999465942383,27.04599952697754,402.5299987792969,130.8000030517578,194.9480743408203,6.829999923706055
2022-02-18,30.38249969482422,112.45999908447266,93.49547576904297,46.31376266479492,17.290000915527344,25.280000686645508,400.20001220703125,128.08999633789062,197.50106811523438,6.650000095367432
2022-02-22,29.514999389648438,121.97000122070312,90.20941162109375,45.560760498046875,18.59000015258789,23.850000381469727,373.6199951171875,122.44999694824219,188.7724151611328,6.420000076293945
2022-02-23,28.717500686645508,118.3499984741211,87.93165588378906,44.57743835449219,19.6299991607666,22.729999542236328,367.2699890136719,121.31999969482422,183.98257446289062,6.260000228881836
2022-02-24,31.145000457763672,135.10000610351562,91.18172454833984,47.07562255859375,21.829999923706055,25.209999084472656,382.44000244140625,127.06999969482422,196.8607940673828,6.619999885559082
2022-02-25,29.645000457763672,139.61000061035156,92.96430969238281,48.23612594604492,22.200000762939453,30.513999938964844,396.32000732421875,131.19000244140625,215.5176239013672,6.71999979019165
2022-02-28,30.834999084472656,139.52999877929688,94.53082275390625,47.27936935424805,23.68000030517578,30.0939998626709,401.8699951171875,140.8699951171875,203.1905059814453,6.869999885559082
2022-03-01,29.7549991607666,136.6199951171875,93.95463562011719,45.12668991088867,23.520000457763672,29.011999130249023,396.20001220703125,132.50999450683594,197.938720703125,6.78000020980835
2022-03-02,30.49250030517578,132.64999389648438,100.13964080810547,47.26165008544922,23.190000534057617,27.722000122070312,407.4200134277344,131.00999450683594,216.82241821289062,6.840000152587891
2022-03-03,29.602500915527344,127.8499984741211,101.17498779296875,46.18974304199219,20.90999984741211,24.666000366210938,395.30999755859375,124.08000183105469,215.3230743408203,6.730000019073486
2022-03-04,27.915000915527344,121.5,98.77120208740234,44.13450241088867,20.690000534057617,20.76799964904785,366.5799865722656,124.80999755859375,206.49716186523438,6.480000019073486
2022-03-07,24.837499618530273,112.44999694824219,89.57920837402344,40.3075065612793,18.049999237060547,20.988000869750977,331.0,126.2300033569336,205.5975799560547,6.300000190734863
2022-03-08,25.752500534057617,113.45999908447266,91.45181274414062,40.387229919433594,17.3799991607666,21.040000915527344,332.7300109863281,130.22000122070312,215.38792419433594,6.360000133514404
2022-03-09,26.302499771118164,117.55000305175781,98.02396392822266,42.24757766723633,17.780000686645508,23.309999465942383,346.3299865722656,126.70999908447266,216.39288330078125,6.739999771118164
2022-03-10,25.139999389648438,110.8499984741211,98.97825622558594,42.59307098388672,17.579999923706055,22.695999145507812,340.739990234375,120.7300033569336,220.3155975341797,6.510000228881836
2022-03-11,23.172500610351562,103.8499984741211,96.88960266113281,41.4680061340332,16.110000610351562,22.757999420166016,325.0799865722656,114.44999694824219,218.60548400878906,6.239999771118164
2022-03-14,19.52750015258789,100.69000244140625,96.13333129882812,41.12250518798828,15.260000228881836,21.09600067138672,325.8500061035156,104.80999755859375,210.70346069335938,5.940000057220459
2022-03-15,20.65999984741211,101.83000183105469,100.3106918334961,41.74262619018555,16.1299991607666,24.08799934387207,340.3299865722656,112.80000305175781,215.46084594726562,6.090000152587891
2022-03-16,21.71500015258789,114.91000366210938,99.98657989501953,43.18660354614258,18.31999969482422,25.889999389648438,352.5899963378906,119.1500015258789,225.0728759765625,6.570000171661377
2022-03-17,21.924999237060547,119.87999725341797,100.68107604980469,43.168888092041016,18.989999771118164,26.972000122070312,363.79998779296875,119.86000061035156,226.00489807128906,6.820000171661377
2022-03-18,22.697500228881836,124.8499984741211,103.69227600097656,44.63944625854492,19.6200008392334,28.486000061035156,374.5,124.94000244140625,239.896240234375,7.03000020980835
2022-03-21,23.549999237060547,120.51000213623047,98.50178527832031,43.682701110839844,18.790000915527344,27.261999130249023,369.8299865722656,118.6500015258789,231.31346130371094,7.130000114440918
2022-03-22,30.78499984741211,125.54000091552734,98.66454315185547,44.24081039428711,19.40999984741211,28.256000518798828,373.6600036621094,127.6500015258789,233.65573120117188,7.480000019073486
2022-03-23,35.25,125.33999633789062,97.25390625,43.25748062133789,18.90999984741211,28.238000869750977,360.32000732421875,121.06999969482422,221.90402221679688,7.550000190734863
2022-03-24,35.59749984741211,127.33000183105469,96.6570816040039,44.09906768798828,19.049999237060547,29.729999542236328,361.54998779296875,121.37000274658203,223.88966369628906,7.650000095367432
2022-03-25,37.98749923706055,123.75,97.95922088623047,45.10896301269531,18.200000762939453,25.70400047302246,351.9599914550781,114.77999877929688,220.5830078125,7.389999866485596
2022-03-28,47.397499084472656,128.36000061035156,97.498046875,44.17879104614258,18.649999618530273,25.972000122070312,367.5,119.8499984741211,225.0567626953125,7.670000076293945
2022-03-29,44.974998474121094,137.55999755859375,100.73533630371094,45.86197280883789,20.690000534057617,27.738000869750977,385.69000244140625,129.52000427246094,232.4967498779297,7.829999923706055
2022-03-30,41.712501525878906,129.9499969482422,94.69482421875,44.20536804199219,20.40999984741211,25.195999145507812,334.2799987792969,121.47000122070312,225.98423767089844,7.590000152587891
2022-03-31,41.64500045776367,125.2699966430664,90.44477081298828,42.34502410888672,19.469999313354492,23.857999801635742,326.0899963378906,110.77999877929688,217.67115783691406,7.460000038146973
2022-04-01,41.25,125.55999755859375,91.62030792236328,42.043819427490234,19.049999237060547,23.892000198364258,320.5400085449219,111.11000061035156,220.3556671142578,6.75
2022-04-04,42.682498931884766,134.58999633789062,92.80491638183594,42.362735748291016,20.40999984741211,26.591999053955078,330.8500061035156,116.68000030517578,221.96961975097656,7.059999942779541
2022-04-05,38.397499084472656,127.37000274658203,89.94742584228516,41.55659484863281,19.049999237060547,24.29199981689453,354.3299865722656,114.62999725341797,216.13839721679688,7.110000133514404
2022-04-06,39.15999984741211,119.33000183105469,87.33409118652344,40.325218200683594,17.68000030517578,22.746000289916992,335.07000732421875,106.94999694824219,206.8521270751953,6.920000076293945
2022-04-07,37.5,117.16999816894531,90.67987823486328,40.236629486083984,17.200000762939453,22.246000289916992,327.82000732421875,111.94000244140625,216.08155822753906,6.769999980926514
2022-04-08,36.54750061035156,114.73999786376953,94.08898162841797,40.865604400634766,16.3799991607666,21.461999893188477,335.7799987792969,112.08999633789062,224.0296630859375,6.800000190734863
2022-04-11,36.73249816894531,115.44999694824219,95.4725112915039,42.24757766723633,16.8700008392334,21.20199966430664,340.8900146484375,113.76000213623047,224.5729522705078,6.760000228881836
2022-04-12,36.217498779296875,113.58000183105469,95.55387115478516,43.31063461303711,16.40999984741211,20.1560001373291,346.6000061035156,107.55000305175781,228.82281494140625,6.699999809265137
2022-04-13,37.67499923706055,116.4800033569336,96.90123748779297,45.29500198364258,16.75,21.01799964904785,353.2200012207031,117.0,235.94369506835938,6.849999904632568
2022-04-14,37.692501068115234,111.36000061035156,95.09270477294922,46.23403549194336,16.489999771118164,20.305999755859375,334.5299987792969,108.2300033569336,240.78538513183594,6.679999828338623
2022-04-18,35.3650016784668,107.91000366210938,91.47561645507812,46.871864318847656,15.979999542236328,19.309999465942383,327.55999755859375,102.0,245.14874267578125,6.5
2022-04-19,38.11750030517578,116.77999877929688,97.75123596191406,49.228302001953125,16.8799991607666,20.354000091552734,348.3900146484375,106.5999984741211,248.10897827148438,6.639999866485596
2022-04-20,37.212501525878906,109.56999969482422,97.21772766113281,50.34451675415039,15.5600004196167,18.5,338.3500061035156,97.08999633789062,248.7091522216797,6.409999847412109
2022-04-21,35.38999938964844,99.55000305175781,93.70014190673828,49.104286193847656,14.359999656677246,16.628000259399414,337.1600036621094,92.72000122070312,245.96786499023438,6.159999847412109
2022-04-22,34.55500030517578,97.08999633789062,90.14636993408203,47.31481170654297,14.029999732971191,16.75,320.0,85.2300033569336,217.40359497070312,6.059999942779541
2022-04-25,33.98749923706055,101.41000366210938,93.01289367675781,47.92606735229492,14.680000305175781,16.242000579833984,337.3699951171875,83.93000030517578,233.16177368164062,6.079999923706055
2022-04-26,31.899999618530273,91.76000213623047,87.84952545166016,46.871864318847656,13.960000038146973,14.097999572753906,332.5899963378906,79.23999786376953,227.13583374023438,5.699999809265137
2022-04-27,32.459999084472656,84.76000213623047,86.78250885009766,46.765560150146484,13.869999885559082,13.14799976348877,340.510009765625,76.27999877929688,239.2526092529297,5.599999904632568
2022-04-28,32.32749938964844,91.62999725341797,91.72883605957031,48.15639114379883,14.100000381469727,12.87399959564209,353.0,83.38999938964844,249.763427734375,5.880000114440918
2022-04-29,31.267499923706055,92.9000015258789,87.18941497802734,46.85415267944336,13.680000305175781,11.592000007629395,336.1199951171875,76.94000244140625,246.39776611328125,5.71999979019165
2022-05-02,29.892499923706055,103.12999725341797,90.18253326416016,48.10323715209961,14.989999771118164,12.093999862670898,347.8299865722656,87.38999938964844,250.4690399169922,5.860000133514404
2022-05-03,30.107500076293945,103.94999694824219,91.53895568847656,47.17306900024414,15.079999923706055,11.465999603271484,344.7300109863281,89.8499984741211,259.27679443359375,5.880000114440918
2022-05-04,31.770000457763672,110.01000213623047,92.87725067138672,48.1829719543457,15.729999542236328,11.930000305175781,339.70001220703125,90.76000213623047,279.0009765625,6.119999885559082
2022-05-05,29.782499313354492,102.44999694824219,88.08464050292969,47.89063262939453,14.4399995803833,9.784000396728516,309.2099914550781,67.44999694824219,257.3628234863281,5.820000171661377
2022-05-06,28.674999237060547,96.83000183105469,83.60851287841797,46.79214096069336,13.149999618530273,9.295999526977539,293.30999755859375,66.16999816894531,250.72052001953125,5.610000133514404
2022-05-09,24.697500228881836,87.7699966430664,81.14891052246094,44.59515380859375,10.989999771118164,7.754000186920166,290.5,62.349998474121094,250.39608764648438,5.139999866485596
2022-05-10,23.375,83.87000274658203,81.22125244140625,44.18765640258789,11.359999656677246,7.335999965667725,290.32000732421875,58.47999954223633,241.68565368652344,5.190000057220459
2022-05-11,20.332500457763672,78.72000122070312,78.51750183105469,42.31844711303711,10.270000457763672,6.0,279.45001220703125,52.61000061035156,229.63381958007812,4.889999866485596
2022-05-12,22.392499923706055,87.5,80.88666534423828,43.00058364868164,11.369999885559082,7.480000019073486,285.32000732421875,55.7599983215332,253.65635681152344,5.130000114440918
2022-05-13,24.59749984741211,97.83999633789062,81.70050811767578,45.18869400024414,12.609999656677246,7.6620001792907715,289.6499938964844,57.33000183105469,262.5209655761719,5.829999923706055
2022-05-16,22.950000762939453,93.26000213623047,81.74571228027344,42.88540267944336,12.479999542236328,7.679999828338623,279.8299865722656,50.810001373291016,264.0538024902344,5.690000057220459
2022-05-17,25.094999313354492,97.66000366210938,83.61756134033203,41.636314392089844,13.859999656677246,8.319999694824219,298.2799987792969,55.16999816894531,262.6830749511719,6.010000228881836
2022-05-18,22.8700008392334,94.83999633789062,71.7264404296875,38.03965377807617,13.859999656677246,7.010000228881836,262.82000732421875,47.599998474121094,217.3872833251953,5.880000114440918
2022-05-19,24.797500610351562,96.87000274658203,71.67218017578125,35.46174240112305,14.149999618530273,6.576000213623047,276.3800048828125,49.720001220703125,221.11807250976562,6.010000228881836
2022-05-20,23.915000915527344,94.19999694824219,70.09877014160156,34.27467346191406,14.029999732971191,6.714000225067139,268.6000061035156,51.41999816894531,203.04029846191406,5.889999866485596
2022-05-23,24.032499313354492,91.7699966430664,68.06417083740234,34.13292694091797,13.9399995803833,6.047999858856201,256.4200134277344,50.220001220703125,201.92921447753906,5.949999809265137
2022-05-24,22.287500381469727,79.16000366210938,64.41996002197266,32.0245361328125,13.510000228881836,5.329999923706055,246.2899932861328,45.5099983215332,191.19119262695312,5.739999771118164
2022-05-25,28.792499542236328,84.79000091552734,70.65943145751953,34.815059661865234,14.130000114440918,6.191999912261963,256.1700134277344,50.29999923706055,214.94618225097656,5.909999847412109
2022-05-26,32.1150016784668,88.54000091552734,76.48290252685547,37.67644119262695,14.239999771118164,6.2179999351501465,278.4100036621094,56.310001373291016,231.5559844970703,6.070000171661377
2022-05-27,34.3025016784668,96.47000122070312,76.59139251708984,37.60556411743164,14.720000267028809,6.769999980926514,291.0299987792969,59.040000915527344,245.22979736328125,6.570000171661377
2022-05-31,31.184999465942383,94.9000015258789,73.45360565185547,36.33876037597656,13.550000190734863,5.888000011444092,290.0799865722656,59.38999938964844,244.50802612304688,6.050000190734863
2022-06-01,30.350000381469727,90.7699966430664,72.04296112060547,35.05424118041992,13.510000228881836,5.297999858856201,290.0,57.29999923706055,241.4180450439453,5.730000019073486
2022-06-02,33.5,95.8499984741211,74.7738265991211,34.91178512573242,14.260000228881836,6.015999794006348,301.94000244140625,63.77000045776367,251.823486328125,6.159999847412109
2022-06-03,33.42499923706055,87.27999877929688,73.04666900634766,33.9234619140625,12.720000267028809,5.303999900817871,304.6300048828125,58.29999923706055,263.1048583984375,5.829999923706055
2022-06-06,32.025001525878906,89.52999877929688,73.88764190673828,33.139930725097656,13.079999923706055,4.97599983215332,310.2099914550781,56.84000015258789,271.43402099609375,5.900000095367432
2022-06-07,36.625,93.41999816894531,73.57115936279297,33.540592193603516,12.949999809265137,5.081999778747559,306.0899963378906,54.720001220703125,272.18023681640625,6.119999885559082
2022-06-08,34.682498931884766,101.87999725341797,72.76634979248047,33.1844367980957,14.329999923706055,5.039999961853027,300.5400085449219,56.58000183105469,265.27020263671875,6.130000114440918
2022-06-09,32.244998931884766,92.37000274658203,72.96469116210938,31.47490882873535,13.819999694824219,4.625999927520752,287.6499938964844,54.0,255.40821838378906,5.789999961853027
2022-06-10,32.272499084472656,82.70999908447266,70.50827026367188,30.16605567932129,13.100000381469727,4.4019999504089355,278.07000732421875,51.54999923706055,245.40830993652344,5.539999961853027
2022-06-13,29.5625,73.25,66.93282318115234,29.248966217041016,11.029999732971191,4.205999851226807,257.989990234375,47.959999084472656,234.01339721679688,5.130000114440918
2022-06-14,31.542499542236328,74.29000091552734,67.36042785644531,29.204444885253906,11.609999656677246,4.184000015258789,245.3300018310547,47.13999938964844,238.75784301757812,5.139999866485596
2022-06-15,32.3224983215332,83.0,67.96998596191406,30.272907257080078,12.229999542236328,4.886000156402588,250.33999633789062,48.61000061035156,237.87376403808594,5.429999828338623
2022-06-16,31.4325008392334,78.58000183105469,65.19511413574219,28.581178665161133,10.720000267028809,4.28000020980835,231.66000366210938,44.18000030517578,224.7271270751953,5.070000171661377
2022-06-17,33.78499984741211,82.41999816894531,67.16936492919922,29.85442543029785,11.420000076293945,4.854000091552734,245.44000244140625,45.79999923706055,221.6290283203125,5.190000057220459
2022-06-21,35.06999969482422,89.08000183105469,68.5067367553711,27.031923294067383,12.170000076293945,4.98199987411499,245.55999755859375,44.970001220703125,224.126953125,5.269999980926514
2022-06-22,34.6150016784668,91.19000244140625,68.7432861328125,26.631250381469727,12.520000457763672,5.0279998779296875,247.2899932861328,48.0,210.01515197753906,5.320000171661377
2022-06-23,35.505001068115234,96.02999877929688,70.82669067382812,26.301815032958984,13.079999923706055,5.728000164031982,256.67999267578125,54.15999984741211,197.7443084716797,5.369999885559082
2022-06-24,33.8025016784668,98.7699966430664,76.77667999267578,27.55724334716797,14.149999618530273,6.303999900817871,268.25,59.349998474121094,210.7450408935547,5.75
2022-06-27,32.42250061035156,94.75,73.32860565185547,27.405881881713867,13.600000381469727,6.067999839782715,256.0199890136719,55.70000076293945,205.74911499023438,5.800000190734863
2022-06-28,31.094999313354492,89.08999633789062,70.3626937866211,25.821002960205078,12.760000228881836,4.947999954223633,243.7899932861328,50.31999969482422,201.22357177734375,5.739999771118164
2022-06-29,30.71500015258789,87.11000061035156,69.58029174804688,23.506017684936523,12.40999984741211,4.622000217437744,237.32000732421875,48.16999816894531,193.2041778564453,5.539999961853027
2022-06-30,30.575000762939453,82.13999938964844,68.57042694091797,23.969017028808594,11.670000076293945,4.515999794006348,212.25999450683594,43.560001373291016,179.03225708007812,5.389999866485596
2022-07-01,30.854999542236328,83.91000366210938,69.91690826416016,24.82378387451172,11.770000457763672,4.374000072479248,220.6999969482422,45.31999969482422,170.45281982421875,5.449999809265137
2022-07-05,30.0575008392334,92.05999755859375,73.70162200927734,24.699125289916992,12.970000267028809,5.515999794006348,243.61000061035156,53.68000030517578,174.1134796142578,5.639999866485596
2022-07-06,29.357500076293945,88.52999877929688,71.82744598388672,23.773130416870117,12.369999885559082,5.260000228881836,241.82000732421875,52.220001220703125,171.73526000976562,5.840000152587891
2022-07-07,33.779998779296875,93.48999786376953,76.09434509277344,25.0374755859375,13.100000381469727,5.355999946594238,255.25,57.939998626708984,172.61187744140625,6.059999942779541
2022-07-08,32.1349983215332,94.41000366210938,76.3763656616211,24.592283248901367,12.739999771118164,5.01800012588501,262.1000061035156,55.310001373291016,168.47227478027344,5.940000057220459
2022-07-11,32.522499084472656,85.86000061035156,76.21261596679688,23.969017028808594,11.430000305175781,4.418000221252441,257.7300109863281,50.02000045776367,170.02261352539062,5.710000038146973
2022-07-12,34.279998779296875,87.55999755859375,77.05870819091797,23.906686782836914,11.850000381469727,4.414000034332275,261.489990234375,50.7599983215332,162.25482177734375,5.630000114440918
2022-07-13,35.31999969482422,87.0199966430664,79.40596771240234,24.405302047729492,11.720000267028809,4.193999767303467,262.3900146484375,50.209999084472656,163.65090942382812,5.789999961853027
2022-07-14,34.04999923706055,82.33999633789062,78.92377471923828,23.114248275756836,11.220000267028809,4.046000003814697,255.63999938964844,49.130001068115234,160.3879852294922,5.619999885559082
2022-07-15,35.40999984741211,85.7699966430664,80.28845977783203,24.494338989257812,12.859999656677246,4.25,267.32000732421875,52.0,163.26132202148438,5.75
2022-07-18,36.65999984741211,88.22000122070312,81.12545776367188,25.447046279907227,13.0,4.449999809265137,257.510009765625,52.209999084472656,165.16065979003906,5.75
2022-07-19,37.92499923706055,89.87000274658203,83.60005950927734,26.818233489990234,13.489999771118164,4.570000171661377,265.260009765625,54.209999084472656,174.53553771972656,5.96999979019165
2022-07-20,39.6875,96.08000183105469,86.41130065917969,27.69080352783203,14.279999732971191,5.47599983215332,273.4100036621094,56.43000030517578,178.86178588867188,6.170000076293945
2022-07-21,38.36750030517578,97.52999877929688,86.56595611572266,29.640735626220703,14.270000457763672,5.642000198364258,276.42999267578125,57.060001373291016,186.767578125,6.210000038146973
2022-07-22,35.779998779296875,88.83999633789062,86.4385986328125,29.801008224487305,13.529999732971191,5.076000213623047,269.2200012207031,51.75,182.21408081054688,5.929999828338623
2022-07-25,33.97999954223633,86.70999908447266,85.03751373291016,29.756481170654297,13.390000343322754,5.039999961853027,262.75,49.34000015258789,183.45591735839844,5.860000133514404
2022-07-26,32.43000030517578,79.87000274658203,81.7349853515625,29.56060028076172,12.649999618530273,4.835999965667725,250.44000244140625,45.099998474121094,175.9722137451172,5.710000038146973
2022-07-27,33.779998779296875,86.91999816894531,83.10877227783203,30.397554397583008,13.680000305175781,5.271999835968018,262.1600036621094,49.939998626708984,186.62957763671875,5.960000038146973
2022-07-28,33.84000015258789,85.16999816894531,84.9283447265625,31.501625061035156,13.729999542236328,5.435999870300293,271.19000244140625,52.61000061035156,186.1507110595703,6.119999885559082
2022-07-29,34.0099983215332,65.5199966430664,85.14669799804688,31.64409065246582,13.729999542236328,5.829999923706055,279.42999267578125,53.90999984741211,184.5354461669922,6.130000114440918
2022-08-01,34.779998779296875,71.69000244140625,87.43934631347656,33.22896957397461,14.109999656677246,6.033999919891357,282.1400146484375,56.81999969482422,187.4818572998047,6.099999904632568
2022-08-02,35.84000015258789,75.70999908447266,85.09210968017578,32.96185302734375,15.369999885559082,6.809999942779541,279.80999755859375,57.45000076293945,189.2675018310547,6.300000190734863
2022-08-03,37.93000030517578,79.0,88.7767333984375,35.00081253051758,16.81999969482422,6.980000019073486,287.6499938964844,64.44000244140625,196.5889129638672,6.570000171661377
2022-08-04,38.36000061035156,81.27999877929688,88.09439086914062,34.23508834838867,16.360000610351562,6.708000183105469,283.8500061035156,62.90999984741211,193.48829650878906,6.650000095367432
2022-08-05,40.02000045776367,82.26000213623047,88.74945068359375,33.26457214355469,17.959999084472656,9.395999908447266,286.8699951171875,62.310001373291016,193.85354614257812,6.75
2022-08-08,43.45000076293945,83.5999984741211,92.4886703491211,34.11933135986328,18.43000030517578,9.291999816894531,297.6499938964844,71.8499984741211,209.89231872558594,6.900000095367432
2022-08-09,40.369998931884766,78.0999984741211,89.24983215332031,32.08927917480469,17.889999389648438,8.28600025177002,283.05999755859375,59.61000061035156,193.83731079101562,6.590000152587891
2022-08-10,40.529998779296875,81.08000183105469,92.77067565917969,33.24676513671875,19.350000381469727,9.461999893188477,299.2900085449219,65.02999877929688,201.75115966796875,6.929999828338623
2022-08-11,39.45000076293945,80.6500015258789,95.62740325927734,34.93848419189453,18.540000915527344,10.026000022888184,303.5,64.5199966430664,237.6193084716797,6.739999771118164
2022-08-12,40.7400016784668,83.80999755859375,97.56526184082031,35.60627746582031,20.670000076293945,10.420000076293945,307.55999755859375,68.62000274658203,244.8026580810547,6.78000020980835
2022-08-15,39.68000030517578,84.37999725341797,97.73809814453125,34.90287780761719,20.799999237060547,10.199999809265137,312.3999938964844,68.33999633789062,257.8058166503906,6.860000133514404
2022-08-16,42.189998626708984,84.12000274658203,102.66913604736328,36.52336883544922,20.65999984741211,10.918000221252441,329.30999755859375,73.54000091552734,265.41937255859375,7.019999980926514
2022-08-17,40.52000045776367,78.41999816894531,102.13237762451172,35.96242904663086,20.56999969482422,9.923999786376953,312.8800048828125,69.4800033569336,265.5654602050781,6.769999980926514
2022-08-18,37.93000030517578,77.91000366210938,102.32342529296875,36.02506637573242,19.579999923706055,9.571999549865723,311.30999755859375,71.33999633789062,267.87066650390625,6.75
2022-08-19,36.4900016784668,74.1500015258789,101.03153228759766,34.59336853027344,18.139999389648438,8.460000038146973,298.29998779296875,57.0099983215332,260.24896240234375,6.369999885559082
2022-08-22,34.5,70.98999786376953,100.41287231445312,32.65162658691406,17.239999771118164,7.191999912261963,293.0799865722656,54.31999969482422,249.9081573486328,6.099999904632568
2022-08-23,33.529998779296875,68.8499984741211,101.1134033203125,32.77690505981445,17.059999465942383,6.940000057220459,292.7900085449219,54.04999923706055,254.37234497070312,6.150000095367432
2022-08-24,32.5,69.01000213623047,98.311279296875,33.07219314575195,17.450000762939453,7.2179999351501465,292.7699890136719,55.18000030517578,249.36434936523438,6.269999980926514
2022-08-25,31.959999084472656,73.43000030517578,100.27640533447266,33.94015121459961,17.43000030517578,7.697999954223633,294.6400146484375,57.54999923706055,255.6223907470703,6.420000076293945
2022-08-26,30.940000534057617,68.31999969482422,97.11033630371094,32.95586013793945,16.530000686645508,7.107999801635742,266.9100036621094,53.47999954223633,244.8188934326172,6.090000152587891
2022-08-29,31.549999237060547,67.01000213623047,96.94659423828125,33.67170715332031,16.5,6.8420000076293945,266.94000244140625,54.33000183105469,242.20530700683594,6.110000133514404
2022-08-30,29.84000015258789,67.01000213623047,98.58421325683594,33.725399017333984,16.3799991607666,6.618000030517578,265.6400146484375,53.310001373291016,241.83192443847656,6.039999961853027
2022-08-31,28.639999389648438,68.0,96.77374267578125,33.40326690673828,16.059999465942383,6.5980000495910645,255.91000366210938,52.709999084472656,240.4521026611328,5.940000057220459
2022-09-01,27.6299991607666,68.30000305175781,98.99359893798828,34.37861251831055,15.960000038146973,6.556000232696533,252.7100067138672,51.04999923706055,234.7946319580078,5.760000228881836
2022-09-02,27.360000610351562,65.98999786376953,98.4659423828125,34.42335510253906,15.489999771118164,6.315999984741211,252.1699981689453,49.68000030517578,234.6323699951172,5.739999771118164
2022-09-06,25.139999389648438,63.72999954223633,96.22787475585938,33.385372161865234,15.680000305175781,6.297999858856201,243.7100067138672,48.459999084472656,239.2670440673828,5.579999923706055
2022-09-07,24.040000915527344,65.54000091552734,101.31356048583984,34.36966323852539,16.360000610351562,6.6620001792907715,258.04998779296875,50.70000076293945,247.7897186279297,5.690000057220459
2022-09-08,25.829999923706055,69.2699966430664,103.51396942138672,35.00497817993164,16.989999771118164,6.796000003814697,261.7099914550781,48.810001373291016,246.1744384765625,5.789999961853027
2022-09-09,28.920000076293945,71.55000305175781,106.51118469238281,35.47923278808594,17.6299991607666,7.323999881744385,273.55999755859375,51.970001220703125,254.91622924804688,6.019999980926514
2022-09-12,29.239999771118164,72.01000213623047,107.61687469482422,36.18613052368164,18.200000762939453,8.456000328063965,277.6199951171875,55.95000076293945,253.88543701171875,6.199999809265137
2022-09-13,27.850000381469727,68.05000305175781,104.06224060058594,33.81488800048828,17.350000381469727,7.361999988555908,262.3299865722656,49.7599983215332,239.23451232910156,5.929999828338623
2022-09-14,28.1299991607666,68.3499984741211,104.78412628173828,34.28018569946289,18.399999618530273,7.214000225067139,262.8399963378906,50.040000915527344,233.4148406982422,5.960000038146973
2022-09-15,28.610000610351562,73.80999755859375,104.47344207763672,33.4480094909668,19.219999313354492,7.4039998054504395,259.2200012207031,48.34000015258789,233.34991455078125,6.050000190734863
2022-09-16,28.639999389648438,71.3499984741211,102.0153579711914,33.84172821044922,18.600000381469727,6.584000110626221,257.6499938964844,45.20000076293945,233.1956787109375,5.71999979019165
2022-09-19,28.959999084472656,73.0199966430664,104.2267074584961,34.691795349121094,18.670000076293945,6.690000057220459,265.8299865722656,46.04999923706055,244.44561767578125,5.739999771118164
2022-09-20,27.540000915527344,68.4000015258789,102.00621032714844,33.60012435913086,17.469999313354492,6.193999767303467,254.3699951171875,42.939998626708984,240.4683380126953,5.579999923706055
2022-09-21,26.860000610351562,65.625,99.09123229980469,33.11692428588867,16.719999313354492,6.131999969482422,256.04998779296875,42.31999969482422,241.19073486328125,5.449999809265137
2022-09-22,24.700000762939453,60.88999938964844,97.34588623046875,32.535301208496094,15.579999923706055,5.394000053405762,248.13999938964844,39.20000076293945,232.75735473632812,5.239999771118164
2022-09-23,25.040000915527344,59.880001068115234,95.454345703125,31.95367431640625,14.979999542236328,5.239999771118164,246.44000244140625,37.7599983215332,227.27037048339844,5.070000171661377
2022-09-26,24.479999542236328,58.18000030517578,93.42573547363281,31.094655990600586,14.59000015258789,4.888000011444092,240.6199951171875,35.72999954223633,217.54644775390625,4.96999979019165
2022-09-27,26.1299991607666,58.88999938964844,101.03761291503906,30.781469345092773,15.319999694824219,4.966000080108643,248.0500030517578,35.91999816894531,213.42312622070312,5.090000152587891
2022-09-28,27.309999465942383,61.11000061035156,106.67566680908203,31.65838623046875,15.880000114440918,5.374000072479248,259.0299987792969,37.869998931884766,218.033447265625,4.989999771118164
2022-09-29,25.459999084472656,56.779998779296875,103.21241760253906,30.092472076416016,15.329999923706055,4.314000129699707,250.50999450683594,34.560001373291016,213.17601013183594,4.800000190734863
2022-09-30,25.1299991607666,56.400001525878906,95.61882781982422,29.170814514160156,15.140000343322754,4.059999942779541,246.07000732421875,32.54999923706055,221.55877685546875,4.699999809265137
2022-10-03,25.3799991607666,59.560001373291016,100.35225677490234,29.099233627319336,15.399999618530273,4.291999816894531,254.25999450683594,34.11000061035156,231.54989624023438,4.809999942779541
2022-10-04,27.600000381469727,62.400001525878906,100.57156372070312,31.389949798583984,16.850000381469727,4.6519999504089355,265.7099914550781,37.41999816894531,240.21701049804688,4.989999771118164
2022-10-05,26.389999389648438,59.70000076293945,102.04277038574219,31.721027374267578,16.700000762939453,4.309999942779541,264.4100036621094,35.56999969482422,227.40728759765625,4.909999847412109
2022-10-06,25.989999771118164,59.38999938964844,102.4356918334961,31.57785987854004,16.040000915527344,4.22599983215332,264.8800048828125,33.650001525878906,222.65536499023438,4.809999942779541
2022-10-07,25.350000381469727,55.08000183105469,100.64466857910156,31.774709701538086,16.56999969482422,3.8540000915527344,256.8399963378906,30.6299991607666,228.4632568359375,4.579999923706055
2022-10-10,25.0,53.61000061035156,100.1877670288086,30.47723960876465,14.279999732971191,3.6419999599456787,250.66000366210938,30.270000457763672,229.77914428710938,4.429999828338623
2022-10-11,25.270000457763672,51.70000076293945,100.82742309570312,30.602516174316406,13.680000305175781,3.6640000343322754,251.33999633789062,30.81999969482422,226.65179443359375,4.179999828338623
2022-10-12,25.360000610351562,53.060001373291016,102.09759521484375,30.61145782470703,13.489999771118164,3.813999891281128,247.10000610351562,31.850000381469727,224.63731384277344,4.199999809265137
2022-10-13,25.559999465942383,51.939998626708984,102.60017395019531,30.691993713378906,13.220000267028809,3.7739999294281006,243.66000366210938,30.850000381469727,229.40548706054688,4.199999809265137
2022-10-14,24.6299991607666,49.279998779296875,100.48017883300781,29.20661163330078,12.479999542236328,3.427999973297119,234.0399932861328,28.350000381469727,228.14646911621094,3.9800000190734863
2022-10-17,25.959999084472656,52.560001373291016,100.72689819335938,29.35872459411621,13.149999618530273,3.6440000534057617,241.0,32.25,255.31735229492188,4.300000190734863
2022-10-18,26.670000076293945,53.22999954223633,102.00621032714844,30.1640567779541,13.550000190734863,3.6740000247955322,246.25,34.560001373291016,252.1006622314453,4.380000114440918
2022-10-19,24.540000915527344,51.099998474121094,99.70345306396484,29.448209762573242,13.140000343322754,2.997999906539917,235.72000122070312,31.649999618530273,246.02491760253906,4.21999979019165
2022-10-20,24.40999984741211,51.880001068115234,99.1825942993164,29.287145614624023,13.3100004196167,2.8959999084472656,231.63999938964844,32.150001525878906,242.32077026367188,4.340000152587891
2022-10-21,25.299999237060547,50.150001525878906,100.45276641845703,30.1640567779541,13.210000038146973,2.8499999046325684,240.39999389648438,33.189998626708984,252.52308654785156,4.400000095367432
2022-10-24,24.709999084472656,50.619998931884766,104.46430969238281,29.02764892578125,13.069999694824219,2.6760001182556152,234.4600067138672,32.060001373291016,259.8580322265625,4.420000076293945
2022-10-25,26.8700008392334,55.34000015258789,105.0217056274414,31.04991912841797,14.100000381469727,3.055999994277954,246.97999572753906,34.52000045776367,261.72625732421875,4.570000171661377
2022-10-26,25.420000076293945,52.599998474121094,102.28035736083984,29.967199325561523,14.600000381469727,3.0199999809265137,252.13999938964844,35.11000061035156,260.9627990722656,4.53000020980835
2022-10-27,25.93000030517578,52.27000045776367,101.4945068359375,29.81508445739746,14.619999885559082,2.9040000438690186,245.30999755859375,35.2400016784668,259.4275207519531,4.53000020980835
2022-10-28,28.170000076293945,54.54999923706055,106.20964813232422,30.05668067932129,15.119999885559082,2.8980000019073486,255.5800018310547,36.209999084472656,264.0819091796875,4.630000114440918
2022-10-31,28.309999465942383,55.540000915527344,103.95259857177734,29.8687686920166,15.800000190734863,2.7060000896453857,253.92999267578125,37.91999816894531,267.0711364746094,4.659999847412109
2022-11-01,28.389999389648438,56.790000915527344,105.68877410888672,30.56671905517578,16.450000762939453,3.055999994277954,250.44000244140625,37.81999969482422,269.4267883300781,4.659999847412109
2022-11-02,26.6200008392334,54.31999969482422,101.73208618164062,29.242401123046875,15.920000076293945,2.694000005722046,233.97000122070312,35.599998474121094,252.22254943847656,4.409999847412109
2022-11-03,26.290000915527344,51.84000015258789,102.93827819824219,29.42136573791504,15.670000076293945,2.869999885559082,236.13999938964844,37.459999084472656,254.32635498046875,4.269999980926514
2022-11-04,26.510000228881836,49.59000015258789,100.60810852050781,28.607086181640625,11.3100004196167,1.7519999742507935,246.05999755859375,32.7400016784668,255.0980224609375,4.409999847412109
2022-11-07,25.760000228881836,50.369998931884766,98.70742797851562,28.79499626159668,11.800000190734863,1.4780000448226929,259.2300109863281,32.68000030517578,264.0899658203125,4.75
2022-11-08,25.139999389648438,51.13999938964844,94.40348815917969,30.029834747314453,12.550000190734863,1.472000002861023,258.04998779296875,31.969999313354492,268.614501953125,4.769999980926514
2022-11-09,23.110000610351562,48.11000061035156,93.36177825927734,27.649639129638672,11.65999984741211,1.5180000066757202,253.47000122070312,28.75,254.48883056640625,4.650000095367432
2022-11-10,24.8799991607666,55.5099983215332,101.4853515625,30.80832290649414,13.640000343322754,1.9980000257492065,282.55999755859375,36.79999923706055,260.4915771484375,4.920000076293945
2022-11-11,26.100000381469727,61.29999923706055,99.10950469970703,32.213172912597656,14.880000114440918,2.375999927520752,291.3399963378906,41.470001220703125,287.26446533203125,4.96999979019165
2022-11-14,26.049999237060547,58.529998779296875,95.92037963867188,29.582435607910156,14.739999771118164,1.9479999542236328,285.2200012207031,40.54999923706055,293.7709655761719,4.769999980926514
2022-11-15,27.59000015258789,59.06999969482422,97.8850326538086,30.35196304321289,15.420000076293945,1.9859999418258667,296.1000061035156,42.15999984741211,311.12939453125,4.840000152587891
2022-11-16,27.139999389648438,56.880001068115234,90.49247741699219,28.03441047668457,14.859999656677246,1.7100000381469727,291.1199951171875,37.58000183105469,298.7095642089844,4.789999961853027
2022-11-17,27.760000228881836,56.40999984741211,93.5810775756836,35.09479904174805,14.899999618530273,1.6640000343322754,288.5,34.099998474121094,295.35479736328125,4.730000019073486
2022-11-18,27.600000381469727,55.650001525878906,99.68518829345703,34.42837905883789,15.050000190734863,1.6119999885559082,274.95001220703125,33.2400016784668,291.772705078125,4.760000228881836
2022-11-21,25.15999984741211,53.65999984741211,97.72054290771484,35.61711120605469,14.289999961853027,1.409999966621399,263.1199951171875,33.0,295.2898864746094,4.590000152587891
2022-11-22,26.299999237060547,54.36000061035156,107.60772705078125,37.1480598449707,14.6899995803833,1.3600000143051147,270.25,33.040000915527344,304.6961669921875,4.650000095367432
2022-11-23,26.700000762939453,56.5099983215332,108.72256469726562,36.38258361816406,15.34000015258789,1.6239999532699585,276.45001220703125,32.90999984741211,303.52642822265625,4.809999942779541
2022-11-25,26.170000076293945,56.08000183105469,111.19893646240234,36.355567932128906,15.140000343322754,1.593999981880188,277.2200012207031,32.02000045776367,305.4434509277344,4.840000152587891
2022-11-28,25.290000915527344,53.90999984741211,108.72256469726562,36.076393127441406,14.5,1.49399995803833,275.07000732421875,32.27000045776367,294.3394775390625,4.800000190734863
2022-11-29,25.600000381469727,54.18000030517578,107.90015411376953,35.833251953125,14.4399995803833,1.468000054359436,276.1499938964844,31.670000076293945,298.32781982421875,4.840000152587891
2022-11-30,26.209999084472656,59.369998931884766,109.27083587646484,38.273765563964844,15.319999694824219,1.5420000553131104,286.8299865722656,36.63999938964844,292.17889404296875,4.869999885559082
2022-12-01,26.600000381469727,59.779998779296875,107.37928771972656,38.967193603515625,15.520000457763672,1.6260000467300415,281.20001220703125,41.630001068115234,291.8376770019531,5.079999923706055
2022-12-02,27.520000457763672,60.72999954223633,108.90533447265625,39.49851989746094,15.489999771118164,1.6139999628067017,280.8599853515625,42.099998474121094,290.1318664550781,5.199999809265137
2022-12-05,25.559999465942383,56.41999816894531,105.29584503173828,39.47150802612305,14.829999923706055,1.4199999570846558,260.80999755859375,38.540000915527344,286.05426025390625,4.840000152587891
2022-12-06,23.389999389648438,51.20000076293945,106.52033233642578,38.39083480834961,14.199999809265137,1.3420000076293945,259.0400085449219,37.02000045776367,290.21307373046875,4.579999923706055
2022-12-07,22.260000228881836,51.220001220703125,108.28394317626953,38.73304748535156,13.899999618530273,0.765999972820282,262.04998779296875,35.61000061035156,290.8384704589844,4.369999885559082
2022-12-08,24.790000915527344,50.90999984741211,111.85143280029297,37.95857620239258,14.609999656677246,0.9919999837875366,266.3800048828125,36.959999084472656,286.1841735839844,4.400000095367432
2022-12-09,22.6299991607666,51.7400016784668,109.4290771484375,38.102664947509766,13.960000038146973,1.0099999904632568,274.4800109863281,37.75,273.80499267578125,4.400000095367432
2022-12-12,22.670000076293945,51.540000915527344,112.28269958496094,37.95857620239258,14.3100004196167,0.9900000095367432,253.05999755859375,37.290000915527344,269.82470703125,4.409999847412109
2022-12-13,21.0,52.529998779296875,105.37340545654297,38.183712005615234,13.770000457763672,0.9660000205039978,263.05999755859375,39.630001068115234,265.2678527832031,4.429999828338623
2022-12-14,21.049999237060547,50.5,107.34618377685547,38.0216064453125,13.550000190734863,1.0520000457763672,259.4800109863281,41.4900016784668,268.0348815917969,4.389999866485596
2022-12-15,20.579999923706055,46.58000183105469,104.19892120361328,37.598350524902344,12.630000114440918,1.093999981880188,259.8999938964844,38.09000015258789,264.35687255859375,4.260000228881836
2022-12-16,20.799999237060547,45.849998474121094,102.60236358642578,36.301544189453125,12.119999885559082,1.00600004196167,255.0,36.900001525878906,254.71908569335938,4.21999979019165
2022-12-19,19.920000076293945,44.5,101.14342498779297,36.32856369018555,11.65999984741211,0.8840000033378601,252.05999755859375,34.22999954223633,257.00933837890625,4.110000133514404
2022-12-20,20.260000228881836,43.0,99.79460144042969,36.29254150390625,11.829999923706055,0.8320000171661377,255.07000732421875,34.400001525878906,259.7507629394531,4.150000095367432
2022-12-21,20.559999465942383,42.95000076293945,102.96021270751953,37.12104797363281,11.770000457763672,0.8640000224113464,264.4700012207031,36.779998779296875,266.2724609375,3.75
2022-12-22,19.809999465942383,42.36000061035156,99.86801147460938,36.32856369018555,11.600000381469727,0.8259999752044678,262.260009765625,34.22999954223633,265.14862060546875,3.430000066757202
2022-12-23,20.079999923706055,41.349998474121094,101.94172668457031,37.76945114135742,11.529999732971191,0.8100000023841858,264.4100036621094,33.560001373291016,271.1765441894531,3.4000000953674316
2022-12-27,18.200000762939453,39.22999954223633,108.5114974975586,37.77845764160156,10.90999984741211,0.7440000176429749,260.6300048828125,32.150001525878906,276.6083068847656,3.2899999618530273
2022-12-28,17.920000076293945,38.79999923706055,105.50189208984375,36.697784423828125,11.050000190734863,0.765999972820282,260.05999755859375,31.389999389648438,266.0000305175781,3.180000066757202
2022-12-29,18.329999923706055,40.560001373291016,108.68582916259766,37.5082893371582,11.270000457763672,0.8899999856948853,268.3500061035156,33.13999938964844,272.6451110839844,3.259999990463257
2022-12-30,18.459999084472656,40.70000076293945,110.37415313720703,37.94956588745117,11.390000343322754,0.9480000138282776,267.19000244140625,32.88999938964844,275.3457946777344,3.259999990463257
2023-01-03,17.200000762939453,40.560001373291016,110.6310806274414,38.8951530456543,11.050000190734863,0.9259999990463257,253.27999877929688,32.7599983215332,270.9753723144531,3.309999942779541
2023-01-04,17.31999969482422,42.349998474121094,113.6590576171875,42.98368835449219,11.710000038146973,1.0080000162124634,276.7799987792969,35.88999938964844,277.6289367675781,3.619999885559082
2023-01-05,16.219999313354492,42.7599983215332,114.73259735107422,42.13716125488281,11.479999542236328,0.9100000262260437,281.3900146484375,35.45000076293945,275.83990478515625,3.5199999809265137
2023-01-06,16.459999084472656,43.599998474121094,117.52201843261719,41.533782958984375,11.630000114440918,0.8820000290870667,292.07000732421875,37.9900016784668,283.16656494140625,3.5199999809265137
2023-01-09,16.3799991607666,45.189998626708984,117.7880859375,40.52516174316406,12.069999694824219,0.8880000114440918,299.5899963378906,37.84000015258789,278.5660400390625,3.4600000381469727
2023-01-10,17.770000457763672,47.119998931884766,117.88903045654297,41.24560546875,12.710000038146973,0.8840000033378601,309.6600036621094,40.20000076293945,284.0866394042969,3.640000104904175
2023-01-11,19.040000915527344,48.970001220703125,116.92559051513672,41.94805145263672,13.069999694824219,1.100000023841858,316.4800109863281,41.97999954223633,303.5618591308594,3.7100000381469727
2023-01-12,20.6299991607666,49.150001525878906,117.99913787841797,41.551795959472656,13.630000114440918,1.6059999465942383,319.4100036621094,42.130001068115234,311.3741149902344,3.819999933242798
2023-01-13,20.489999771118164,50.81999969482422,118.04501342773438,42.02009582519531,14.109999656677246,1.4040000438690186,310.3800048828125,43.22999954223633,318.3429260253906,3.809999942779541
2023-01-17,21.799999237060547,51.029998779296875,116.29244995117188,41.317657470703125,14.170000076293945,1.4620000123977661,309.25,43.02000045776367,321.7847900390625,4.079999923706055
2023-01-18,20.790000915527344,50.2400016784668,114.19123077392578,41.00246047973633,13.890000343322754,1.3960000276565552,300.42999267578125,41.040000915527344,321.3418884277344,4.159999847412109
2023-01-19,19.040000915527344,49.939998626708984,110.41085052490234,39.8497428894043,13.4399995803833,1.2760000228881836,292.70001220703125,38.90999984741211,317.6444396972656,4.119999885559082
2023-01-20,19.610000610351562,52.38999938964844,112.9066390991211,40.5341682434082,13.880000114440918,1.2979999780654907,299.1700134277344,46.790000915527344,312.6690979003906,4.170000076293945
2023-01-23,21.65999984741211,54.63999938964844,115.62264251708984,41.14655303955078,14.5600004196167,1.4359999895095825,311.2200012207031,59.33000183105469,319.2970886230469,4.260000228881836
2023-01-24,21.399999618530273,52.61000061035156,115.17303466796875,40.77731704711914,14.920000076293945,1.3279999494552612,306.4200134277344,54.650001525878906,313.9469299316406,4.269999980926514
2023-01-25,20.229999542236328,52.150001525878906,114.99870300292969,40.79533004760742,14.550000190734863,1.2860000133514404,308.1199951171875,56.189998626708984,323.5908508300781,4.199999809265137
2023-01-26,20.010000228881836,52.58000183105469,115.60429382324219,40.669246673583984,14.300000190734863,1.2999999523162842,308.989990234375,56.20000076293945,328.412841796875,4.21999979019165
2023-01-27,22.81999969482422,56.040000915527344,115.82450866699219,40.2099723815918,15.039999961853027,1.5540000200271606,310.6499938964844,63.7400016784668,323.4375305175781,4.369999885559082
2023-01-30,21.25,54.0,116.46681213378906,39.678646087646484,14.649999618530273,2.0,305.5199890136719,58.68000030517578,329.2647705078125,4.21999979019165
2023-01-31,21.8700008392334,57.5,119.9810791015625,41.434730529785156,14.989999771118164,2.0339999198913574,311.989990234375,60.5,335.0750732421875,4.25
2023-02-01,21.829999923706055,60.04999923706055,123.43115234375,43.208824157714844,16.479999542236328,2.7119998931884766,323.989990234375,66.51000213623047,336.139892578125,4.489999771118164
2023-02-02,22.700000762939453,65.47000122070312,123.0365982055664,42.344303131103516,17.020000457763672,2.8499999046325684,347.04998779296875,72.7300033569336,346.5250244140625,4.579999923706055
2023-02-03,22.25,62.84000015258789,124.55975341796875,42.191200256347656,16.8700008392334,2.890000104904175,343.6199951171875,67.12999725341797,342.75946044921875,4.460000038146973
2023-02-06,23.860000610351562,62.209999084472656,123.71559143066406,41.4437370300293,16.950000762939453,2.686000108718872,318.42999267578125,64.8499984741211,351.134033203125,4.409999847412109
2023-02-07,21.219999313354492,62.5,123.24762725830078,41.25461959838867,17.530000686645508,2.638000011444092,319.25,63.529998779296875,353.8602600097656,4.440000057220459
2023-02-08,21.100000381469727,59.099998474121094,121.10050964355469,39.81372833251953,17.670000076293945,2.802000045776367,320.80999755859375,62.459999084472656,338.99395751953125,4.369999885559082
2023-02-09,19.670000076293945,54.9900016784668,119.0910415649414,40.35405349731445,16.530000686645508,2.390000104904175,316.0,57.91999816894531,335.6372985839844,4.21999979019165
2023-02-10,19.270000457763672,54.900001525878906,118.62307739257812,39.91279220581055,15.989999771118164,2.1679999828338623,306.2300109863281,52.15999984741211,333.1837158203125,4.110000133514404
2023-02-13,19.690000534057617,55.36000061035156,119.17363739013672,40.28201675415039,16.139999389648438,2.2039999961853027,320.17999267578125,52.58000183105469,337.3411865234375,4.179999828338623
2023-02-14,19.8700008392334,56.63999938964844,118.7607192993164,40.46212387084961,16.600000381469727,2.1440000534057617,326.7799987792969,50.369998931884766,337.9460144042969,4.239999771118164
2023-02-15,21.799999237060547,63.4900016784668,120.66010284423828,38.940181732177734,17.780000686645508,2.5380001068115234,331.7900085449219,55.59000015258789,343.389892578125,4.369999885559082
2023-02-16,21.600000381469727,70.56999969482422,119.29289245605469,38.82255935668945,17.809999465942383,2.184000015258789,321.7699890136719,51.04999923706055,338.84912109375,4.260000228881836
2023-02-17,21.989999771118164,71.55999755859375,119.42137908935547,38.804466247558594,20.540000915527344,2.2739999294281006,315.8800048828125,51.790000915527344,346.43988037109375,4.150000095367432
2023-02-21,20.65999984741211,65.62999725341797,118.95341491699219,36.87736129760742,19.959999084472656,2.01200008392334,304.010009765625,47.970001220703125,287.1109924316406,3.9000000953674316
2023-02-22,20.520000457763672,68.83999633789062,118.65060424804688,37.89971923828125,19.530000686645508,2.0139999389648438,306.5899963378906,49.810001373291016,294.43768310546875,3.869999885559082
2023-02-23,20.139999389648438,66.79000091552734,119.2470474243164,39.410648345947266,19.040000915527344,2.0160000324249268,302.82000732421875,38.33000183105469,290.5869445800781,3.859999895095825
2023-02-24,19.540000915527344,62.650001525878906,117.69634246826172,38.379234313964844,18.190000534057617,1.6019999980926514,303.17999267578125,37.43000030517578,300.23089599609375,3.799999952316284
2023-02-27,19.100000381469727,62.349998474121094,119.0634994506836,37.48353958129883,18.799999237060547,1.7860000133514404,302.9599914550781,39.18000030517578,304.0218811035156,3.880000114440918
2023-02-28,19.229999542236328,64.69000244140625,118.02667236328125,36.97688674926758,18.860000610351562,1.8839999437332153,299.0299987792969,40.4900016784668,303.6385803222656,3.880000114440918
2023-03-01,18.149999618530273,63.63999938964844,118.08172607421875,35.65595245361328,18.31999969482422,1.781999945640564,291.54998779296875,39.33000183105469,302.32659912109375,3.8299999237060547
2023-03-02,18.190000534057617,64.02999877929688,118.83411407470703,35.98167037963867,18.579999923706055,1.8940000534057617,293.1499938964844,38.849998474121094,302.9740295410156,3.950000047683716
2023-03-03,18.700000762939453,65.62000274658203,121.21979522705078,35.81880569458008,19.040000915527344,2.0179998874664307,297.2099914550781,40.52000045776367,307.44671630859375,4.119999885559082
2023-03-06,18.649999618530273,63.63999938964844,121.24732971191406,35.6016731262207,19.190000534057617,1.8220000267028809,282.5299987792969,39.22999954223633,300.588623046875,3.990000009536743
2023-03-07,18.059999465942383,62.400001525878906,134.68971252441406,35.710243225097656,19.360000610351562,1.7760000228881836,282.5199890136719,39.0099983215332,301.9432067871094,3.5
2023-03-08,18.170000076293945,63.2400016784668,137.38731384277344,35.46595764160156,19.579999923706055,1.7699999809265137,279.75,38.56999969482422,302.8633117675781,3.619999885559082
2023-03-09,17.520000457763672,60.52000045776367,137.02029418945312,34.38026809692383,18.739999771118164,1.687999963760376,267.1099853515625,36.22999954223633,289.76904296875,3.6600000858306885
2023-03-10,17.25,59.9900016784668,134.21255493164062,33.728851318359375,18.549999237060547,1.4620000123977661,259.7300109863281,32.459999084472656,286.0972595214844,3.5899999141693115
2023-03-13,16.75,59.540000915527344,133.12979125976562,33.11362838745117,18.219999313354492,1.496000051498413,253.66000366210938,32.529998779296875,286.38690185546875,3.5799999237060547
2023-03-14,16.90999984741211,61.709999084472656,136.64410400390625,32.52554702758789,18.079999923706055,1.3660000562667847,252.0800018310547,31.020000457763672,283.0984191894531,3.7200000286102295
2023-03-15,15.949999809265137,62.34000015258789,134.6162872314453,31.76556396484375,17.989999771118164,1.409999966621399,244.1999969482422,32.290000915527344,279.1283874511719,3.700000047683716
2023-03-16,16.760000228881836,65.18000030517578,135.52166748046875,31.8922176361084,18.510000228881836,1.4819999933242798,248.2899932861328,32.5099983215332,277.26275634765625,3.690000057220459
2023-03-17,16.600000381469727,64.23999786376953,133.64620971679688,31.15033721923828,17.8700008392334,1.5299999713897705,246.4199981689453,31.719999313354492,270.4386291503906,3.7200000286102295
2023-03-20,16.8700008392334,61.81999969482422,132.8054962158203,31.503183364868164,17.229999542236328,1.4140000343322754,248.6300048828125,31.360000610351562,273.7441101074219,3.609999895095825
2023-03-21,17.649999618530273,65.91000366210938,135.47547912597656,32.36268997192383,18.309999465942383,1.5859999656677246,256.260009765625,33.439998626708984,274.1956787109375,3.7699999809265137
2023-03-22,23.8700008392334,62.939998626708984,131.45664978027344,31.602705001831055,17.610000610351562,1.6859999895095825,247.10000610351562,32.58000183105469,261.4081115722656,3.6700000762939453
2023-03-23,22.579999923706055,63.20000076293945,129.19317626953125,31.07794952392578,17.479999542236328,1.6699999570846558,243.64999389648438,34.20000076293945,259.9342346191406,3.8299999237060547
2023-03-24,23.979999542236328,60.0,127.88130950927734,32.21792984008789,17.729999542236328,1.6380000114440918,241.94000244140625,34.2400016784668,257.24212646484375,3.8399999141693115
2023-03-27,23.0,62.81999969482422,124.7216796875,33.19504928588867,17.809999465942383,1.5240000486373901,241.00999450683594,33.349998474121094,255.8023223876953,3.9100000858306885
2023-03-28,23.149999618530273,60.599998474121094,126.7356948852539,34.41645050048828,17.610000610351562,1.472000002861023,241.2899932861328,33.08000183105469,255.04412841796875,3.8299999237060547
2023-03-29,22.459999084472656,63.90999984741211,127.68730163574219,33.70170593261719,18.860000610351562,1.5740000009536743,245.7100067138672,33.380001068115234,255.8620147705078,3.9800000190734863
2023-03-30,22.5,61.619998931884766,126.67105865478516,32.81505584716797,18.90999984741211,1.7660000324249268,237.6300048828125,32.47999954223633,254.35308837890625,4.0
2023-03-31,23.020000457763672,65.81999969482422,131.0871124267578,33.09553146362305,19.360000610351562,1.9579999446868896,243.5500030517578,34.34000015258789,262.29840087890625,4.559999942779541
2023-04-03,23.170000076293945,65.70999908447266,135.96510314941406,33.02315902709961,19.040000915527344,1.8580000400543213,241.8300018310547,35.849998474121094,265.01788330078125,4.53000020980835
2023-04-04,22.350000381469727,66.12000274658203,132.14956665039062,33.068389892578125,19.079999923706055,1.899999976158142,241.6999969482422,35.84000015258789,262.7843322753906,4.639999866485596
2023-04-05,22.06999969482422,61.27000045776367,129.33175659179688,32.28126525878906,17.959999084472656,1.7000000476837158,232.17999267578125,34.439998626708984,257.37091064453125,4.519999980926514
2023-04-06,22.399999618530273,64.08000183105469,127.43785095214844,32.14554977416992,18.15999984741211,1.8020000457763672,236.92999267578125,33.66999816894531,254.99241638183594,4.550000190734863
2023-04-10,22.3700008392334,64.31999969482422,126.66181182861328,33.84646987915039,18.34000015258789,1.8619999885559082,240.61000061035156,35.400001525878906,262.3580627441406,4.53000020980835
2023-04-11,22.690000534057617,63.970001220703125,128.4818572998047,34.22645950317383,18.75,1.9520000219345093,239.1699981689453,35.709999084472656,258.572998046875,4.570000171661377
2023-04-12,22.260000228881836,60.470001220703125,127.19763946533203,32.9055290222168,18.530000686645508,1.8480000495910645,235.4600067138672,34.060001373291016,251.70184326171875,4.380000114440918
2023-04-13,22.549999237060547,63.31999969482422,127.4009017944336,32.4350700378418,19.0,1.8739999532699585,235.74000549316406,35.119998931884766,253.53465270996094,4.489999771118164
2023-04-14,22.459999084472656,61.720001220703125,128.8236541748047,32.74268341064453,19.15999984741211,1.7940000295639038,233.8800048828125,34.810001373291016,255.6147003173828,4.510000228881836
2023-04-17,22.280000686645508,64.47000122070312,129.5257568359375,32.064125061035156,19.489999771118164,1.812000036239624,239.1699981689453,35.63999938964844,259.3146057128906,4.46999979019165
2023-04-18,21.610000610351562,64.83999633789062,131.70608520507812,31.991748809814453,20.920000076293945,1.7599999904632568,245.27000427246094,36.08000183105469,261.2924499511719,4.400000095367432
2023-04-19,21.309999465942383,61.7400016784668,133.11961364746094,32.20887756347656,21.389999389648438,1.7259999513626099,250.13999938964844,36.56999969482422,266.953125,4.329999923706055
2023-04-20,20.219999313354492,58.91999816894531,135.09666442871094,31.44889259338379,21.3799991607666,1.600000023841858,245.99000549316406,36.63999938964844,267.6094665527344,4.210000038146973
2023-04-21,20.489999771118164,58.04999923706055,137.57264709472656,32.23603057861328,21.969999313354492,1.628000020980835,245.14999389648438,36.869998931884766,266.8934020996094,4.230000019073486
2023-04-24,19.93000030517578,59.060001373291016,137.9791717529297,32.5074577331543,21.40999984741211,1.6740000247955322,251.39999389648438,37.02000045776367,266.0323486328125,4.079999923706055
2023-04-25,19.0,57.720001220703125,134.71792602539062,31.394615173339844,21.020000457763672,1.5099999904632568,245.64999389648438,35.810001373291016,253.73931884765625,3.9700000286102295
2023-04-26,18.649999618530273,56.560001373291016,134.12664794921875,31.25889778137207,20.40999984741211,1.503999948501587,245.1999969482422,35.04999923706055,254.19107055664062,3.9700000286102295
2023-04-27,18.940000534057617,57.0099983215332,133.5907745361328,31.457950592041016,20.950000762939453,1.468000054359436,254.75,36.47999954223633,253.7563018798828,3.940000057220459
2023-04-28,19.290000915527344,56.209999084472656,133.96957397460938,31.75650978088379,21.90999984741211,1.3880000114440918,255.1300048828125,34.83000183105469,254.37864685058594,3.9100000858306885
2023-05-01,18.549999237060547,56.68000030517578,130.96697998046875,31.539371490478516,22.600000381469727,1.3860000371932983,259.3599853515625,32.27000045776367,250.54238891601562,3.880000114440918
2023-05-02,18.579999923706055,55.349998474121094,131.9093475341797,31.30413246154785,22.030000686645508,1.444000005722046,257.79998779296875,31.639999389648438,250.69580078125,4.239999771118164
2023-05-03,18.899999618530273,53.5099983215332,131.70608520507812,31.050813674926758,21.920000076293945,1.4140000343322754,256.57000732421875,31.290000915527344,245.58924865722656,4.369999885559082
2023-05-04,19.350000381469727,52.790000915527344,130.18173217773438,30.28177833557129,21.309999465942383,1.440000057220459,252.49000549316406,36.220001220703125,242.07704162597656,4.369999885559082
2023-05-05,20.420000076293945,54.970001220703125,130.8191680908203,30.498920440673828,24.579999923706055,1.7920000553131104,261.7200012207031,40.189998626708984,253.2191925048828,4.690000057220459
2023-05-08,20.510000228881836,55.709999084472656,130.3018341064453,29.50369644165039,24.18000030517578,2.259999990463257,257.4200134277344,39.970001220703125,247.8057861328125,4.980000019073486
2023-05-09,20.239999771118164,55.41999816894531,130.31109619140625,29.168947219848633,24.3799991607666,2.369999885559082,262.7200012207031,36.63999938964844,245.6063690185547,5.019999980926514
2023-05-10,20.760000228881836,55.93000030517578,129.02687072753906,28.797998428344727,24.329999923706055,2.630000114440918,262.260009765625,35.86000061035156,240.84080505371094,5.230000019073486
2023-05-11,20.8799991607666,56.849998474121094,128.72201538085938,29.159896850585938,24.0,2.3919999599456787,265.010009765625,36.439998626708984,241.41207885742188,5.139999866485596
2023-05-12,20.690000534057617,53.72999954223633,129.34100341796875,29.856550216674805,23.530000686645508,2.0999999046325684,259.7300109863281,34.7599983215332,241.8809814453125,5.010000228881836
2023-05-15,21.6200008392334,54.02000045776367,127.5487060546875,30.417484283447266,23.489999771118164,2.315999984741211,264.6300048828125,36.709999084472656,248.32591247558594,5.139999866485596
2023-05-16,21.989999771118164,52.22999954223633,121.41425323486328,29.494653701782227,22.920000076293945,2.119999885559082,241.41000366210938,35.59000015258789,238.35154724121094,5.079999923706055
2023-05-17,22.8700008392334,52.560001373291016,125.14667510986328,30.77939224243164,22.860000610351562,2.359999895095825,258.5899963378906,37.13999938964844,251.32669067382812,5.380000114440918
2023-05-18,23.049999237060547,53.810001373291016,125.56241607666016,34.081695556640625,23.979999542236328,2.3919999599456787,265.6199951171875,38.599998474121094,249.72396850585938,5.409999847412109
2023-05-19,22.059999465942383,52.61000061035156,117.02589416503906,33.50266647338867,24.110000610351562,2.1480000019073486,261.4200134277344,35.29999923706055,236.99607849121094,5.380000114440918
2023-05-22,24.209999084472656,56.619998931884766,116.7764663696289,34.48884201049805,25.219999313354492,2.2939999103546143,256.69000244140625,34.400001525878906,246.13494873046875,5.420000076293945
2023-05-23,23.15999984741211,55.880001068115234,115.09503173828125,34.84169387817383,24.270000457763672,2.381999969482422,256.67999267578125,35.209999084472656,240.1417999267578,5.28000020980835
2023-05-24,23.270000457763672,58.18000030517578,114.42060089111328,34.58835983276367,24.149999618530273,2.305999994277954,259.7699890136719,35.060001373291016,245.87069702148438,5.230000019073486
2023-05-25,23.350000381469727,54.58000183105469,113.0440444946289,33.14981460571289,23.690000534057617,2.187999963760376,254.6300048828125,34.869998931884766,242.39242553710938,5.179999828338623
2023-05-26,23.25,56.04999923706055,115.86184692382812,33.37600326538086,23.3799991607666,2.3480000495910645,246.82000732421875,36.41999816894531,245.1545867919922,5.230000019073486
2023-05-30,24.56999969482422,57.72999954223633,117.7003173828125,32.833160400390625,23.290000915527344,2.74399995803833,251.6699981689453,40.7599983215332,241.43765258789062,5.190000057220459
2023-05-31,24.049999237060547,58.20000076293945,117.80195617675781,31.883174896240234,23.34000015258789,2.5840001106262207,244.97999572753906,40.31999969482422,234.70286560058594,5.349999904632568
2023-06-01,24.100000381469727,58.54999923706055,116.61941528320312,32.8931770324707,24.43000030517578,3.1600000858306885,244.63999938964844,43.0099983215332,246.25424194335938,5.369999885559082
2023-06-02,24.639999389648438,60.13999938964844,118.63343048095703,34.31262969970703,24.920000076293945,3.135999917984009,252.2100067138672,43.209999084472656,265.7254333496094,5.309999942779541
2023-06-05,24.309999465942383,60.91999816894531,117.81118774414062,36.214332580566406,25.299999237060547,3.0,256.510009765625,46.25,258.7093811035156,5.210000038146973
2023-06-06,24.690000534057617,62.97999954223633,124.23202514648438,36.74209213256836,25.979999542236328,2.9560000896453857,265.79998779296875,49.439998626708984,273.2956848144531,5.300000190734863
2023-06-07,26.110000610351562,68.02999877929688,125.10047149658203,37.4791145324707,25.059999465942383,3.1059999465942383,267.1000061035156,49.29999923706055,283.474609375,5.179999828338623
2023-06-08,21.440000534057617,69.0999984741211,124.69395446777344,38.21613311767578,25.559999465942383,4.8460001945495605,264.3399963378906,52.95000076293945,288.35089111328125,5.190000057220459
2023-06-09,22.68000030517578,69.4800033569336,125.38687133789062,38.425411224365234,24.940000534057617,3.813999891281128,264.2699890136719,52.099998474121094,292.7156982421875,5.150000095367432
2023-06-12,24.299999237060547,71.69999694824219,125.09124755859375,38.04325485229492,25.459999084472656,4.251999855041504,269.5899963378906,51.22999954223633,291.3517761230469,5.230000019073486
2023-06-13,26.950000762939453,73.58999633789062,124.73091888427734,37.42451477050781,26.139999389648438,4.702000141143799,280.04998779296875,51.36000061035156,296.46673583984375,5.210000038146973
2023-06-14,25.700000762939453,73.37000274658203,124.7216796875,36.123348236083984,25.270000457763672,4.679999828338623,275.8299865722656,52.72999954223633,287.4216613769531,5.179999828338623
2023-06-15,24.84000015258789,71.75,125.71762084960938,36.14154815673828,24.829999923706055,5.276000022888184,282.8599853515625,53.34000015258789,294.54010009765625,5.159999847412109
2023-06-16,24.559999465942383,70.69000244140625,125.74553680419922,35.440914154052734,24.510000228881836,5.064000129699707,282.6000061035156,55.279998779296875,283.7559509277344,5.099999904632568
2023-06-20,24.579999923706055,67.95999908447266,126.19229888916016,35.3044319152832,24.760000228881836,4.703999996185303,289.57000732421875,56.52000045776367,280.3373718261719,4.949999809265137
2023-06-21,24.43000030517578,64.5199966430664,127.03927612304688,35.08605194091797,24.950000762939453,4.834000110626221,287.79998779296875,55.369998931884766,277.31103515625,4.829999923706055
2023-06-22,24.31999969482422,63.16999816894531,126.16436004638672,34.40362548828125,25.489999771118164,5.107999801635742,292.510009765625,57.09000015258789,274.6341857910156,4.96999979019165
2023-06-23,23.700000762939453,62.56999969482422,125.2522201538086,33.8576774597168,25.030000686645508,4.2820000648498535,290.8900146484375,57.34000015258789,274.2334899902344,4.789999961853027
2023-06-26,23.020000457763672,62.939998626708984,126.23885345458984,33.147945404052734,25.18000030517578,4.182000160217285,297.07000732421875,59.470001220703125,271.5821533203125,4.78000020980835
2023-06-27,23.579999923706055,63.5099983215332,128.32373046875,34.467315673828125,25.959999084472656,4.860000133514404,305.57000732421875,63.77000045776367,282.75848388671875,5.050000190734863
2023-06-28,24.979999542236328,65.22000122070312,126.49015045166016,33.46641540527344,25.65999984741211,5.605999946594238,310.44000244140625,62.5,276.27947998046875,5.010000228881836
2023-06-29,24.899999618530273,63.0,123.92123413085938,34.4309196472168,26.270000457763672,5.1479997634887695,322.239990234375,62.88999938964844,282.60894775390625,5.360000133514404
2023-06-30,24.25,63.959999084472656,123.03704071044922,34.121551513671875,26.56999969482422,5.184000015258789,329.5899963378906,65.01000213623047,278.32672119140625,5.53000020980835
2023-07-03,24.90999984741211,65.33999633789062,122.72986602783203,34.48550796508789,26.25,5.159999847412109,331.7900085449219,68.30999755859375,282.56634521484375,5.239999771118164
2023-07-05,23.899999618530273,65.06999969482422,122.26451110839844,34.767581939697266,26.079999923706055,5.170000076293945,332.489990234375,63.849998474121094,281.23565673828125,5.139999866485596
2023-07-06,22.829999923706055,61.599998474121094,120.00273895263672,34.021461486816406,25.229999542236328,4.863999843597412,324.6099853515625,57.5099983215332,281.1161193847656,4.840000152587891
2023-07-07,22.709999084472656,62.83000183105469,121.61296844482422,34.26713180541992,26.649999618530273,5.889999866485596,329.57000732421875,61.619998931884766,276.4586181640625,4.760000228881836
2023-07-10,23.540000915527344,67.87000274658203,125.72692108154297,33.79398727416992,28.860000610351562,6.854000091552734,347.260009765625,65.45999908447266,284.5538330078125,4.840000152587891
2023-07-11,23.90999984741211,75.43000030517578,128.14688110351562,33.8576774597168,28.959999084472656,7.113999843597412,365.67999267578125,68.0,290.055908203125,4.920000076293945
2023-07-12,23.440000534057617,76.31999969482422,129.55233764648438,33.40271759033203,30.489999771118164,7.7779998779296875,370.5799865722656,68.83999633789062,275.9297180175781,4.940000057220459
2023-07-13,23.459999084472656,76.41000366210938,128.34234619140625,32.4928092956543,31.299999237060547,7.535999774932861,369.67999267578125,72.18000030517578,272.26171875,5.050000190734863
2023-07-14,22.969999313354492,74.0199966430664,125.58727264404297,32.019657135009766,30.549999237060547,7.539999961853027,376.9700012207031,69.51000213623047,270.27410888671875,4.869999885559082
2023-07-17,22.81999969482422,75.83999633789062,124.423828125,32.8931770324707,31.239999771118164,7.306000232696533,364.989990234375,70.5999984741211,276.7315673828125,4.829999923706055
2023-07-18,23.079999923706055,75.6500015258789,124.4424819946289,32.40182113647461,31.290000915527344,7.960000038146973,369.2699890136719,71.44999694824219,275.1364440917969,4.860000133514404
2023-07-19,23.170000076293945,77.30000305175781,126.08992004394531,32.75668716430664,30.850000381469727,11.15999984741211,381.07000732421875,71.41999816894531,274.40283203125,4.829999923706055
2023-07-20,22.90999984741211,73.58999633789062,122.72055053710938,32.76578140258789,30.68000030517578,9.345999717712402,377.0799865722656,70.77999877929688,267.87713623046875,4.650000095367432
2023-07-21,22.18000030517578,73.5,122.385498046875,32.44731903076172,31.079999923706055,9.12399959564209,377.7200012207031,71.0199966430664,260.59222412109375,4.699999809265137
2023-07-24,23.040000915527344,71.86000061035156,121.9014892578125,32.07425308227539,30.610000610351562,9.248000144958496,381.510009765625,69.41999816894531,269.4296875,4.739999771118164
2023-07-25,22.850000381469727,70.4000015258789,121.93872833251953,31.919580459594727,30.979999542236328,8.821999549865723,385.44000244140625,68.72000122070312,268.2439270019531,4.699999809265137
2023-07-26,22.700000762939453,71.47000122070312,122.99978637695312,32.729393005371094,31.510000228881836,8.75,389.92999267578125,68.30999755859375,276.1770935058594,4.670000076293945
2023-07-27,22.219999313354492,68.19000244140625,124.8613052368164,32.9113655090332,30.959999084472656,8.092000007629395,381.17999267578125,68.7300033569336,271.42572021484375,4.639999866485596
2023-07-28,21.93000030517578,89.61000061035156,125.90376281738281,33.2480354309082,32.380001068115234,8.803999900817871,387.2900085449219,73.08999633789062,282.42132568359375,4.75
2023-07-31,22.200000762939453,96.2699966430664,131.23699951171875,33.72119903564453,31.780000686645508,9.1899995803833,388.1700134277344,77.87000274658203,292.6235656738281,5.099999904632568
2023-08-01,21.5,97.48999786376953,130.57614135742188,33.39362716674805,31.549999237060547,9.821999549865723,390.32000732421875,75.9000015258789,295.0205383300781,5.070000171661377
2023-08-02,20.829999923706055,91.25,129.50582885742188,33.65750503540039,30.239999771118164,10.369999885559082,388.0899963378906,72.88999938964844,291.4463806152344,4.739999771118164
2023-08-03,20.93000030517578,88.47000122070312,135.15550231933594,33.80308532714844,29.989999771118164,10.357999801635742,399.95001220703125,84.66999816894531,288.3583984375,4.769999980926514
2023-08-04,20.979999542236328,86.3499984741211,134.9134979248047,34.56740188598633,31.739999771118164,9.088000297546387,392.8500061035156,83.08999633789062,283.615478515625,4.769999980926514
2023-08-07,21.06999969482422,88.4000015258789,135.74185180664062,35.75938415527344,31.6299991607666,8.961999893188477,401.8399963378906,83.26000213623047,284.46856689453125,4.71999979019165
2023-08-08,20.739999771118164,86.54000091552734,135.44403076171875,35.76848602294922,31.709999084472656,8.802000045776367,399.57000732421875,81.76000213623047,287.0447082519531,4.639999866485596
2023-08-09,19.93000030517578,81.63999938964844,135.24856567382812,35.66838836669922,28.260000228881836,8.288000106811523,390.55999755859375,74.66999816894531,286.74615478515625,4.579999923706055
2023-08-10,20.190000534057617,78.83000183105469,134.72735595703125,35.46821212768555,27.75,7.892000198364258,385.0799865722656,72.8499984741211,315.43353271484375,4.679999828338623
2023-08-11,20.190000534057617,79.26000213623047,130.9391326904297,33.65750503540039,29.389999389648438,8.220000267028809,371.54998779296875,75.0,310.5030517578125,4.610000133514404
2023-08-14,19.959999084472656,82.26000213623047,134.93209838867188,34.103355407714844,29.360000610351562,8.218000411987305,382.95001220703125,78.36000061035156,307.0909729003906,4.610000133514404
2023-08-15,19.329999923706055,82.69000244140625,138.00363159179688,34.18524169921875,28.329999923706055,7.863999843597412,373.6300048828125,76.80999755859375,300.48846435546875,4.480000019073486
2023-08-16,18.59000015258789,80.61000061035156,136.3748016357422,34.103355407714844,27.34000015258789,7.611999988555908,365.1199951171875,74.0199966430664,295.90771484375,4.409999847412109
2023-08-17,18.3799991607666,77.2300033569336,134.3085174560547,33.033050537109375,26.3700008392334,7.447999954223633,356.6499938964844,70.16999816894531,284.8780212402344,4.360000133514404
2023-08-18,18.360000610351562,79.30000305175781,136.46786499023438,33.40810775756836,26.56999969482422,7.8420000076293945,353.5,70.44000244140625,289.9535827636719,4.369999885559082
2023-08-21,18.479999542236328,78.19000244140625,136.85877990722656,33.591064453125,27.290000915527344,8.067999839782715,344.17999267578125,70.0,286.88262939453125,4.389999866485596
2023-08-22,17.260000228881836,78.66000366210938,103.80753326416016,31.962738037109375,27.239999771118164,7.673999786376953,333.6600036621094,65.30999755859375,282.3103942871094,4.46999979019165
2023-08-23,16.889999389648438,80.2699966430664,103.453857421875,33.16111755371094,27.809999465942383,8.055999755859375,357.0199890136719,67.41000366210938,292.9818420410156,4.599999904632568
2023-08-24,16.360000610351562,76.1500015258789,105.68767547607422,31.64257049560547,27.25,7.552000045776367,351.0,65.95999908447266,288.0001220703125,4.429999828338623
2023-08-25,17.1299991607666,76.94999694824219,103.93785095214844,31.871257781982422,28.149999618530273,8.239999771118164,338.7300109863281,65.19000244140625,290.5421447753906,5.230000019073486
2023-08-28,17.56999969482422,76.7300033569336,108.10765838623047,32.78605270385742,28.110000610351562,9.074000358581543,346.8599853515625,63.790000915527344,292.2140808105469,5.340000152587891
2023-08-29,18.239999771118164,80.25,107.38166809082031,33.920387268066406,28.889999389648438,9.479999542236328,355.0400085449219,66.25,294.56842041015625,5.400000095367432
2023-08-30,18.3700008392334,81.0199966430664,106.83251190185547,34.862632751464844,29.670000076293945,9.942000389099121,355.9100036621094,68.93000030517578,298.1170349121094,5.519999980926514
2023-08-31,18.549999237060547,81.19999694824219,108.28449249267578,33.72828674316406,29.649999618530273,10.069999694824219,365.19000244140625,69.11000061035156,294.3978576660156,5.559999942779541
2023-09-01,18.420000076293945,81.72000122070312,108.58232879638672,34.89921569824219,29.639999389648438,10.170000076293945,381.04998779296875,72.16000366210938,299.004150390625,5.599999904632568
2023-09-05,19.229999542236328,83.7300033569336,104.2822265625,34.423526763916016,29.75,9.968000411987305,385.7699890136719,74.80000305175781,288.9384460449219,5.579999923706055
2023-09-06,18.75,86.19000244140625,104.05885314941406,34.15824508666992,30.3700008392334,10.10200023651123,373.32000732421875,72.38999938964844,283.1719665527344,5.539999961853027
2023-09-07,18.889999389648438,83.62000274658203,103.37007904052734,33.92954635620117,31.170000076293945,9.526000022888184,368.54998779296875,70.97000122070312,275.49468994140625,4.679999828338623
2023-09-08,17.709999084472656,83.47000122070312,103.68653869628906,33.38982009887695,31.850000381469727,9.392000198364258,310.95001220703125,71.1500015258789,272.0996398925781,4.559999942779541
2023-09-11,17.020000457763672,84.25,103.11878204345703,33.35321807861328,31.790000915527344,10.161999702453613,316.7900085449219,74.0,271.8437194824219,5.21999979019165
2023-09-12,17.229999542236328,81.30000305175781,102.96055603027344,34.07590103149414,30.690000534057617,10.15999984741211,306.9800109863281,71.81999969482422,273.49005126953125,5.320000171661377
2023-09-13,17.809999465942383,78.44000244140625,103.20254516601562,32.82265090942383,30.709999084472656,9.845999717712402,310.5899963378906,71.51000213623047,271.2807312011719,5.510000228881836
2023-09-14,18.329999923706055,77.80000305175781,107.20366668701172,33.22515106201172,31.489999771118164,11.17199993133545,307.25,71.19000244140625,276.2879333496094,5.380000114440918
2023-09-15,18.219999313354492,76.26000213623047,106.05780792236328,33.18856430053711,31.040000915527344,10.4399995803833,303.5899963378906,71.0,271.5963439941406,5.389999866485596
2023-09-18,17.549999237060547,74.38999938964844,103.67216491699219,33.01475524902344,31.25,10.390000343322754,292.57000732421875,63.56999969482422,263.4925231933594,5.21999979019165
2023-09-19,17.520000457763672,73.80999755859375,105.77604675292969,32.18229293823242,30.09000015258789,9.5,289.8699951171875,63.619998931884766,266.52081298828125,5.130000114440918
2023-09-20,17.520000457763672,71.48999786376953,105.08100891113281,32.008480072021484,30.079999923706055,8.741999626159668,286.69000244140625,63.619998931884766,264.3541259765625,5.110000133514404
2023-09-21,17.020000457763672,71.62999725341797,104.01968383789062,31.1668758392334,28.709999084472656,8.579999923706055,271.1499938964844,60.529998779296875,265.09625244140625,5.119999885559082
2023-09-22,17.18000030517578,69.2699966430664,103.94454193115234,30.28868293762207,27.760000228881836,8.39799976348877,263.9100036621094,59.34000015258789,267.8258972167969,5.159999847412109
2023-09-25,17.670000076293945,68.55000305175781,100.89204406738281,30.252084732055664,27.360000610351562,8.050000190734863,265.20001220703125,59.33000183105469,271.4342346191406,4.989999771118164
2023-09-26,16.780000686645508,67.87000274658203,99.78375244140625,28.998823165893555,27.920000076293945,7.906000137329102,257.3699951171875,56.86000061035156,266.93878173828125,4.880000114440918
2023-09-27,17.149999618530273,67.63999938964844,99.73678588867188,29.41048240661621,29.020000457763672,8.166000366210938,256.70001220703125,58.79999923706055,268.7813415527344,4.889999866485596
2023-09-28,16.84000015258789,68.08000183105469,100.11247253417969,30.380159378051758,28.93000030517578,8.248000144958496,259.1300048828125,59.70000076293945,280.16986083984375,4.760000228881836
2023-09-29,16.459999084472656,70.58999633789062,101.98155212402344,30.91988182067871,29.440000534057617,8.395999908447266,264.3599853515625,60.56999969482422,282.41510009765625,4.710000038146973
2023-10-02,15.390000343322754,70.5,99.84010314941406,30.7094783782959,29.040000915527344,7.849999904632568,262.010009765625,62.5,278.2403869628906,4.400000095367432
2023-10-03,14.600000381469727,68.6500015258789,97.88651275634766,29.67576789855957,27.8700008392334,7.642000198364258,253.55999755859375,56.90999984741211,268.4996337890625,4.349999904632568
2023-10-04,14.869999885559082,70.16999816894531,98.2340316772461,29.89531898498535,28.65999984741211,7.526000022888184,248.4499969482422,58.130001068115234,265.12744140625,4.269999980926514
2023-10-05,14.710000038146973,70.04000091552734,96.00807189941406,29.60258674621582,28.3700008392334,7.1479997634887695,240.17999267578125,55.04999923706055,257.9563293457031,3.7899999618530273
2023-10-06,15.079999923706055,71.83000183105469,97.20088195800781,29.364742279052734,29.639999389648438,7.53000020980835,248.27999877929688,57.09000015258789,256.97454833984375,3.7699999809265137
2023-10-09,15.399999618530273,71.72000122070312,97.5765609741211,28.395065307617188,29.579999923706055,7.77400016784668,245.6300048828125,53.470001220703125,259.5527648925781,3.5999999046325684
2023-10-10,16.0,72.93000030517578,100.41304016113281,28.770132064819336,30.270000457763672,7.808000087738037,247.77000427246094,55.439998626708984,264.4189147949219,3.609999895095825
2023-10-11,15.819999694824219,71.36000061035156,102.10364532470703,28.4591007232666,30.739999771118164,7.573999881744385,249.85000610351562,54.470001220703125,262.3785095214844,3.5899999141693115
2023-10-12,15.09000015258789,67.7699966430664,99.13570404052734,28.129777908325195,29.459999084472656,6.77400016784668,238.97000122070312,50.27000045776367,253.89266967773438,3.490000009536743
2023-10-13,14.920000076293945,66.06999969482422,100.7981185913086,27.626638412475586,28.549999237060547,6.77400016784668,238.52999877929688,47.310001373291016,258.8185729980469,3.4700000286102295
2023-10-16,14.430000305175781,67.1500015258789,103.70974731445312,28.706090927124023,29.799999237060547,6.921999931335449,244.7100067138672,47.779998779296875,262.0882568359375,3.7100000381469727
2023-10-17,14.119999885559082,68.43000030517578,104.60200500488281,29.8221378326416,30.25,6.8979997634887695,251.02000427246094,47.16999816894531,271.2485046386719,3.7200000286102295
2023-10-18,13.850000381469727,62.099998474121094,103.3810043334961,29.291561126708984,28.559999465942383,6.492000102996826,239.88999938964844,45.15999984741211,272.3583984375,3.549999952316284
2023-10-19,13.15999984741211,62.47999954223633,102.19757843017578,28.093181610107422,27.719999313354492,6.317999839782715,231.17999267578125,43.7599983215332,268.39715576171875,3.440000057220459
2023-10-20,13.4399995803833,59.79999923706055,102.66718292236328,28.449947357177734,27.06999969482422,6.214000225067139,232.4499969482422,43.869998931884766,268.0215148925781,3.369999885559082
2023-10-23,13.4399995803833,61.18000030517578,99.50199127197266,27.04117774963379,28.149999618530273,6.349999904632568,233.05999755859375,42.38999938964844,264.9140625,3.3499999046325684
2023-10-24,14.039999961853027,61.41999816894531,100.33790588378906,26.38252830505371,29.190000534057617,6.335999965667725,231.72000122070312,43.36000061035156,264.9311218261719,3.569999933242798
2023-10-25,13.710000038146973,58.5,100.72298431396484,25.723880767822266,27.350000381469727,5.894000053405762,226.22999572753906,40.33000183105469,267.9361877441406,3.4700000286102295
2023-10-26,13.5,56.40999984741211,97.9804458618164,26.24530792236328,26.219999313354492,5.820000171661377,215.47999572753906,39.290000915527344,268.1922912597656,3.440000057220459
2023-10-27,13.119999885559082,56.349998474121094,94.8809585571289,25.879392623901367,26.639999389648438,5.716000080108643,213.1300048828125,40.599998474121094,263.4029235839844,3.4100000858306885
2023-10-30,12.800000190734863,56.349998474121094,98.86331939697266,26.69355583190918,26.920000076293945,5.504000186920166,215.67999267578125,41.880001068115234,265.5714111328125,3.630000114440918
2023-10-31,13.770000457763672,59.56999969482422,100.45059967041016,27.123506546020508,27.6200008392334,5.400000095367432,217.9600067138672,42.61000061035156,265.0335998535156,3.5799999237060547
2023-11-01,13.010000228881836,59.70000076293945,101.19258880615234,27.17839241027832,27.229999542236328,5.197999954223633,213.3699951171875,44.380001068115234,264.8628234863281,3.559999942779541
2023-11-02,13.640000343322754,78.05000305175781,103.88819122314453,28.05659294128418,28.979999542236328,5.984000205993652,225.02000427246094,46.689998626708984,277.4294128417969,3.7100000381469727
2023-11-03,13.869999885559082,84.75,108.2649917602539,29.812990188598633,33.75,6.455999851226807,240.1300048828125,49.619998931884766,284.9676208496094,3.740000009536743
2023-11-06,13.529999732971191,83.30000305175781,107.56057739257812,28.81587028503418,35.099998474121094,6.645999908447266,232.99000549316406,46.16999816894531,277.31842041015625,3.680000066757202
2023-11-07,13.640000343322754,83.43000030517578,107.02521514892578,28.852460861206055,35.93000030517578,6.834000110626221,236.14999389648438,46.31999969482422,266.9543762207031,3.799999952316284
2023-11-08,13.279999732971191,82.83999633789062,105.74784851074219,28.9073486328125,36.040000915527344,6.797999858856201,235.5800018310547,46.52000045776367,263.31756591796875,3.740000009536743
2023-11-09,12.699999809265137,81.58000183105469,105.35338592529297,28.148069381713867,34.810001373291016,6.0879998207092285,228.5,42.84000015258789,249.16311645507812,3.5999999046325684
2023-11-10,12.539999961853027,81.30999755859375,105.73847198486328,28.395065307617188,35.029998779296875,5.8379998207092285,233.52000427246094,43.220001220703125,249.60707092285156,3.640000104904175
2023-11-13,12.140000343322754,83.97000122070312,103.76610565185547,27.196687698364258,35.58000183105469,5.728000164031982,228.9600067138672,41.29999923706055,254.9085693359375,3.5199999809265137
2023-11-14,12.899999618530273,88.0999984741211,107.00643157958984,28.82501792907715,37.029998779296875,6.642000198364258,246.8699951171875,45.58000183105469,268.9008483886719,3.75
2023-11-15,13.270000457763672,91.0999984741211,110.66002655029297,29.73065948486328,36.619998931884766,6.831999778747559,259.0899963378906,47.59000015258789,281.95404052734375,3.6700000762939453
2023-11-16,12.529999732971191,89.5,108.34013366699219,27.705657958984375,37.310001373291016,6.4720001220703125,254.52999877929688,46.11000061035156,268.6702880859375,3.5999999046325684
2023-11-17,13.029999732971191,92.97000122070312,110.90424346923828,27.02452278137207,38.369998931884766,6.406000137329102,259.4800109863281,47.15999984741211,289.2190856933594,3.700000047683716
2023-11-20,12.800000190734863,94.98999786376953,111.77772521972656,26.74838638305664,38.68000030517578,6.624000072479248,268.42999267578125,49.470001220703125,293.4193420410156,3.6700000762939453
2023-11-21,12.550000190734863,93.5999984741211,114.200927734375,27.30986213684082,38.22999954223633,6.236000061035156,268.6000061035156,48.189998626708984,292.4375305175781,3.609999895095825
2023-11-22,12.289999961853027,94.77999877929688,114.3887710571289,27.254638671875,38.68000030517578,6.269999980926514,270.0,48.869998931884766,290.2435302734375,3.619999885559082
2023-11-24,12.199999809265137,94.93000030517578,115.7882308959961,27.64122772216797,38.70000076293945,6.2820000648498535,268.82000732421875,49.11000061035156,297.5768737792969,3.6500000953674316
2023-11-27,11.90999984741211,102.9800033569336,114.041259765625,27.917360305786133,38.75,6.185999870300293,267.3900146484375,52.7599983215332,290.8838195800781,3.7200000286102295
2023-11-28,13.489999771118164,106.87000274658203,117.06558227539062,28.7825927734375,38.29999923706055,6.323999881744385,266.44000244140625,56.9900016784668,293.12908935546875,3.6700000762939453
2023-11-29,16.25,106.75,120.17442321777344,29.50054359436035,38.27000045776367,6.4019999504089355,270.6300048828125,58.5,299.26715087890625,3.7699999809265137
2023-11-30,14.550000190734863,104.19999694824219,122.19377899169922,30.02520179748535,38.2400016784668,6.263999938964844,269.9700012207031,55.79999923706055,296.31341552734375,3.6700000762939453
2023-12-01,15.300000190734863,103.54000091552734,129.8672637939453,31.194177627563477,39.0,7.039999961853027,284.6700134277344,58.529998779296875,309.4775695800781,3.8499999046325684
2023-12-04,16.979999542236328,104.4800033569336,132.57228088378906,33.96474838256836,37.189998626708984,8.013999938964844,290.260009765625,58.310001373291016,314.27545166015625,3.890000104904175
2023-12-05,14.90999984741211,105.19000244140625,128.843505859375,32.44599151611328,36.439998626708984,7.751999855041504,279.8599853515625,55.630001068115234,305.81512451171875,3.950000047683716
2023-12-06,14.84000015258789,102.36000061035156,129.99879455566406,34.047584533691406,36.029998779296875,7.47599983215332,279.8800048828125,53.06999969482422,307.82989501953125,3.940000057220459
2023-12-07,16.360000610351562,100.68000030517578,129.0970916748047,34.06599044799805,35.40999984741211,7.579999923706055,281.3999938964844,53.06999969482422,310.0238952636719,3.9200000762939453
2023-12-08,15.550000190734863,103.36000061035156,129.6981964111328,34.58144760131836,35.900001525878906,8.052000045776367,242.00999450683594,55.099998474121094,311.45819091796875,4.119999885559082
2023-12-11,15.069999694824219,102.97000122070312,130.4683837890625,35.70439910888672,36.4900016784668,7.966000080108643,250.5500030517578,54.900001525878906,324.96380615234375,4.099999904632568
2023-12-12,15.220000267028809,100.9800033569336,129.28494262695312,35.70439910888672,36.619998931884766,7.900000095367432,253.07000732421875,52.060001373291016,321.9246520996094,4.090000152587891
2023-12-13,16.690000534057617,101.68000030517578,132.76010131835938,36.965423583984375,37.43000030517578,9.013999938964844,283.82000732421875,56.91999816894531,330.4190368652344,4.269999980926514
2023-12-14,17.440000534057617,102.87999725341797,137.51808166503906,38.392127990722656,36.16999816894531,10.12399959564209,317.1300048828125,64.16000366210938,349.1076965332031,4.360000133514404
2023-12-15,17.260000228881836,95.93000030517578,136.85594177246094,37.95951461791992,35.349998474121094,10.279999732971191,308.6199951171875,64.13999938964844,356.9936828613281,4.369999885559082
2023-12-18,17.860000610351562,93.48999786376953,134.66143798828125,38.152809143066406,35.189998626708984,11.13599967956543,305.2900085449219,62.939998626708984,350.0708923339844,4.150000095367432
2023-12-19,17.719999313354492,94.41999816894531,138.03831481933594,39.11008071899414,35.75,11.960000038146973,312.20001220703125,66.72000122070312,355.25634765625,4.210000038146973
2023-12-20,16.93000030517578,89.11000061035156,137.8018798828125,38.76030349731445,34.290000915527344,11.09000015258789,305.32000732421875,64.69999694824219,349.7288818359375,4.099999904632568
2023-12-21,16.979999542236328,92.04000091552734,138.8707733154297,40.24223709106445,35.11000061035156,11.642000198364258,307.7799987792969,68.16999816894531,354.4911193847656,3.5799999237060547
2023-12-22,16.969999313354492,91.33999633789062,135.08705139160156,39.662357330322266,35.720001220703125,10.947999954223633,302.1099853515625,67.11000061035156,355.20233154296875,3.569999933242798
2023-12-26,17.360000610351562,94.9000015258789,138.6248321533203,39.12848663330078,35.54999923706055,10.711999893188477,301.9800109863281,64.81999969482422,362.2690734863281,3.609999895095825
2023-12-27,18.3700008392334,94.2300033569336,139.45721435546875,39.31257629394531,35.790000915527344,10.878000259399414,299.3500061035156,64.41000366210938,366.09503173828125,3.549999952316284
2023-12-28,18.06999969482422,94.0999984741211,139.42886352539062,39.69917678833008,35.869998931884766,10.982000350952148,300.9800109863281,64.12000274658203,367.3380126953125,3.559999942779541
2023-12-29,17.530000686645508,91.66000366210938,139.00320434570312,39.72679138183594,35.25,10.588000297546387,291.4800109863281,61.70000076293945,363.5998840332031,3.5399999618530273
2024-01-02,16.670000076293945,89.0,138.1045684814453,41.1902961730957,33.58000183105469,9.77400016784668,285.8500061035156,58.790000915527344,365.3563232421875,3.430000066757202
2024-01-03,16.690000534057617,86.61000061035156,131.3412322998047,40.12257766723633,32.209999084472656,9.338000297546387,269.739990234375,55.040000915527344,343.5935363769531,3.3299999237060547
2024-01-04,16.360000610351562,87.91000366210938,131.02906799316406,39.9845085144043,32.880001068115234,9.317999839782715,266.3399963378906,56.25,335.42340087890625,3.25
2024-01-05,15.960000038146973,89.29000091552734,131.41690063476562,41.15348434448242,33.18000030517578,9.37399959564209,263.7099914550781,55.36000061035156,335.7566833496094,3.259999990463257
2024-01-08,15.789999961853027,93.94999694824219,132.28717041015625,42.01871109008789,33.61000061035156,9.666000366210938,272.6499938964844,56.38999938964844,362.1135559082031,3.2300000190734863
2024-01-09,15.15999984741211,91.5999984741211,133.40333557128906,41.420413970947266,34.2400016784668,9.432000160217285,271.8999938964844,55.75,358.51043701171875,3.309999942779541
2024-01-10,15.729999542236328,89.69000244140625,132.75064086914062,40.6196174621582,33.56999969482422,9.347999572753906,273.1199951171875,56.43000030517578,356.3846740722656,3.450000047683716
2024-01-11,15.25,86.6500015258789,132.28717041015625,39.67156219482422,33.43000030517578,9.208000183105469,275.6600036621094,55.16999816894531,348.6288757324219,3.390000104904175
2024-01-12,14.75,86.05000305175781,133.22360229492188,38.85235595703125,32.95000076293945,8.555999755859375,268.2900085449219,50.91999816894531,347.1966247558594,3.4000000953674316
2024-01-16,13.979999542236328,84.79000091552734,135.03976440429688,39.7083740234375,33.65999984741211,8.458000183105469,258.0199890136719,51.7400016784668,345.160888671875,3.4000000953674316
2024-01-17,14.079999923706055,84.01000213623047,134.1884307861328,39.40462875366211,35.06999969482422,8.442000389099121,254.5500030517578,51.369998931884766,345.95355224609375,3.3399999141693115
2024-01-18,14.289999961853027,84.05999755859375,136.12759399414062,39.165306091308594,37.540000915527344,8.567999839782715,255.02000427246094,50.900001525878906,344.9987487792969,3.390000104904175
2024-01-19,14.510000228881836,87.06999969482422,138.56808471679688,39.05485534667969,37.619998931884766,8.984000205993652,259.3500061035156,56.130001068115234,342.7558288574219,3.430000066757202
2024-01-22,14.899999618530273,88.45999908447266,144.03549194335938,38.69587707519531,37.939998626708984,9.670000076293945,266.3399963378906,58.779998779296875,356.42962646484375,3.5999999046325684
2024-01-23,14.180000305175781,90.97000122070312,142.12472534179688,38.14360809326172,38.290000915527344,9.107999801635742,268.7699890136719,57.81999969482422,350.268310546875,3.549999952316284
2024-01-24,13.949999809265137,88.2300033569336,142.63552856445312,37.867469787597656,38.459999084472656,8.406000137329102,264.3399963378906,54.77000045776367,353.0787048339844,2.930000066757202
2024-01-25,14.520000457763672,88.83000183105469,144.867919921875,38.346107482910156,38.689998626708984,8.199999809265137,270.5199890136719,54.88999938964844,359.0779113769531,2.9800000190734863
2024-01-26,14.489999771118164,89.0,144.75437927246094,39.064056396484375,38.47999954223633,8.359999656677246,272.6400146484375,56.16999816894531,363.2755432128906,2.9200000762939453
2024-01-29,14.779999732971191,93.2699966430664,143.77064514160156,39.874053955078125,39.90999984741211,8.984000205993652,273.2799987792969,54.95000076293945,360.5371398925781,2.9800000190734863
2024-01-30,14.550000190734863,90.91999816894531,144.8016815185547,40.17781066894531,40.290000915527344,8.82800006866455,263.1000061035156,51.779998779296875,358.30328369140625,2.859999895095825
2024-01-31,14.229999542236328,88.05999755859375,141.00852966308594,39.26655578613281,39.04999923706055,8.612000465393066,253.47999572753906,50.25,348.8450622558594,2.7899999618530273
2024-02-01,14.420000076293945,88.6500015258789,144.32875061035156,40.0489387512207,40.650001525878906,8.505999565124512,258.1700134277344,51.2400016784668,354.25872802734375,2.7699999809265137
2024-02-02,14.729999542236328,91.02999877929688,147.52593994140625,39.993717193603516,41.59000015258789,8.6899995803833,256.0299987792969,51.54999923706055,352.7093811035156,2.7100000381469727
2024-02-05,13.460000038146973,87.75,147.98944091796875,39.38621520996094,41.95000076293945,8.760000228881836,251.8300018310547,49.029998779296875,344.22406005859375,2.6600000858306885
2024-02-06,14.100000381469727,93.4800033569336,148.45294189453125,39.7083740234375,41.7400016784668,9.637999534606934,254.86000061035156,50.65999984741211,345.3229675292969,2.759999990463257
2024-02-07,14.069999694824219,94.48999786376953,150.01373291015625,40.58280944824219,42.599998474121094,9.618000030517578,254.7899932861328,49.72999954223633,343.91778564453125,2.75
2024-02-08,14.350000381469727,94.69999694824219,151.31910705566406,40.84053421020508,42.810001373291016,10.477999687194824,256.8599853515625,51.59000015258789,355.9161376953125,2.7899999618530273
2024-02-09,14.65999984741211,95.80000305175781,153.4001007080078,41.162696838378906,43.380001068115234,10.62600040435791,261.1400146484375,52.41999816894531,369.1936950683594,2.799999952316284
2024-02-12,14.729999542236328,98.56999969482422,157.42974853515625,41.18110275268555,43.61000061035156,11.055999755859375,278.7900085449219,54.22999954223633,382.7323913574219,2.809999942779541
2024-02-13,14.170000076293945,89.94000244140625,156.58787536621094,39.82803726196289,42.689998626708984,10.394000053405762,264.8500061035156,50.40999984741211,364.7528076171875,2.7100000381469727
2024-02-14,14.40999984741211,91.23999786376953,157.90269470214844,40.38950729370117,43.880001068115234,10.831999778747559,274.94000244140625,51.90999984741211,362.28472900390625,2.7799999713897705
2024-02-15,14.510000228881836,94.5,160.97694396972656,41.88064956665039,44.459999084472656,11.52400016784668,275.45001220703125,52.220001220703125,381.60638427734375,2.859999895095825
2024-02-16,14.119999885559082,72.0,160.0026397705078,41.788604736328125,44.56999969482422,10.496000289916992,265.5199890136719,52.0099983215332,381.1290283203125,2.7899999618530273
2024-02-20,13.489999771118164,67.25,157.4486541748047,43.59269714355469,41.31999969482422,10.362000465393066,262.2699890136719,50.47999954223633,383.2638854980469,2.690000057220459
2024-02-21,13.40999984741211,63.900001525878906,157.10813903808594,42.72746276855469,40.75,9.880000114440918,256.0400085449219,48.779998779296875,379.6246643066406,2.7100000381469727
2024-02-22,13.359999656677246,63.290000915527344,159.7472686767578,43.16195297241211,40.84000015258789,10.482000350952148,259.9700012207031,54.040000915527344,386.7678527832031,2.6500000953674316
2024-02-23,13.510000228881836,64.4800033569336,163.332275390625,43.67963409423828,41.279998779296875,13.845999717712402,258.55999755859375,52.560001373291016,387.63262939453125,2.569999933242798
2024-02-26,13.680000305175781,64.3499984741211,166.02816772460938,42.98630142211914,40.349998474121094,13.97599983215332,254.0399932861328,52.4900016784668,390.6051940917969,2.609999895095825
2024-02-27,14.210000038146973,63.83000183105469,167.52273559570312,43.82754135131836,41.47999954223633,16.083999633789062,265.7200012207031,57.34000015258789,392.49688720703125,2.7100000381469727
2024-02-28,14.239999771118164,63.709999084472656,167.87274169921875,44.67802429199219,42.33000183105469,15.093999862670898,264.3599853515625,57.689998626708984,375.9945373535156,2.690000057220459
2024-02-29,14.270000457763672,63.18000030517578,168.27000427246094,42.24675750732422,43.31999969482422,15.185999870300293,274.3999938964844,59.599998474121094,373.5804748535156,2.7799999713897705
2024-03-01,14.949999809265137,63.349998474121094,171.4388427734375,42.22826385498047,43.529998779296875,16.591999053955078,277.6300048828125,60.119998931884766,370.70703125,2.7799999713897705
2024-03-04,15.220000267028809,63.02000045776367,170.00106811523438,42.20053482055664,44.869998931884766,16.308000564575195,271.1099853515625,61.310001373291016,372.4905090332031,2.680000066757202
2024-03-05,15.0,62.790000915527344,171.1077880859375,41.69209671020508,42.619998931884766,15.465999603271484,268.239990234375,60.31999969482422,366.4372863769531,2.619999885559082
2024-03-06,15.260000228881836,62.66999816894531,170.8145294189453,41.396270751953125,41.630001068115234,15.562000274658203,270.8500061035156,59.84000015258789,355.89813232421875,2.6700000762939453
2024-03-07,15.260000228881836,63.06999969482422,172.31854248046875,40.481082916259766,42.58000183105469,15.894000053405762,274.3699951171875,59.86000061035156,357.5916748046875,2.7300000190734863
2024-03-08,14.649999618530273,64.5,171.31588745117188,41.377784729003906,41.7400016784668,17.059999465942383,276.9599914550781,61.540000915527344,365.2392272949219,2.759999990463257
2024-03-11,14.430000305175781,64.41000366210938,170.7199249267578,41.92319869995117,41.619998931884766,15.619999885559082,281.82000732421875,58.810001373291016,366.8786926269531,3.059999942779541
2024-03-12,14.720000267028809,64.12999725341797,172.3942108154297,42.14506530761719,42.34000015258789,15.255999565124512,287.2300109863281,62.0,381.9126892089844,3.0799999237060547
2024-03-13,14.869999885559082,64.47000122070312,177.6062469482422,42.21902084350586,42.2400016784668,15.934000015258789,302.8900146484375,64.41999816894531,398.7122497558594,3.119999885559082
2024-03-14,14.630000114440918,64.66000366210938,205.0852813720703,42.431644439697266,42.11000061035156,15.336000442504883,291.82000732421875,62.58000183105469,394.7577819824219,3.069999933242798
2024-03-15,14.239999771118164,63.9900016784668,200.0435333251953,42.18204879760742,41.779998779296875,15.916000366210938,290.7300109863281,60.95000076293945,384.55194091796875,2.8499999046325684
2024-03-18,13.90999984741211,63.369998931884766,201.51914978027344,42.866119384765625,43.52000045776367,16.158000946044922,279.4700012207031,60.22999954223633,383.687255859375,2.6500000953674316
2024-03-19,13.40999984741211,64.54000091552734,203.3353271484375,43.89224624633789,43.779998779296875,15.776000022888184,278.79998779296875,59.84000015258789,392.7580871582031,2.4700000286102295
2024-03-20,13.479999542236328,64.94999694824219,207.4500732421875,44.465396881103516,46.27000045776367,17.284000396728516,290.05999755859375,64.73999786376953,396.0368957519531,2.619999885559082
2024-03-21,13.65999984741211,63.83000183105469,212.5202178955078,44.622562408447266,47.95000076293945,17.54199981689453,311.3699951171875,65.69000244140625,410.9267883300781,2.7799999713897705
2024-03-22,13.100000381469727,63.58000183105469,209.27574157714844,43.2174186706543,47.20000076293945,17.187999725341797,297.2099914550781,63.33000183105469,402.8377685546875,2.6700000762939453
2024-03-25,15.119999885559082,64.63999938964844,208.19737243652344,43.263633728027344,47.31999969482422,17.68199920654297,287.2799987792969,63.349998474121094,397.4871520996094,2.640000104904175
2024-03-26,15.5,64.6500015258789,206.7217254638672,44.35446548461914,48.68000030517578,18.16200065612793,286.2799987792969,64.76000213623047,398.0816955566406,2.6600000858306885
2024-03-27,13.170000076293945,65.58000183105469,211.6178741455078,45.71339416503906,45.349998474121094,18.062000274658203,296.989990234375,67.58999633789062,412.8358154296875,2.75
2024-03-28,12.520000457763672,65.16999816894531,213.77597045898438,46.24032211303711,45.40999984741211,17.582000732421875,348.260009765625,67.87999725341797,425.0843505859375,2.759999990463257
2024-04-01,11.989999771118164,64.19000244140625,210.9143524169922,46.41596984863281,44.939998626708984,17.357999801635742,334.75,65.8499984741211,428.599365234375,2.700000047683716
2024-04-02,11.279999732971191,62.849998474121094,206.3129119873047,44.604068756103516,44.709999084472656,16.573999404907227,310.5799865722656,63.689998626708984,404.4267883300781,2.799999952316284
2024-04-03,11.380000114440918,62.220001220703125,200.77978515625,42.96781539916992,44.7599983215332,16.479999542236328,298.3599853515625,62.40999984741211,386.7704772949219,2.809999942779541
2024-04-04,11.529999732971191,60.2400016784668,198.46957397460938,41.75680160522461,45.369998931884766,16.488000869750977,282.7200012207031,62.720001220703125,375.2340087890625,2.880000114440918
2024-04-05,11.25,59.83000183105469,198.46006774902344,42.0526237487793,47.20000076293945,16.76799964904785,278.29998779296875,63.209999084472656,384.3550109863281,2.819999933242798
2024-04-08,10.829999923706055,60.849998474121094,197.31922912597656,43.2174186706543,45.5099983215332,16.534000396728516,276.260009765625,65.37000274658203,397.081298828125,2.880000114440918
2024-04-09,11.010000228881836,62.849998474121094,196.69175720214844,42.65351486206055,45.540000915527344,16.736000061035156,288.70001220703125,66.31999969482422,381.59710693359375,3.0999999046325684
2024-04-10,10.850000381469727,61.13999938964844,196.2354278564453,41.94168472290039,44.97999954223633,16.104000091552734,260.4800109863281,61.72999954223633,379.31683349609375,3.0999999046325684
2024-04-11,11.289999961853027,61.95000076293945,197.2146453857422,42.72746276855469,45.439998626708984,16.08799934387207,267.0899963378906,62.75,379.7314453125,3.190000057220459
2024-04-12,10.770000457763672,59.900001525878906,193.11709594726562,41.803035736083984,44.220001220703125,14.998000144958496,255.17999267578125,60.34000015258789,370.0606384277344,3.049999952316284
2024-04-15,10.0600004196167,58.939998626708984,188.74383544921875,41.22063446044922,43.720001220703125,13.965999603271484,251.52000427246094,56.41999816894531,362.41766357421875,2.759999990463257
2024-04-16,10.369999885559082,57.81999969482422,188.9054718017578,40.388641357421875,44.939998626708984,14.128000259399414,243.27000427246094,55.349998474121094,373.47650146484375,2.7300000190734863
2024-04-17,10.300000190734863,57.59000015258789,187.2227020263672,39.92641830444336,42.209999084472656,13.831999778747559,243.72999572753906,54.75,367.2935791015625,2.759999990463257
2024-04-18,10.3100004196167,58.689998626708984,185.5970001220703,40.54579544067383,41.63999938964844,14.229999542236328,245.2899932861328,54.7400016784668,362.14727783203125,2.7899999618530273
2024-04-19,10.420000076293945,56.900001525878906,185.46392822265625,40.66596603393555,40.68000030517578,14.272000312805176,240.41000366210938,53.68000030517578,368.1138000488281,2.75
2024-04-22,10.010000228881836,58.56999969482422,188.876953125,40.619747161865234,40.54999923706055,14.288000106811523,245.1999969482422,54.72999954223633,376.027099609375,2.799999952316284
2024-04-23,10.15999984741211,61.7400016784668,195.93116760253906,41.719825744628906,41.209999084472656,15.12399959564209,248.55999755859375,57.75,400.2628479003906,2.890000104904175
2024-04-24,10.930000305175781,61.83000183105469,195.35128784179688,42.15431594848633,40.849998474121094,15.069999694824219,251.85000610351562,52.91999816894531,404.9224548339844,2.869999885559082
2024-04-25,11.210000038146973,62.810001373291016,194.1438751220703,42.15431594848633,41.09000015258789,15.5,243.3699951171875,50.95000076293945,401.4615173339844,2.7799999713897705
2024-04-26,11.899999618530273,56.349998474121094,196.91041564941406,42.561065673828125,43.130001068115234,16.86199951171875,248.91000366210938,52.0099983215332,404.652099609375,2.8299999237060547
2024-04-29,11.289999961853027,58.65999984741211,195.47486877441406,42.8753776550293,42.779998779296875,16.75200080871582,255.75999450683594,51.16999816894531,404.1383972167969,2.859999895095825
2024-04-30,11.09000015258789,57.65999984741211,191.03504943847656,41.9879150390625,41.560001373291016,16.583999633789062,247.0500030517578,50.150001525878906,394.7558898925781,2.7899999618530273
2024-05-01,10.90999984741211,59.130001068115234,188.35406494140625,40.51805877685547,41.81999969482422,17.417999267578125,245.0,50.529998779296875,381.2185974121094,2.8399999141693115
2024-05-02,12.760000228881836,59.94499969482422,189.37130737304688,40.51805877685547,43.029998779296875,23.299999237060547,262.010009765625,58.63999938964844,388.72625732421875,2.9200000762939453
2024-05-03,16.469999313354492,59.11000061035156,192.74635314941406,42.49635696411133,41.81999969482422,24.333999633789062,275.04998779296875,63.59000015258789,391.1597900390625,2.930000066757202
2024-05-06,16.309999465942383,60.33000183105469,195.50335693359375,43.799808502197266,44.06999969482422,24.5939998626709,280.7799987792969,68.44000244140625,404.2735595703125,3.009999990463257
2024-05-07,16.309999465942383,60.13999938964844,192.6892852783203,43.651893615722656,43.29999923706055,23.332000732421875,278.44000244140625,69.55000305175781,391.54730224609375,2.890000104904175
2024-05-08,15.920000076293945,59.54999923706055,186.4811553955078,44.02167510986328,42.810001373291016,22.884000778198242,278.760009765625,68.20999908447266,381.669189453125,2.859999895095825
2024-05-09,18.010000228881836,60.2400016784668,188.23997497558594,44.89064407348633,44.029998779296875,24.082000732421875,294.1400146484375,72.94000244140625,381.46185302734375,2.990000009536743
2024-05-10,17.459999084472656,57.90999984741211,186.42413330078125,43.95695877075195,43.27000045776367,23.399999618530273,290.9700012207031,70.72000122070312,381.2546691894531,2.9000000953674316
2024-05-13,30.450000762939453,60.15999984741211,184.73182678222656,44.20655822753906,43.209999084472656,23.3799991607666,292.25,71.37000274658203,402.4439697265625,3.0999999046325684
2024-05-14,48.75,62.2599983215332,190.6072235107422,45.00157928466797,44.130001068115234,24.190000534057617,290.69000244140625,71.27999877929688,413.46673583984375,3.4700000286102295
2024-05-15,39.54999923706055,62.27000045776367,191.16815185546875,46.083168029785156,46.150001525878906,24.214000701904297,296.6600036621094,71.05999755859375,410.8710021972656,3.2300000190734863
2024-05-16,27.670000076293945,61.25,187.2132110595703,45.25117492675781,44.970001220703125,23.586000442504883,286.69000244140625,68.66999816894531,391.56536865234375,3.0299999713897705
2024-05-17,22.209999084472656,61.439998626708984,184.95054626464844,46.36974334716797,44.209999084472656,23.5,278.4100036621094,67.0999984741211,394.2061462402344,2.940000057220459
2024-05-20,23.139999389648438,59.27000045776367,184.1804656982422,46.84120559692383,44.720001220703125,23.5,279.92999267578125,67.11000061035156,392.8271789550781,3.009999990463257
2024-05-21,22.1200008392334,57.970001220703125,179.21778869628906,46.231075286865234,43.380001068115234,23.006000518798828,274.04998779296875,64.23999786376953,400.9477844238281,2.9600000381469727
2024-05-22,21.1200008392334,58.52000045776367,174.6829071044922,45.02006912231445,41.900001525878906,23.143999099731445,254.30999755859375,62.58000183105469,393.3589172363281,2.9800000190734863
2024-05-23,18.31999969482422,56.20000076293945,177.40191650390625,44.6595344543457,40.599998474121094,21.98200035095215,248.5,61.43000030517578,399.5868835449219,2.8399999141693115
2024-05-24,19.0,56.7599983215332,180.6057891845703,44.63180160522461,40.810001373291016,21.829999923706055,254.7100067138672,61.18000030517578,402.6062316894531,2.880000114440918
2024-05-28,23.780000686645508,56.45000076293945,185.3878631591797,44.89064407348633,36.61000061035156,20.917999267578125,250.63999938964844,59.58000183105469,406.8151550292969,2.8499999046325684
2024-05-29,21.239999771118164,56.47999954223633,214.8883056640625,45.01081085205078,35.959999084472656,21.010000228881836,252.58999633789062,58.099998474121094,401.5606994628906,2.75
2024-05-30,22.610000610351562,57.31999969482422,213.11050415039062,46.87818145751953,35.81999969482422,20.47800064086914,263.6700134277344,59.09000015258789,401.2091979980469,2.7899999618530273
2024-05-31,23.139999389648438,57.400001525878906,216.41891479492188,48.01523208618164,35.130001068115234,19.996000289916992,271.92999267578125,59.4900016784668,403.1920166015625,2.7899999618530273
2024-06-03,28.0,57.939998626708984,211.3896942138672,47.89506530761719,35.52000045776367,19.79199981689453,275.010009765625,57.91999816894531,390.36663818359375,2.7899999618530273
2024-06-04,26.5,57.779998779296875,209.6974334716797,41.75680160522461,35.52000045776367,20.219999313354492,269.42999267578125,56.369998931884766,389.5735168457031,2.7100000381469727
2024-06-05,31.56999969482422,58.119998931884766,206.41751098632812,43.651893615722656,36.65999984741211,20.607999801635742,282.5799865722656,58.77000045776367,392.1151428222656,2.7899999618530273
2024-06-06,46.54999923706055,57.970001220703125,201.8160858154297,42.866119384765625,37.560001373291016,20.93400001525879,279.25,59.439998626708984,385.9052429199219,2.809999942779541
2024-06-07,28.219999313354492,57.349998474121094,208.2523651123047,42.55973815917969,36.88999938964844,21.312000274658203,268.510009765625,56.45000076293945,387.0499267578125,2.680000066757202
2024-06-10,24.829999923706055,57.880001068115234,205.56187438964844,42.36476516723633,38.04999923706055,21.610000610351562,273.9200134277344,57.04999923706055,382.2279357910156,2.7300000190734863
2024-06-11,30.489999771118164,58.16999816894531,208.10972595214844,41.501312255859375,38.2400016784668,20.823999404907227,278.6099853515625,58.060001373291016,377.1537780761719,2.759999990463257
2024-06-12,25.459999084472656,56.36000061035156,210.9808807373047,40.572872161865234,38.88999938964844,22.214000701904297,285.5400085449219,59.45000076293945,383.0481262207031,2.7699999809265137
2024-06-13,29.1200008392334,54.20000076293945,209.5358123779297,40.647151947021484,38.97999954223633,21.347999572753906,277.04998779296875,54.56999969482422,376.76617431640625,2.5199999809265137
2024-06-14,28.700000762939453,54.5099983215332,206.65028381347656,40.164371490478516,38.90999984741211,20.61199951171875,229.72999572753906,52.619998931884766,374.16143798828125,2.3399999141693115
2024-06-17,25.219999313354492,53.970001220703125,215.59352111816406,39.09665298461914,41.95000076293945,21.788000106811523,231.47999572753906,53.290000915527344,383.625,2.299999952316284
2024-06-18,24.700000762939453,52.529998779296875,217.53314208984375,38.576725006103516,43.25,22.1560001373291,220.50999450683594,52.209999084472656,383.8323059082031,2.2899999618530273
2024-06-20,25.59000015258789,53.66999816894531,219.29119873046875,39.27305221557617,43.0,21.969999313354492,217.8300018310547,52.29999923706055,385.44561767578125,2.319999933242798
2024-06-21,23.93000030517578,54.400001525878906,219.11923217773438,38.92025375366211,41.9900016784668,22.597999572753906,215.97000122070312,52.25,380.3893737792969,2.299999952316284
2024-06-24,23.649999618530273,54.45000076293945,219.5491943359375,38.53030014038086,40.0099983215332,23.899999618530273,223.27999877929688,50.97999954223633,392.3044128417969,2.259999990463257
2024-06-25,24.93000030517578,54.63999938964844,214.91513061523438,38.010379791259766,38.0,25.715999603271484,214.9199981689453,49.79999923706055,390.8443603515625,2.240000009536743
2024-06-26,24.200000762939453,57.15999984741211,216.1285858154297,37.1840705871582,37.66999816894531,25.31999969482422,219.19000244140625,50.22999954223633,386.8966979980469,2.2100000381469727
2024-06-27,25.09000015258789,59.150001525878906,210.33840942382812,36.237060546875,37.11000061035156,26.576000213623047,239.3000030517578,52.25,389.19500732421875,2.450000047683716
2024-06-28,24.690000534057617,59.93000030517578,205.28395080566406,36.25562286376953,38.16999816894531,25.743999481201172,244.44000244140625,52.72999954223633,397.1490173339844,2.4800000190734863
2024-07-01,23.329999923706055,62.470001220703125,193.3787078857422,35.68928146362305,37.29999923706055,24.8700008392334,238.6699981689453,50.54999923706055,385.81317138671875,2.4200000762939453
2024-07-02,23.979999542236328,61.36000061035156,189.3752899169922,35.392173767089844,36.939998626708984,25.506000518798828,249.5,51.540000915527344,383.8382568359375,2.450000047683716
2024-07-03,24.3700008392334,62.290000915527344,191.21934509277344,35.00223159790039,37.439998626708984,25.56800079345703,240.72000122070312,51.4900016784668,388.79815673828125,2.490000009536743
2024-07-05,24.18000030517578,62.08000183105469,192.33724975585938,34.34303665161133,37.06999969482422,25.610000610351562,238.02000427246094,51.45000076293945,388.2480773925781,2.5
2024-07-08,24.450000762939453,61.02000045776367,192.1270294189453,34.788692474365234,37.59000015258789,24.464000701904297,242.0,52.9900016784668,389.9073791503906,2.430000066757202
2024-07-09,24.600000381469727,63.11000061035156,192.01239013671875,34.519439697265625,36.7400016784668,25.139999389648438,237.88999938964844,52.81999969482422,392.2882385253906,2.4200000762939453
2024-07-10,24.969999313354492,61.369998931884766,190.16831970214844,33.92524719238281,36.63999938964844,26.194000244140625,245.3000030517578,53.40999984741211,401.44158935546875,2.4200000762939453
2024-07-11,25.56999969482422,60.66999816894531,200.78366088867188,34.74226379394531,37.150001525878906,25.986000061035156,266.9200134277344,55.25,421.8946533203125,2.4800000190734863
2024-07-12,26.049999237060547,61.31999969482422,211.7811737060547,34.66799545288086,37.86000061035156,27.24799919128418,274.6199951171875,56.88999938964844,422.57098388671875,2.5
2024-07-15,27.0,62.439998626708984,205.9241180419922,34.1666374206543,39.47999954223633,28.417999267578125,276.2099914550781,53.56999969482422,382.1427917480469,2.509999990463257
2024-07-16,28.540000915527344,64.7300033569336,216.38656616210938,35.893531799316406,39.810001373291016,29.006000518798828,294.260009765625,57.22999954223633,383.4864501953125,2.559999942779541
2024-07-17,27.979999542236328,64.7699966430664,204.2615966796875,36.59914779663086,38.349998474121094,26.75,286.1499938964844,54.040000915527344,372.25897216796875,2.490000009536743
2024-07-18,25.8799991607666,62.77000045776367,206.37319946289062,35.93996047973633,36.66999816894531,25.836000442504883,273.760009765625,52.02000045776367,361.2027282714844,2.4100000858306885
2024-07-19,24.969999313354492,62.54999923706055,202.66595458984375,34.881534576416016,36.93000030517578,26.011999130249023,272.8399963378906,51.369998931884766,355.96319580078125,2.4200000762939453
2024-07-22,25.219999313354492,62.04999923706055,196.9235076904297,34.797969818115234,36.84000015258789,25.777999877929688,257.69000244140625,51.13999938964844,360.7789001464844,2.4200000762939453
2024-07-23,25.5,62.09000015258789,195.51898193359375,34.38017272949219,37.779998779296875,25.82200050354004,259.739990234375,52.619998931884766,371.6006774902344,2.4700000286102295
2024-07-24,24.010000228881836,55.59000015258789,192.43280029296875,31.891952514648438,35.86000061035156,24.68400001525879,253.49000549316406,48.040000915527344,365.4863586425781,2.4000000953674316
2024-07-25,23.950000762939453,57.45000076293945,193.6940155029297,30.759252548217773,35.779998779296875,24.81999969482422,260.6499938964844,49.119998931884766,369.4543151855469,2.4100000858306885
2024-07-26,24.1299991607666,59.040000915527344,199.6275177001953,31.724834442138672,36.29999923706055,26.56999969482422,280.9700012207031,53.02000045776367,367.4432373046875,2.4800000190734863
2024-07-29,23.600000381469727,58.900001525878906,198.5287322998047,32.61613845825195,36.72999954223633,25.52199935913086,289.7900085449219,54.0,350.85894775390625,2.4100000858306885
2024-07-30,22.399999618530273,57.439998626708984,200.4301300048828,33.990234375,35.869998931884766,25.356000900268555,285.1499938964844,54.04999923706055,356.3509826660156,2.4000000953674316
2024-07-31,22.670000076293945,58.209999084472656,206.71714782714844,34.12021255493164,36.95000076293945,26.645999908447266,290.0799865722656,54.43000030517578,359.4531555175781,2.4200000762939453
2024-08-01,21.709999084472656,55.33000183105469,196.8184356689453,32.61613845825195,35.4900016784668,29.304000854492188,275.7900085449219,50.0099983215332,348.0543212890625,2.299999952316284
2024-08-02,21.06999969482422,53.13999938964844,190.1396484375,30.82424545288086,32.02000045776367,27.440000534057617,257.5899963378906,47.77000045776367,326.7805480957031,2.2200000286102295
2024-08-05,20.649999618530273,51.66999816894531,188.87841796875,28.995214462280273,31.799999237060547,27.06800079345703,247.36000061035156,44.380001068115234,324.15631103515625,2.1600000858306885
2024-08-06,21.280000686645508,53.029998779296875,188.1427001953125,29.394445419311523,31.3799991607666,27.790000915527344,253.52999877929688,43.54999923706055,341.84088134765625,2.1600000858306885
2024-08-07,20.829999923706055,52.84000015258789,186.02154541015625,28.373159408569336,30.139999389648438,25.72800064086914,247.67999267578125,40.43000030517578,345.7366638183594,2.109999895095825
2024-08-08,21.75,55.61000061035156,191.64930725097656,29.542997360229492,30.540000915527344,26.68199920654297,255.99000549316406,41.11000061035156,343.5091857910156,2.180000066757202
2024-08-09,21.93000030517578,55.099998474121094,197.90768432617188,29.190189361572266,30.34000015258789,27.18400001525879,251.63999938964844,39.4900016784668,350.73272705078125,2.1700000762939453
2024-08-12,21.8799991607666,53.52000045776367,195.39476013183594,29.078777313232422,29.850000381469727,26.695999145507812,245.4499969482422,38.209999084472656,350.8138427734375,2.1600000858306885
2024-08-13,22.270000457763672,56.5099983215332,205.6661376953125,29.3387393951416,31.440000534057617,29.29800033569336,260.2200012207031,42.11000061035156,358.4251708984375,2.2699999809265137
2024-08-14,21.989999771118164,56.220001220703125,204.29983520507812,29.153051376342773,32.060001373291016,28.399999618530273,256.1700134277344,40.189998626708984,352.5723876953125,2.2300000190734863
2024-08-15,22.530000686645508,59.27000045776367,214.14120483398438,30.554996490478516,34.13999938964844,30.312000274658203,269.2699890136719,44.150001525878906,314.6331787109375,2.3299999237060547
2024-08-16,22.399999618530273,58.58000183105469,214.63804626464844,31.297748565673828,34.13999938964844,31.18600082397461,268.1300048828125,44.290000915527344,318.5560607910156,2.3499999046325684
2024-08-19,22.65999984741211,61.959999084472656,216.5107879638672,31.808395385742188,34.40999984741211,31.149999618530273,270.5,44.08000183105469,314.7503662109375,2.390000104904175
2024-08-20,22.280000686645508,61.9900016784668,214.59982299804688,30.833528518676758,34.79999923706055,30.836000442504883,260.8900146484375,42.2599983215332,316.9778137207031,2.380000114440918
2024-08-21,22.549999237060547,62.77000045776367,224.96676635742188,32.13334655761719,35.91999816894531,31.354000091552734,273.6400146484375,43.790000915527344,312.0449523925781,2.430000066757202
2024-08-22,22.1200008392334,61.810001373291016,224.6800994873047,31.604137420654297,35.25,30.604000091552734,262.8699951171875,41.779998779296875,312.5139465332031,2.369999885559082
2024-08-23,22.209999084472656,69.1449966430664,228.53067016601562,33.24785232543945,36.369998931884766,31.95599937438965,283.1600036621094,45.560001373291016,322.9839172363281,2.4200000762939453
2024-08-26,21.360000610351562,69.5999984741211,224.58456420898438,32.8369255065918,35.09000015258789,31.597999572753906,280.29998779296875,44.47999954223633,316.5360412597656,2.359999895095825
2024-08-27,20.739999771118164,69.73999786376953,225.77890014648438,32.42599868774414,35.33000183105469,31.74799919128418,274.260009765625,43.540000915527344,310.34051513671875,2.319999933242798
2024-08-28,19.899999618530273,66.8499984741211,224.50811767578125,30.15654945373535,34.349998474121094,30.86199951171875,267.1600036621094,42.40999984741211,307.0579528808594,2.319999933242798
2024-08-29,21.510000228881836,68.44000244140625,224.5941162109375,28.951778411865234,33.88999938964844,30.016000747680664,255.36000061035156,42.119998931884766,307.3735656738281,2.3499999046325684
2024-08-30,23.420000076293945,67.7699966430664,226.40953063964844,28.727636337280273,34.5,30.124000549316406,253.6999969482422,42.54999923706055,305.68719482421875,2.3499999046325684
2024-09-03,23.139999389648438,65.22000122070312,221.78500366210938,28.47547721862793,33.650001525878906,28.90399932861328,251.67999267578125,40.900001525878906,311.38665771484375,2.259999990463257
2024-09-04,22.1200008392334,63.54999923706055,210.94036865234375,27.560226440429688,34.279998779296875,28.947999954223633,245.6300048828125,41.900001525878906,316.5269775390625,2.2799999713897705
2024-09-05,22.389999389648438,66.69999694824219,205.2648468017578,27.466833114624023,35.72999954223633,28.22800064086914,249.8300018310547,42.720001220703125,310.1782531738281,2.299999952316284
2024-09-06,23.920000076293945,64.37000274658203,198.7771453857422,26.701011657714844,35.11000061035156,26.68199920654297,248.08999633789062,42.61000061035156,312.9017028808594,2.25
2024-09-09,24.25,65.41000366210938,198.1943359375,25.720388412475586,36.11000061035156,27.09600067138672,241.4600067138672,43.18000030517578,312.21624755859375,2.3499999046325684
2024-09-10,23.450000762939453,65.66000366210938,197.71656799316406,24.945228576660156,36.61000061035156,26.143999099731445,244.08999633789062,43.369998931884766,305.2002258300781,2.380000114440918
2024-09-11,20.639999389648438,70.1500015258789,199.00650024414062,25.20672607421875,38.439998626708984,26.70800018310547,247.02000427246094,44.70000076293945,302.7923889160156,2.450000047683716
2024-09-12,20.399999618530273,74.12999725341797,201.31871032714844,25.458887100219727,38.59000015258789,28.104000091552734,256.489990234375,44.779998779296875,299.60894775390625,2.4700000286102295
2024-09-13,20.649999618530273,74.69000244140625,207.2904510498047,25.412189483642578,37.79999923706055,28.3799991607666,321.8699951171875,47.349998474121094,315.2012939453125,2.4800000190734863
2024-09-16,20.09000015258789,74.37000274658203,202.8761444091797,26.9998722076416,38.2400016784668,30.579999923706055,329.8699951171875,48.029998779296875,317.03192138671875,2.4000000953674316
2024-09-17,20.15999984741211,74.66999816894531,203.7647247314453,27.233352661132812,38.95000076293945,31.31599998474121,330.75,50.45000076293945,325.17529296875,2.4200000762939453
2024-09-18,19.649999618530273,77.36000061035156,203.11502075195312,27.747013092041016,38.06999969482422,32.32600021362305,334.67999267578125,50.75,323.78656005859375,2.380000114440918
2024-09-19,19.510000228881836,77.44999694824219,205.83810424804688,27.943138122558594,39.27000045776367,34.14799880981445,348.92999267578125,54.33000183105469,331.4248962402344,2.4200000762939453
2024-09-20,21.850000381469727,76.0199966430664,204.099853515625,27.34542465209961,39.279998779296875,34.77000045776367,344.2799987792969,52.849998474121094,332.0111083984375,2.380000114440918
2024-09-23,22.309999465942383,73.80000305175781,206.75048828125,28.33538818359375,39.630001068115234,35.029998779296875,345.5400085449219,53.040000915527344,338.9910888671875,2.440000057220459
2024-09-24,22.6299991607666,76.36000061035156,208.33509826660156,28.083227157592773,39.13999938964844,34.540000915527344,344.6000061035156,54.029998779296875,341.985107421875,2.450000047683716
2024-09-25,22.18000030517578,74.01000213623047,206.6544647216797,28.512834548950195,41.099998474121094,33.93000030517578,336.2900085449219,51.66999816894531,338.81976318359375,2.390000104904175
2024-09-26,22.290000915527344,73.69999694824219,208.61363220214844,29.642887115478516,40.939998626708984,34.242000579833984,339.69000244140625,54.15999984741211,356.89202880859375,2.5399999618530273
2024-09-27,22.479999542236328,74.41000366210938,200.85377502441406,30.24994468688965,40.36000061035156,33.95600128173828,339.5,56.7599983215332,355.6114807128906,2.5199999809265137
2024-09-30,22.93000030517578,74.66000366210938,200.43121337890625,29.810997009277344,39.20000076293945,34.821998596191406,334.42999267578125,56.18000030517578,346.2357482910156,2.619999885559082
2024-10-01,21.969999313354492,74.33999633789062,197.26190185546875,29.03583335876465,38.25,35.15999984741211,333.7099914550781,53.2400016784668,342.2201232910156,2.430000066757202
2024-10-02,21.489999771118164,74.18000030517578,197.1178741455078,28.22331428527832,37.66999816894531,35.38999938964844,334.4200134277344,53.04999923706055,329.47845458984375,2.430000066757202
2024-10-03,21.200000762939453,75.44999694824219,199.29795837402344,27.61626434326172,38.0,35.327999114990234,334.07000732421875,52.43000030517578,327.4571533203125,2.319999933242798
2024-10-04,21.399999618530273,75.88999938964844,206.51039123535156,27.943138122558594,39.279998779296875,36.034000396728516,332.8399963378906,55.81999969482422,330.9764099121094,2.359999895095825
2024-10-07,20.899999618530273,76.3499984741211,198.03025817871094,27.812387466430664,37.79999923706055,35.94599914550781,327.20001220703125,56.31999969482422,333.9001770019531,2.3499999046325684
2024-10-08,20.709999084472656,78.56999969482422,197.58847045898438,27.62560272216797,37.5,38.198001861572266,322.0799865722656,56.939998626708984,329.9296875,2.3399999141693115
2024-10-09,20.5,77.4000015258789,194.8513946533203,27.653621673583984,38.279998779296875,38.013999938964844,315.82000732421875,54.47999954223633,325.6974792480469,2.4100000858306885
2024-10-10,20.90999984741211,77.37000274658203,192.7385711669922,29.157243728637695,38.040000915527344,38.31399917602539,318.1600036621094,54.290000915527344,324.94854736328125,2.4200000762939453
2024-10-11,20.829999923706055,78.37000274658203,197.4252166748047,29.353368759155273,38.439998626708984,38.45000076293945,330.07000732421875,54.349998474121094,328.9460754394531,2.490000009536743
2024-10-14,21.329999923706055,76.36000061035156,196.78173828125,28.979799270629883,37.93000030517578,37.81800079345703,331.17999267578125,55.2400016784668,322.2503356933594,2.490000009536743
2024-10-15,21.270000457763672,78.93000030517578,201.34356689453125,29.05451202392578,38.13999938964844,38.40399932861328,335.32000732421875,53.13999938964844,339.77459716796875,2.490000009536743
2024-10-16,21.65999984741211,77.55999755859375,204.2342987060547,30.324655532836914,37.20000076293945,38.68000030517578,351.92999267578125,54.33000183105469,348.04949951171875,2.5999999046325684
2024-10-17,21.40999984741211,76.94999694824219,206.52000427246094,29.904390335083008,37.650001525878906,38.38399887084961,348.1000061035156,52.56999969482422,349.5474853515625,2.5799999237060547
2024-10-18,21.219999313354492,80.06999969482422,209.99659729003906,29.829675674438477,38.459999084472656,38.262001037597656,354.5199890136719,52.209999084472656,353.38262939453125,2.559999942779541
2024-10-21,20.700000762939453,77.0,204.9449920654297,28.55019187927246,37.15999984741211,38.29800033569336,346.8699951171875,47.34000015258789,354.99786376953125,2.5799999237060547
2024-10-22,20.93000030517578,76.79000091552734,200.33517456054688,27.84974479675293,37.66999816894531,39.470001220703125,337.010009765625,47.88999938964844,345.4505920410156,2.5999999046325684
2024-10-23,20.540000915527344,73.5,197.550048828125,27.522872924804688,36.599998474121094,39.46799850463867,325.9200134277344,46.43000030517578,339.8287353515625,2.4700000286102295
2024-10-24,20.6299991607666,74.04000091552734,196.41680908203125,27.97115707397461,36.779998779296875,40.04399871826172,327.45001220703125,45.34000015258789,345.0897216796875,2.4200000762939453
2024-10-25,20.56999969482422,75.2699966430664,196.2727508544922,28.37274169921875,36.470001220703125,40.50600051879883,325.69000244140625,44.38999938964844,342.1299133300781,2.390000104904175
2024-10-28,22.729999542236328,76.05000305175781,197.13710021972656,27.504194259643555,36.560001373291016,41.00400161743164,324.32000732421875,44.43000030517578,345.18896484375,2.4100000858306885
2024-10-29,22.68000030517578,76.41000366210938,194.1215057373047,26.93449592590332,36.77000045776367,41.74800109863281,311.8999938964844,42.959999084472656,340.93878173828125,2.4200000762939453
2024-10-30,23.280000686645508,77.51000213623047,192.92103576660156,26.92515754699707,36.869998931884766,41.46200180053711,321.5199890136719,42.650001525878906,340.261962890625,2.3399999141693115
2024-10-31,22.18000030517578,64.08000183105469,187.9942626953125,26.5048885345459,35.31999969482422,49.46200180053711,318.04998779296875,42.83000183105469,335.25372314453125,2.259999990463257
2024-11-01,22.40999984741211,65.69999694824219,186.02549743652344,27.009206771850586,35.689998626708984,45.816001892089844,322.7699890136719,40.150001525878906,333.9452819824219,2.2699999809265137
2024-11-04,22.329999923706055,67.18000030517578,188.9354705810547,29.213279724121094,35.689998626708984,45.215999603271484,329.5400085449219,41.93000030517578,343.76324462890625,2.25
2024-11-05,22.989999771118164,69.66999816894531,190.2511749267578,29.530818939208984,36.45000076293945,47.13600158691406,332.2300109863281,44.33000183105469,350.8288879394531,2.299999952316284
2024-11-06,23.100000381469727,72.2699966430664,187.3892364501953,29.652225494384766,38.25,47.7859992980957,323.6199951171875,40.43000030517578,359.6542053222656,2.2899999618530273
2024-11-07,23.450000762939453,72.02999877929688,192.05667114257812,29.652225494384766,38.97999954223633,48.2859992980957,333.1499938964844,39.790000915527344,360.91748046875,2.309999942779541
2024-11-08,24.8799991607666,73.81999969482422,194.89939880371094,28.017850875854492,40.130001068115234,48.869998931884766,333.1300048828125,38.849998474121094,363.3719482421875,2.319999933242798
2024-11-11,27.260000228881836,77.12000274658203,190.61611938476562,29.42808723449707,43.209999084472656,50.012001037597656,329.94000244140625,37.77000045776367,350.1881408691406,2.430000066757202
2024-11-12,26.84000015258789,76.62000274658203,190.913818359375,29.474781036376953,41.709999084472656,49.349998474121094,333.42999267578125,39.16999816894531,346.6868896484375,2.4200000762939453
2024-11-13,26.459999084472656,75.20999908447266,189.5116729736328,29.5214786529541,41.880001068115234,47.99599838256836,326.54998779296875,38.47999954223633,350.58526611328125,2.440000057220459
2024-11-14,27.3700008392334,74.31999969482422,190.84658813476562,29.259977340698242,41.13999938964844,48.0880012512207,322.8299865722656,38.790000915527344,390.7864074707031,2.4000000953674316
2024-11-15,26.59000015258789,68.87000274658203,190.39523315429688,29.45610237121582,39.84000015258789,48.20000076293945,315.70001220703125,38.220001220703125,385.24578857421875,2.380000114440918
2024-11-18,26.440000534057617,74.02999877929688,192.53688049316406,29.37204933166504,42.349998474121094,48.9379997253418,318.8599853515625,40.2599983215332,389.5321350097656,2.390000104904175
2024-11-19,27.56999969482422,73.61000061035156,191.66293334960938,28.428781509399414,43.209999084472656,49.88600158691406,323.67999267578125,40.75,385.1285095214844,2.3499999046325684
2024-11-20,28.450000762939453,68.70999908447266,186.48646545410156,28.494155883789062,43.79999923706055,48.900001525878906,336.79998779296875,42.40999984741211,378.2071533203125,2.309999942779541
2024-11-21,27.81999969482422,68.68000030517578,193.64132690429688,28.718297958374023,43.54999923706055,49.67599868774414,344.7300109863281,42.630001068115234,391.6527099609375,2.319999933242798
2024-11-22,27.899999618530273,69.19999694824219,201.83334350585938,28.868703842163086,43.09000015258789,51.87200164794922,368.010009765625,44.029998779296875,402.5986328125,2.3499999046325684
2024-11-25,29.670000076293945,68.22000122070312,206.7024688720703,33.63472366333008,43.0,52.15999984741211,389.1400146484375,48.27000045776367,420.48388671875,2.569999933242798
2024-11-26,30.329999923706055,66.30999755859375,203.81175231933594,33.117698669433594,43.060001373291016,51.20000076293945,385.6400146484375,45.29999923706055,406.1540222167969,2.569999933242798
2024-11-27,30.889999389648438,67.70999908447266,205.19467163085938,33.747528076171875,43.029998779296875,50.99399948120117,386.55999755859375,45.40999984741211,403.7356872558594,2.609999895095825
2024-11-29,29.049999237060547,69.02999877929688,199.02906799316406,34.067138671875,43.650001525878906,52.08399963378906,385.1400146484375,46.2400016784668,399.8644104003906,2.569999933242798
2024-12-02,27.270000457763672,77.05000305175781,206.82730102539062,35.2609977722168,43.93000030517578,50.987998962402344,379.260009765625,48.08000183105469,408.5092468261719,2.559999942779541
2024-12-03,27.440000534057617,75.69000244140625,201.1898956298828,34.67816925048828,43.970001220703125,51.152000427246094,379.1000061035156,48.779998779296875,399.0703125,2.5399999618530273
2024-12-04,27.030000686645508,82.94000244140625,203.22589111328125,35.815616607666016,44.77000045776367,52.0260009765625,376.07000732421875,49.689998626708984,401.16387939453125,2.5799999237060547
2024-12-05,28.6299991607666,82.02999877929688,200.4503936767578,34.57475662231445,44.84000015258789,51.145999908447266,370.7200012207031,49.290000915527344,398.58306884765625,2.5799999237060547
2024-12-06,29.059999465942383,84.12000274658203,208.48875427246094,34.40555191040039,44.2599983215332,50.242000579833984,376.1000061035156,53.529998779296875,400.7487487792969,2.5899999141693115
2024-12-09,27.93000030517578,84.12000274658203,205.7036590576172,36.84026336669922,42.47999954223633,48.805999755859375,396.7799987792969,54.880001068115234,394.46820068359375,2.940000057220459
2024-12-10,26.93000030517578,81.81999969482422,205.29071044921875,36.2198371887207,41.70000076293945,47.30400085449219,386.0899963378906,54.689998626708984,419.96954345703125,2.819999933242798
2024-12-11,28.969999313354492,82.41999816894531,212.28225708007812,36.041229248046875,41.650001525878906,50.189998626708984,398.95001220703125,54.93000030517578,411.9653625488281,2.7799999713897705
2024-12-12,28.75,81.9000015258789,210.18862915039062,35.1575927734375,41.470001220703125,49.55400085449219,381.3800048828125,53.2599983215332,409.213134765625,2.759999990463257
2024-12-13,27.989999771118164,82.98999786376953,215.6228790283203,35.928428649902344,39.880001068115234,49.650001525878906,446.0400085449219,52.290000915527344,404.8104248046875,2.690000057220459
2024-12-16,29.440000534057617,83.44000244140625,216.67498779296875,36.304443359375,39.2400016784668,51.152000427246094,414.9800109863281,50.59000015258789,407.1884460449219,3.0899999141693115
2024-12-17,31.260000228881836,83.38999938964844,218.1132049560547,36.351444244384766,40.720001220703125,50.7400016784668,411.7200012207031,50.41999816894531,417.206787109375,3.200000047683716
2024-12-18,28.549999237060547,78.48999786376953,207.44740295410156,36.17283630371094,38.75,46.604000091552734,396.3900146484375,45.45000076293945,414.9911193847656,3.009999990463257
2024-12-19,29.0,78.43000030517578,210.02455139160156,36.266841888427734,39.400001525878906,44.59600067138672,388.0199890136719,43.75,412.36468505859375,2.9800000190734863
2024-12-20,29.81999969482422,80.58999633789062,211.15386962890625,36.91546630859375,40.349998474121094,44.891998291015625,398.260009765625,45.720001220703125,414.8096008300781,3.690000057220459
2024-12-23,30.899999618530273,78.80000305175781,217.47613525390625,36.65226364135742,38.34000015258789,44.52000045776367,408.2300109863281,45.2599983215332,424.1116638183594,3.7899999618530273
2024-12-24,31.139999389648438,79.55999755859375,217.37960815429688,36.74626159667969,38.56999969482422,44.77799987792969,413.70001220703125,44.75,434.5406188964844,3.9600000381469727
2024-12-26,32.9900016784668,79.4800033569336,226.8774871826172,35.90962219238281,38.459999084472656,44.8120002746582,407.0,44.599998474121094,433.49005126953125,3.950000047683716
2024-12-27,32.20000076293945,77.02999877929688,225.9315643310547,35.89081954956055,37.91999816894531,43.018001556396484,398.07000732421875,43.75,434.8080139160156,3.9100000858306885
2024-12-30,32.0099983215332,74.88999938964844,223.6825714111328,36.54885482788086,37.099998474121094,42.11000061035156,393.92999267578125,44.619998931884766,420.2819519042969,3.8299999237060547
2024-12-31,31.34000015258789,74.33999633789062,220.88339233398438,36.4454460144043,37.20000076293945,40.672000885009766,393.5899963378906,44.31999969482422,412.56085205078125,3.7799999713897705
2025-01-02,30.65999984741211,74.48999786376953,219.0205078125,35.63701248168945,36.290000915527344,39.9119987487793,395.1000061035156,46.060001373291016,430.6882019042969,3.819999933242798
2025-01-03,31.649999618530273,77.37999725341797,221.15365600585938,35.439605712890625,37.45000076293945,35.43199920654297,405.4599914550781,45.529998779296875,436.8803405761719,3.680000066757202
2025-01-06,32.81999969482422,79.91000366210938,220.1015625,34.35854721069336,37.25,37.77000045776367,414.9599914550781,48.4900016784668,426.1683349609375,4.090000152587891
2025-01-07,33.369998931884766,77.98999786376953,219.6768798828125,34.64056396484375,37.36000061035156,39.66999816894531,403.82000732421875,46.040000915527344,431.1946716308594,4.059999942779541
2025-01-08,32.959999084472656,83.0,225.4103240966797,34.75337219238281,38.349998474121094,39.400001525878906,408.2699890136719,45.33000183105469,429.9428405761719,4.050000190734863
2025-01-10,32.310001373291016,79.19000244140625,221.82933044433594,34.22694396972656,39.4900016784668,38.61199951171875,413.95001220703125,44.099998474121094,426.5982971191406,4.059999942779541
2025-01-13,31.020000457763672,76.66000366210938,216.6363983154297,34.57475662231445,39.83000183105469,38.902000427246094,419.5199890136719,43.709999084472656,418.40899658203125,3.940000057220459
2025-01-14,27.8799991607666,74.80000305175781,212.9974822998047,34.58416748046875,40.0,39.03799819946289,416.0400085449219,42.709999084472656,416.6602783203125,4.0
2025-01-15,27.959999084472656,76.52999877929688,218.63441467285156,34.71577072143555,38.720001220703125,42.80799865722656,428.6499938964844,42.91999816894531,432.8573303222656,4.139999866485596
2025-01-16,27.719999313354492,75.16000366210938,219.23287963867188,34.48075866699219,39.68000030517578,46.38399887084961,432.8299865722656,43.310001373291016,430.7742004394531,4.210000038146973
2025-01-17,27.510000228881836,75.88999938964844,220.1015625,34.54656219482422,39.290000915527344,46.097999572753906,447.2300109863281,44.9900016784668,446.2354431152344,3.990000009536743
2025-01-21,27.469999313354492,79.73999786376953,226.3369598388672,35.0541877746582,41.5099983215332,46.4640007019043,454.5199890136719,48.630001068115234,461.95465087890625,4.070000171661377
2025-01-22,27.649999618530273,79.5999984741211,228.23846435546875,35.232791900634766,40.97999954223633,46.810001373291016,442.80999755859375,47.75,450.50689697265625,4.090000152587891
2025-01-23,28.329999923706055,83.77999877929688,237.16685485839844,35.0541877746582,41.5099983215332,48.624000549316406,434.4599914550781,47.970001220703125,454.3291931152344,4.170000076293945
2025-01-24,27.770000457763672,81.29000091552734,240.89266967773438,34.77217483520508,41.34000015258789,48.09400177001953,418.739990234375,48.54999923706055,445.33721923828125,4.170000076293945
2025-01-27,26.969999313354492,80.20999908447266,237.842529296875,34.433753967285156,41.11000061035156,48.43000030517578,411.0,48.939998626708984,455.6669921875,4.090000152587891
2025-01-28,27.459999084472656,82.33999633789062,240.56443786621094,35.928428649902344,42.0,48.970001220703125,423.1400146484375,49.119998931884766,454.7973937988281,4.329999923706055
2025-01-29,27.510000228881836,82.58000183105469,237.05101013183594,35.34559631347656,41.900001525878906,49.09199905395508,422.010009765625,48.4900016784668,438.5525817871094,4.340000152587891
2025-01-30,27.989999771118164,85.27999877929688,241.34628295898438,36.069427490234375,42.72999954223633,48.78799819946289,433.1600036621094,50.099998474121094,450.2584533691406,4.409999847412109
2025-01-31,26.899999618530273,82.76000213623047,231.70364379882812,35.35499954223633,41.95000076293945,49.49599838256836,419.1099853515625,48.369998931884766,447.3152160644531,4.440000057220459
2025-02-03,25.889999389648438,79.0999984741211,229.0203094482422,35.72161102294922,41.38999938964844,50.32600021362305,395.1400146484375,45.91999816894531,440.8937683105469,4.309999942779541
2025-02-04,25.899999618530273,80.16000366210938,229.3195343017578,36.4642448425293,41.75,51.529998779296875,406.0799865722656,47.38999938964844,446.8757019042969,4.619999885559082
2025-02-05,24.93000030517578,81.6500015258789,231.24034118652344,36.4266471862793,42.2400016784668,51.19599914550781,414.7300109863281,48.310001373291016,453.6507263183594,5.079999923706055
2025-02-06,24.799999237060547,81.08000183105469,231.86773681640625,35.232791900634766,42.439998626708984,52.63399887084961,415.2699890136719,47.369998931884766,451.26177978515625,5.159999847412109
2025-02-07,24.729999542236328,85.0,225.75782775878906,33.73812484741211,42.279998779296875,52.81399917602539,397.1000061035156,43.7599983215332,452.47540283203125,5.25
2025-02-10,27.1200008392334,84.5999984741211,228.42185974121094,33.35270690917969,42.84000015258789,53.5620002746582,402.2200012207031,44.5099983215332,467.8697204589844,5.539999961853027
2025-02-11,26.559999465942383,82.75,235.50665283203125,33.32450866699219,43.439998626708984,54.22999954223633,384.4200134277344,44.38999938964844,478.63909912109375,5.269999980926514
2025-02-12,25.989999771118164,84.77999877929688,232.601318359375,33.87913131713867,45.439998626708984,53.58599853515625,374.1499938964844,45.43000030517578,472.8005065917969,5.820000171661377
2025-02-13,26.34000015258789,86.80000305175781,234.1746368408203,34.24575424194336,46.45000076293945,54.47999954223633,380.3500061035156,47.59000015258789,476.36480712890625,5.909999847412109
2025-02-14,27.0,99.06999969482422,230.0723876953125,34.28335189819336,53.4900016784668,57.066001892089844,382.3299865722656,49.40999984741211,471.2428894042969,5.690000057220459
2025-02-18,26.969999313354492,95.80000305175781,226.48175048828125,37.60169982910156,51.4900016784668,56.90599822998047,388.25,49.11000061035156,481.0567321777344,6.070000171661377
2025-02-19,26.0,92.41000366210938,222.92970275878906,37.69570541381836,50.779998779296875,56.36399841308594,381.8900146484375,46.33000183105469,486.1690368652344,5.860000133514404
2025-02-20,27.040000915527344,92.79000091552734,223.45091247558594,37.92131423950195,49.439998626708984,49.54399871826172,365.92999267578125,46.060001373291016,481.1044616699219,5.579999923706055
2025-02-21,26.420000076293945,88.86000061035156,216.82945251464844,36.45698547363281,45.56999969482422,44.65999984741211,340.0899963378906,41.83000183105469,461.06597900390625,5.239999771118164
2025-02-24,25.0,91.23999786376953,212.71755981445312,37.666236877441406,44.27000045776367,43.130001068115234,346.20001220703125,41.27000045776367,458.8203430175781,5.360000133514404
2025-02-25,24.420000076293945,85.76000213623047,212.26390075683594,38.38423156738281,42.5099983215332,44.33599853515625,348.5400085449219,42.849998474121094,435.3036193847656,4.909999847412109
2025-02-26,24.610000610351562,85.56999969482422,219.0108642578125,38.809356689453125,43.36000061035156,46.5260009765625,353.7699890136719,42.619998931884766,417.21453857421875,5.050000190734863
2025-02-27,24.479999542236328,81.48999786376953,214.0978240966797,33.87788391113281,42.7400016784668,44.641998291015625,327.9700012207031,39.5099983215332,381.09375,4.75
2025-02-28,25.040000915527344,83.51000213623047,217.27345275878906,34.227439880371094,43.86000061035156,46.619998931884766,322.07000732421875,39.54999923706055,371.8055114746094,4.710000038146973
2025-03-03,24.399999618530273,80.26000213623047,206.9937286376953,33.3771858215332,41.59000015258789,43.88999938964844,307.2300109863281,36.619998931884766,350.5726013183594,4.389999866485596
2025-03-04,24.299999237060547,80.41000366210938,204.7447509765625,32.356876373291016,41.29999923706055,43.018001556396484,292.17999267578125,33.63999938964844,351.1268615722656,4.420000076293945
2025-03-05,25.06999969482422,85.06999969482422,209.059326171875,32.70642852783203,43.40999984741211,43.178001403808594,289.4800109863281,34.25,345.6705322265625,4.650000095367432
2025-03-06,24.200000762939453,79.5999984741211,207.2253875732422,32.30963897705078,40.099998474121094,37.369998931884766,280.9700012207031,33.099998474121094,344.4664611816406,4.409999847412109
2025-03-07,24.0,76.66999816894531,206.8103485107422,30.816972732543945,39.40999984741211,37.694000244140625,262.42999267578125,35.0099983215332,354.8249816894531,4.519999980926514
2025-03-10,22.420000076293945,71.1500015258789,203.68301391601562,28.776363372802734,37.2400016784668,34.321998596191406,233.41000366210938,33.349998474121094,359.6315002441406,4.190000057220459
2025-03-11,22.610000610351562,69.63999938964844,192.05197143554688,28.152841567993164,38.65999984741211,34.444000244140625,230.57000732421875,34.08000183105469,349.7412414550781,4.369999885559082
2025-03-12,21.989999771118164,70.95999908447266,188.38409423828125,27.671035766601562,38.630001068115234,35.858001708984375,241.02000427246094,33.2400016784668,347.2472229003906,4.369999885559082
2025-03-13,21.950000762939453,67.62999725341797,180.06381225585938,26.87746238708496,36.9900016784668,33.33399963378906,216.6300048828125,31.0,346.597412109375,4.260000228881836
2025-03-14,23.049999237060547,67.77999877929688,187.73736572265625,27.86942481994629,37.869998931884766,36.236000061035156,225.05999755859375,31.889999389648438,341.3321838378906,4.539999961853027
2025-03-17,23.5,69.6500015258789,190.9322967529297,28.568519592285156,38.72999954223633,37.29999923706055,225.32000732421875,32.099998474121094,344.56201171875,4.519999980926514
2025-03-18,23.299999237060547,67.36000061035156,186.5308380126953,28.322895050048828,36.90999984741211,33.30400085449219,221.83999633789062,30.06999969482422,346.74072265625,4.409999847412109
2025-03-19,23.709999084472656,72.13999938964844,191.23150634765625,28.568519592285156,38.540000915527344,35.21799850463867,230.0399932861328,31.690000534057617,354.7389221191406,4.46999979019165
2025-03-20,23.510000228881836,73.81999969482422,184.69691467285156,28.436262130737305,38.439998626708984,37.08399963378906,234.02999877929688,31.549999237060547,343.6446838378906,4.420000076293945
2025-03-21,24.75,78.29000091552734,188.6543426513672,28.606311798095703,39.4900016784668,38.189998626708984,242.17999267578125,33.65999984741211,337.5576477050781,4.329999923706055
2025-03-24,25.610000610351562,81.2300033569336,198.41281127929688,30.62802505493164,40.52000045776367,42.72600173950195,257.8399963378906,37.86000061035156,357.557861328125,4.440000057220459
2025-03-25,25.399999618530273,81.7300033569336,200.7100830078125,30.420190811157227,38.95000076293945,44.332000732421875,252.89999389648438,38.619998931884766,351.1650695800781,4.340000152587891
2025-03-26,28.360000610351562,77.87000274658203,199.69659423828125,30.03285026550293,37.68000030517578,40.9739990234375,243.5800018310547,37.0099983215332,350.133056640625,4.150000095367432
2025-03-27,22.09000015258789,76.05000305175781,202.78530883789062,30.136768341064453,37.040000915527344,40.790000915527344,243.4199981689453,35.61000061035156,351.423095703125,3.9600000381469727
2025-03-28,21.729999542236328,72.48999786376953,196.0797576904297,29.23927879333496,35.290000915527344,40.88199996948242,236.27999877929688,33.849998474121094,342.8897705078125,3.9200000762939453
2025-03-31,22.31999969482422,70.44000244140625,195.6817169189453,28.644100189208984,33.209999084472656,41.816001892089844,234.41000366210938,32.029998779296875,342.4594421386719,3.7699999809265137
2025-04-01,22.610000610351562,70.5999984741211,200.39028930664062,28.93696403503418,33.189998626708984,42.518001556396484,239.05999755859375,31.940000534057617,345.66290283203125,3.7300000190734863
2025-04-02,22.690000534057617,71.41999816894531,205.15708923339844,30.013954162597656,34.43000030517578,45.263999938964844,249.35000610351562,33.720001220703125,348.1108703613281,3.390000104904175
2025-04-03,21.100000381469727,60.2599983215332,179.57554626464844,26.310626983642578,32.400001525878906,36.358001708984375,149.38999938964844,25.09000015258789,306.6289978027344,3.140000104904175
2025-04-04,23.489999771118164,55.279998779296875,177.5367889404297,25.781583786010742,31.670000076293945,32.513999938964844,145.66000366210938,26.049999237060547,303.36822509765625,3.009999990463257
2025-04-07,24.290000915527344,57.130001068115234,172.0903778076172,25.63042640686035,32.880001068115234,33.57400131225586,164.47999572753906,27.440000534057617,293.06951904296875,2.9600000381469727
2025-04-08,23.389999389648438,55.099998474121094,166.20713806152344,24.099966049194336,31.889999389648438,35.263999938964844,149.36000061035156,24.139999389648438,281.8718566894531,2.869999885559082
2025-04-09,25.399999618530273,63.86000061035156,192.16729736328125,28.351238250732422,35.84000015258789,44.0880012512207,192.02999877929688,29.65999984741211,313.6956787109375,3.2899999618530273
2025-04-10,25.020000457763672,59.27000045776367,184.478271484375,26.09334373474121,34.72999954223633,40.731998443603516,172.0800018310547,26.290000915527344,302.93792724609375,3.140000104904175
2025-04-11,26.399999618530273,60.220001220703125,180.50755310058594,25.167505264282227,34.220001220703125,41.2400016784668,164.6199951171875,26.950000762939453,297.41082763671875,3.1600000858306885
2025-04-14,26.979999542236328,59.5,179.59495544433594,27.066410064697266,34.22999954223633,40.94599914550781,163.77999877929688,27.170000076293945,304.3914489746094,3.2300000190734863
2025-04-15,26.700000762939453,59.38999938964844,178.9153594970703,26.1027889251709,33.540000915527344,42.762001037597656,159.52000427246094,26.6299991607666,302.30682373046875,3.2300000190734863
2025-04-16,26.25,58.400001525878906,175.38153076171875,25.97997283935547,33.619998931884766,41.86000061035156,153.85000610351562,25.139999389648438,300.31781005859375,3.200000047683716
2025-04-17,26.780000686645508,58.459999084472656,180.12892150878906,26.849123001098633,33.61000061035156,42.28200149536133,161.1300048828125,26.610000610351562,307.70001220703125,3.1700000762939453
2025-04-21,26.770000457763672,59.16999816894531,171.2457733154297,26.17836570739746,32.439998626708984,39.16600036621094,155.7899932861328,25.809999465942383,301.1593322753906,3.0899999141693115
2025-04-22,27.799999237060547,59.22999954223633,175.53684997558594,27.1608829498291,33.470001220703125,42.38999938964844,172.8000030517578,27.440000534057617,307.4801025390625,3.1700000762939453
2025-04-23,27.1200008392334,62.58000183105469,178.9639129638672,27.15143394470215,34.04999923706055,44.1879997253418,174.47999572753906,28.270000457763672,308.33111572265625,3.2899999618530273
2025-04-24,27.079999923706055,64.6500015258789,183.98313903808594,28.105606079101562,34.18000030517578,47.00400161743164,184.35000610351562,29.40999984741211,314.88140869140625,3.380000114440918
2025-04-25,27.459999084472656,65.70999908447266,182.2938995361328,27.945005416870117,33.790000915527344,47.43000030517578,185.49000549316406,29.25,320.9726867675781,3.380000114440918
2025-04-28,27.59000015258789,68.13999938964844,184.3326416015625,29.494356155395508,33.279998779296875,48.305999755859375,183.52999877929688,31.020000457763672,325.0080261230469,3.4000000953674316
2025-04-29,27.260000228881836,69.27999877929688,186.41024780273438,29.125913619995117,33.220001220703125,48.71799850463867,184.60000610351562,31.18000030517578,328.1349182128906,3.4000000953674316
2025-04-30,27.860000610351562,68.18000030517578,182.2647705078125,28.82360076904297,33.290000915527344,48.869998931884766,184.02999877929688,30.15999984741211,331.4913330078125,3.4000000953674316
2025-05-01,27.43000030517578,67.2699966430664,181.88613891601562,28.389026641845703,33.2599983215332,50.374000549316406,184.75999450683594,31.229999542236328,336.4447021484375,3.369999885559082
2025-05-02,27.479999542236328,61.54999923706055,188.1286163330078,29.466012954711914,34.25,51.41999816894531,196.55999755859375,33.65999984741211,347.537109375,3.490000009536743
2025-05-05,26.600000381469727,60.41999816894531,184.23556518554688,28.644100189208984,34.130001068115234,51.91400146484375,186.30999755859375,30.920000076293945,338.13726806640625,3.5899999141693115
2025-05-06,26.040000915527344,60.290000915527344,180.98326110839844,28.218978881835938,33.58000183105469,51.762001037597656,182.8699951171875,30.149999618530273,330.76458740234375,3.609999895095825
2025-05-07,26.010000228881836,59.88999938964844,182.87640380859375,28.804706573486328,34.66999816894531,51.83399963378906,189.02000427246094,30.450000762939453,337.7547302246094,3.680000066757202
2025-05-08,26.780000686645508,61.36000061035156,185.71124267578125,29.985612869262695,35.349998474121094,57.10599899291992,196.60000610351562,33.630001068115234,346.3609619140625,3.799999952316284
2025-05-09,27.540000915527344,60.93000030517578,185.31320190429688,29.333751678466797,36.22999954223633,53.624000549316406,194.27999877929688,32.790000915527344,344.41021728515625,3.809999942779541
2025-05-12,28.049999237060547,68.77999877929688,206.22500610351562,31.58220100402832,37.93000030517578,55.92399978637695,226.0399932861328,39.560001373291016,378.4142150878906,3.880000114440918
2025-05-13,28.389999389648438,71.4000015258789,205.85606384277344,31.80893325805664,37.68000030517578,58.61199951171875,225.6699981689453,39.0099983215332,376.6355895996094,3.9200000762939453
2025-05-14,28.729999542236328,71.87999725341797,203.49696350097656,32.1490364074707,38.25,61.104000091552734,215.97000122070312,38.529998779296875,370.0661926269531,3.880000114440918
2025-05-15,28.6299991607666,70.06999969482422,173.82821655273438,32.092350006103516,36.61000061035156,59.47999954223633,218.08999633789062,38.75,392.4805603027344,3.890000104904175
2025-05-16,28.450000762939453,71.37000274658203,178.6532440185547,31.89396095275879,36.900001525878906,59.97800064086914,210.02000427246094,39.61000061035156,401.7466125488281,3.940000057220459
2025-05-19,27.889999389648438,70.83000183105469,177.4979705810547,31.723913192749023,37.20000076293945,61.04199981689453,203.91000366210938,38.65999984741211,388.3878479003906,3.9100000858306885
2025-05-20,28.510000228881836,71.41000366210938,177.73095703125,31.610544204711914,36.06999969482422,60.45800018310547,207.52000427246094,38.13999938964844,401.1536560058594,3.930000066757202
2025-05-21,28.049999237060547,69.55999755859375,170.7894744873047,29.447118759155273,35.540000915527344,58.417999267578125,195.60000610351562,36.41999816894531,386.6570129394531,3.819999933242798
2025-05-22,30.860000610351562,69.7699966430664,167.37213134765625,29.6455135345459,34.869998931884766,60.45000076293945,187.25999450683594,36.220001220703125,404.2519226074219,3.869999885559082
2025-05-23,33.029998779296875,69.01000213623047,162.3432159423828,28.596866607666016,35.08000183105469,60.821998596191406,184.8800048828125,36.20000076293945,390.22381591796875,3.759999990463257
2025-05-27,35.0099983215332,71.9800033569336,169.13906860351562,28.85194206237793,35.54999923706055,62.582000732421875,190.07000732421875,41.040000915527344,400.09228515625,4.130000114440918
2025-05-28,31.209999084472656,73.95999908447266,171.95448303222656,28.795255661010742,35.02000045776367,64.06199645996094,183.85000610351562,42.349998474121094,392.41363525390625,4.090000152587891
2025-05-29,29.56999969482422,72.80000305175781,175.9252166748047,27.00027847290039,35.599998474121094,63.93000030517578,184.13999938964844,42.779998779296875,384.8497009277344,3.990000009536743
2025-05-30,29.799999237060547,72.45999908447266,174.1097412109375,26.565706253051758,35.880001068115234,65.43199920654297,181.11000061035156,41.2400016784668,378.6915283203125,3.9600000381469727
2025-06-02,30.639999389648438,73.01000213623047,171.33316040039062,25.252534866333008,33.72999954223633,66.28800201416016,167.4600067138672,41.56999969482422,374.4075622558594,4.039999961853027
2025-06-03,30.100000381469727,72.97000122070312,172.58554077148438,25.649320602416992,34.31999969482422,68.02400207519531,176.72000122070312,42.97999954223633,380.1736755371094,3.9700000286102295
2025-06-04,29.950000762939453,73.69000244140625,171.51760864257812,25.545400619506836,34.84000015258789,69.12799835205078,178.19000244140625,44.290000915527344,382.134033203125,4.010000228881836
2025-06-05,29.450000762939453,74.5999984741211,173.7796630859375,25.120271682739258,33.72999954223633,68.66000366210938,175.5,44.91999816894531,377.4101867675781,4.070000171661377
2025-06-06,29.579999923706055,78.5,175.4786376953125,25.348722457885742,35.810001373291016,68.29199981689453,183.47000122070312,45.279998779296875,384.8975830078125,4.130000114440918
2025-06-09,30.34000015258789,79.58999633789062,177.0416717529297,25.53910255432129,36.20000076293945,67.98200225830078,184.85000610351562,47.279998779296875,385.3183288574219,4.210000038146973
2025-06-10,30.149999618530273,79.91000366210938,177.46885681152344,25.36776351928711,37.560001373291016,67.69999694824219,189.3800048828125,48.20000076293945,386.15020751953125,4.139999866485596
2025-06-11,28.549999237060547,80.4800033569336,179.4105224609375,24.996530532836914,37.880001068115234,68.06400299072266,178.97999572753906,47.959999084472656,385.3948059082031,4.159999847412109
2025-06-12,22.139999389648438,76.75,179.01246643066406,24.853744506835938,37.97999954223633,63.790000915527344,176.8699951171875,47.099998474121094,384.8019104003906,4.190000057220459
2025-06-13,22.139999389648438,74.41000366210938,172.72181701660156,23.997045516967773,36.5,59.40599822998047,189.1199951171875,46.099998474121094,382.3730773925781,4.079999923706055
2025-06-16,23.31999969482422,82.16999816894531,174.56883239746094,24.587217330932617,37.86000061035156,58.0099983215332,189.2899932861328,48.36000061035156,396.03778076171875,4.340000152587891
2025-06-17,22.989999771118164,80.62999725341797,170.86500549316406,25.824670791625977,38.119998931884766,58.79600143432617,182.69000244140625,48.290000915527344,393.0447692871094,4.300000190734863
2025-06-18,23.440000534057617,81.43000030517578,170.26885986328125,26.329166412353516,39.599998474121094,61.582000732421875,189.10000610351562,49.11000061035156,381.12042236328125,4.320000171661377
2025-06-20,23.459999084472656,80.98999786376953,169.57501220703125,26.89078140258789,40.5099983215332,63.97800064086914,188.85000610351562,49.459999084472656,387.0012512207031,4.230000019073486
2025-06-23,22.81999969482422,80.9000015258789,171.7934112548828,27.385761260986328,41.459999084472656,64.01599884033203,186.22000122070312,48.869998931884766,385.66253662109375,4.320000171661377
2025-06-24,23.290000915527344,83.69000244140625,174.21702575683594,27.32864761352539,42.810001373291016,64.59400177001953,184.02000427246094,50.689998626708984,389.67877197265625,4.329999923706055
2025-06-25,23.549999237060547,83.62999725341797,181.43902587890625,27.42383575439453,42.7400016784668,63.152000427246094,186.9499969482422,50.11000061035156,391.9546203613281,4.869999885559082
2025-06-26,23.8799991607666,86.5,191.42666625976562,27.737958908081055,42.22999954223633,61.29600143432617,193.0399932861328,50.65999984741211,395.14849853515625,4.71999979019165
2025-06-27,23.59000015258789,86.94000244140625,198.20889282226562,28.613693237304688,42.88999938964844,63.85200119018555,190.8300018310547,51.220001220703125,397.2522277832031,4.539999961853027
2025-06-30,24.389999389648438,87.88999938964844,193.3127899169922,28.51850700378418,42.88999938964844,67.39199829101562,189.00999450683594,51.13999938964844,399.78778076171875,4.579999923706055
2025-07-01,23.68000030517578,86.19999694824219,201.2579345703125,30.603137969970703,41.9900016784668,67.6520004272461,198.97000122070312,51.9900016784668,431.0375061035156,4.340000152587891
2025-07-02,23.950000762939453,86.4000015258789,201.74658203125,31.202823638916016,41.31999969482422,68.6780014038086,205.8000030517578,56.459999084472656,430.9800720214844,4.230000019073486
2025-07-03,23.59000015258789,88.2699966430664,201.54135131835938,31.54550552368164,40.77000045776367,69.66600036621094,207.0399932861328,56.790000915527344,436.12774658203125,4.349999904632568
2025-07-07,22.6200008392334,88.05999755859375,202.23519897460938,31.22186279296875,40.58000183105469,71.46399688720703,198.3800048828125,55.029998779296875,435.54412841796875,4.309999942779541
2025-07-08,22.75,88.13999938964844,202.9486083984375,31.897703170776367,42.34000015258789,69.18399810791016,199.6199951171875,55.09000015258789,422.6940002441406,4.210000038146973
2025-07-09,23.190000534057617,88.62999725341797,205.52859497070312,31.364643096923828,42.79999923706055,70.21800231933594,203.27000427246094,56.56999969482422,415.24993896484375,4.130000114440918
2025-07-10,23.100000381469727,90.25,209.75038146972656,32.03096389770508,44.56999969482422,69.11000061035156,213.4499969482422,58.83000183105469,418.1969909667969,4.110000133514404
2025-07-11,23.329999923706055,88.98999786376953,205.21588134765625,31.259937286376953,42.97999954223633,68.73400115966797,207.52000427246094,57.09000015258789,413.8147277832031,4.03000020980835
2025-07-14,23.700000762939453,89.82499694824219,204.10179138183594,30.365163803100586,43.790000915527344,69.46800231933594,202.91000366210938,55.93000030517578,420.14886474609375,4.03000020980835
2025-07-15,23.219999313354492,89.27999877929688,201.48272705078125,29.68932342529297,43.79999923706055,69.68199920654297,187.5399932861328,53.369998931884766,407.3466796875,4.070000171661377
2025-07-16,23.68000030517578,90.9000015258789,197.24139404296875,29.299055099487305,43.36000061035156,70.40399932861328,188.32000732421875,55.380001068115234,422.0625305175781,4.039999961853027
2025-07-17,23.399999618530273,91.0999984741211,204.43405151367188,30.184307098388672,43.939998626708984,69.22000122070312,196.75999450683594,56.56999969482422,441.7347717285156,4.010000228881836
2025-07-18,23.280000686645508,93.29000091552734,204.72723388671875,30.250940322875977,43.720001220703125,69.50399780273438,195.49000549316406,56.439998626708984,441.80169677734375,3.9100000858306885
2025-07-21,24.200000762939453,91.69000244140625,210.54197692871094,30.80303382873535,44.470001220703125,68.38400268554688,194.6699981689453,56.41999816894531,444.413818359375,3.880000114440918
2025-07-22,24.260000228881836,89.55000305175781,209.75038146972656,31.516950607299805,44.560001373291016,68.31199645996094,212.7899932861328,60.43000030517578,463.5980224609375,3.9600000381469727
2025-07-23,23.959999084472656,90.25,211.8612518310547,31.421756744384766,44.81999969482422,68.5999984741211,221.0,62.83000183105469,473.26190185546875,4.099999904632568
2025-07-24,23.530000686645508,90.05000305175781,207.05313110351562,29.91777992248535,44.040000915527344,65.21800231933594,212.74000549316406,63.06999969482422,476.4194641113281,3.9600000381469727
2025-07-25,23.329999923706055,90.12000274658203,212.25218200683594,30.041522979736328,44.86000061035156,66.42400360107422,213.8000030517578,65.37000274658203,477.57720947265625,3.9100000858306885
2025-07-28,22.979999542236328,93.6500015258789,214.49989318847656,29.51798439025879,44.279998779296875,67.26599884033203,218.1699981689453,67.86000061035156,491.0013122558594,3.8299999237060547
2025-07-29,22.549999237060547,90.37999725341797,209.90673828125,29.45135498046875,43.599998474121094,67.30000305175781,211.52999877929688,66.69000244140625,462.55511474609375,3.75
2025-07-30,22.450000762939453,92.0,208.24537658691406,28.604175567626953,45.75,66.71800231933594,207.72000122070312,65.62000274658203,453.92462158203125,3.740000009536743
2025-07-31,22.450000762939453,94.16000366210938,206.70130920410156,27.566619873046875,45.040000915527344,78.03399658203125,205.6199951171875,65.63999938964844,446.7676086425781,3.690000057220459
2025-08-01,22.100000381469727,79.9800033569336,202.069091796875,26.81463050842285,43.72999954223633,73.55599975585938,200.75999450683594,65.22000122070312,448.317626953125,3.609999895095825
2025-08-04,22.6299991607666,85.83000183105469,204.73703002929688,27.414316177368164,45.04999923706055,72.13200378417969,216.88999938964844,73.4800033569336,448.17413330078125,3.7699999809265137
2025-08-05,22.809999465942383,83.63999938964844,207.3951873779297,27.53806495666504,44.939998626708984,70.14800262451172,217.99000549316406,73.68000030517578,443.2273864746094,3.740000009536743
2025-08-06,22.809999465942383,84.93000030517578,211.90037536621094,27.709402084350586,45.36000061035156,70.97799682617188,213.02000427246094,76.68000030517578,449.1883544921875,3.7100000381469727
2025-08-07,22.649999618530273,83.11000061035156,210.248779296875,27.88074493408203,45.20000076293945,71.55000305175781,213.05999755859375,73.27999877929688,447.3703918457031,3.6600000858306885
2025-08-08,22.270000457763672,83.20999908447266,206.4374542236328,27.138273239135742,42.880001068115234,69.51200103759766,215.0399932861328,72.37000274658203,450.7192687988281,3.609999895095825
2025-08-11,22.40999984741211,81.98999786376953,207.0629119873047,26.61473274230957,42.72999954223633,69.05000305175781,214.9199981689453,71.76000213623047,447.22686767578125,3.5799999237060547
2025-08-12,22.93000030517578,84.31999969482422,217.15806579589844,27.147790908813477,43.099998474121094,69.02200317382812,237.2899932861328,74.62999725341797,457.7710266113281,3.6700000762939453
2025-08-13,23.020000457763672,88.08999633789062,220.8325653076172,28.175827026367188,43.15999984741211,69.9739990234375,245.67999267578125,78.69000244140625,476.4289855957031,3.7699999809265137
2025-08-14,22.889999389648438,87.51000213623047,217.74440002441406,27.32864761352539,43.66999816894531,68.51799774169922,235.10000610351562,79.05000305175781,477.1944580078125,3.690000057220459
2025-08-15,22.940000534057617,90.29000091552734,218.87803649902344,27.300090789794922,44.939998626708984,69.99800109863281,233.75999450683594,78.7300033569336,493.41253662109375,3.6600000858306885
2025-08-18,23.110000610351562,92.33000183105469,218.31121826171875,28.70888328552246,45.70000076293945,71.9020004272461,229.2100067138672,79.05999755859375,500.971435546875,3.75
2025-08-19,22.81999969482422,88.80000305175781,222.3961944580078,28.38524055480957,45.02000045776367,68.8479995727539,231.52999877929688,78.94999694824219,496.8188171386719,3.6600000858306885
2025-08-20,22.6299991607666,88.47000122070312,217.8225860595703,28.194866180419922,45.650001525878906,67.72200012207031,216.61000061035156,79.95999908447266,475.8836364746094,3.6500000953674316
2025-08-21,22.559999465942383,90.61000061035156,218.3307647705078,28.004487991333008,46.09000015258789,67.81400299072266,218.7899932861328,76.37000274658203,484.9159851074219,3.6500000953674316
2025-08-22,22.889999389648438,94.22000122070312,222.454833984375,29.79669761657715,47.18000030517578,71.56199645996094,243.7100067138672,77.83999633789062,510.67352294921875,3.759999990463257
2025-08-25,22.68000030517578,93.98999786376953,222.6600341796875,29.835033416748047,46.90999984741211,72.42400360107422,230.72000122070312,73.23999786376953,511.8409118652344,3.75
2025-08-26,22.299999237060547,95.55999755859375,221.65345764160156,30.045881271362305,47.709999084472656,74.44000244140625,221.19000244140625,72.98999786376953,502.6362609863281,3.809999942779541
2025-08-27,22.5,96.18000030517578,220.8716583251953,30.22797966003418,47.79999923706055,73.47000122070312,228.0,74.48999786376953,524.8632202148438,3.8499999046325684
2025-08-28,22.790000915527344,97.54000091552734,210.1901397705078,28.138662338256836,48.22999954223633,75.47599792480469,229.22000122070312,75.45999908447266,523.4949951171875,3.8299999237060547
2025-08-29,22.40999984741211,96.55999755859375,207.9619903564453,27.994901657104492,47.97999954223633,74.38400268554688,225.6699981689453,74.5999984741211,509.8698425292969,3.8299999237060547
2025-09-02,23.40999984741211,95.86000061035156,204.51223754882812,28.330345153808594,47.90999984741211,73.27799987792969,221.72000122070312,77.6500015258789,529.3028564453125,3.7799999713897705
2025-09-03,22.8799991607666,98.47000122070312,205.4210968017578,29.28874397277832,47.68000030517578,72.46399688720703,221.22000122070312,79.33000183105469,535.57958984375,3.7699999809265137
2025-09-04,22.3700008392334,97.1500015258789,216.9821319580078,30.544252395629883,47.400001525878906,74.03399658203125,235.24000549316406,82.80000305175781,546.6307983398438,3.799999952316284
2025-09-05,22.610000610351562,95.23999786376953,216.21011352539062,28.186582565307617,46.560001373291016,73.7760009765625,251.0,89.61000061035156,552.04638671875,3.880000114440918
2025-09-08,23.219999313354492,99.38999938964844,218.74122619628906,27.295269012451172,46.31999969482422,74.44200134277344,240.99000549316406,87.05999755859375,553.5104370117188,3.859999895095825
2025-09-09,23.59000015258789,96.98999786376953,215.2621612548828,27.046085357666016,45.90999984741211,75.0,232.97999572753906,86.19000244140625,543.6934204101562,3.75
2025-09-10,24.3700008392334,94.94000244140625,221.90757751464844,26.98858070373535,45.650001525878906,73.02400207519531,228.92999267578125,87.33999633789062,544.4589233398438,3.7799999713897705
2025-09-11,24.850000381469727,96.38999938964844,225.6798095703125,26.71064567565918,45.869998931884766,70.8479995727539,228.1199951171875,90.16999816894531,560.6577758789062,3.869999885559082
2025-09-12,24.93000030517578,94.5199966430664,217.60720825195312,26.078100204467773,43.97999954223633,72.35399627685547,217.6199951171875,87.61000061035156,549.8552856445312,3.9000000953674316
2025-09-15,25.530000686645508,93.91999816894531,222.12637329101562,25.359298706054688,42.83000183105469,73.06999969482422,222.8300018310547,87.7300033569336,561.5380859375,3.9700000286102295
2025-09-16,26.34000015258789,97.91000366210938,218.746826171875,24.937604904174805,42.875,72.91799926757812,230.6999969482422,87.23999786376953,567.1928100585938,4.0
2025-09-17,26.100000381469727,98.33999633789062,218.8843536376953,24.659666061401367,42.63999938964844,75.61199951171875,229.50999450683594,86.36000061035156,570.187744140625,4.010000228881836
2025-09-18,25.8799991607666,99.16000366210938,223.21685791015625,25.19637107849121,43.29999923706055,75.63200378417969,233.4600067138672,88.38999938964844,576.0721435546875,4.199999809265137
2025-09-19,26.079999923706055,101.77999877929688,218.04928588867188,24.046289443969727,43.45000076293945,78.37799835205078,224.6999969482422,89.30999755859375,573.0868530273438,4.210000038146973
2025-09-22,26.780000686645508,99.05000305175781,215.38693237304688,24.822593688964844,43.84000015258789,78.16999816894531,217.7899932861328,85.29000091552734,548.4774780273438,4.400000095367432
2025-09-23,26.799999237060547,99.0,224.6806640625,25.455137252807617,43.27000045776367,75.62000274658203,218.44000244140625,83.05000305175781,582.6455078125,4.269999980926514
2025-09-24,26.25,98.20999908447266,226.19361877441406,25.665987014770508,42.95000076293945,74.96199798583984,212.6199951171875,82.93000030517578,584.3008422851562,4.269999980926514
2025-09-25,25.270000457763672,98.01000213623047,221.27163696289062,24.765090942382812,42.91999816894531,74.2760009765625,211.3000030517578,84.97000122070312,584.4156494140625,4.650000095367432
2025-09-26,26.420000076293945,99.5999984741211,224.25823974609375,25.550981521606445,42.31999969482422,73.85800170898438,202.5,86.81999969482422,596.8255615234375,4.960000038146973
2025-09-29,27.209999084472656,100.08000183105469,216.01568603515625,24.97593879699707,42.30500030517578,78.53199768066406,197.83999633789062,89.19000244140625,593.3524169921875,5.0
2025-09-30,27.280000686645508,100.12999725341797,218.31454467773438,24.688417434692383,37.400001525878906,75.447998046875,203.16000366210938,89.33000183105469,588.2307739257812,4.880000114440918
2025-10-01,27.690000534057617,103.56999969482422,228.74789428710938,24.582992553710938,35.15999984741211,79.08200073242188,200.8000030517578,86.41000366210938,602.0348510742188,4.789999961853027
2025-10-02,27.219999313354492,103.83999633789062,226.3507843017578,24.59257698059082,34.88999938964844,78.94200134277344,203.7899932861328,86.3499984741211,597.2005615234375,4.75
2025-10-03,25.3799991607666,103.8499984741211,227.34304809570312,24.80342674255371,35.369998931884766,75.14399719238281,207.5,88.52999877929688,589.9251708984375,4.5
2025-10-06,25.049999237060547,104.83999633789062,225.88905334472656,25.330547332763672,34.97999954223633,73.91999816894531,200.0,84.19000244140625,588.3744506835938,4.800000190734863
2025-10-07,24.350000381469727,101.83000183105469,220.97691345214844,24.611745834350586,32.95000076293945,74.06199645996094,196.44000244140625,83.12000274658203,586.0099487304688,4.650000095367432
2025-10-08,24.40999984741211,99.93000030517578,223.14808654785156,24.918432235717773,33.97999954223633,72.18199920654297,199.25999450683594,82.44999694824219,583.1954345703125,4.760000228881836
2025-10-09,24.06999969482422,97.13999938964844,219.8864288330078,24.688417434692383,35.20000076293945,72.00599670410156,185.30999755859375,78.87000274658203,571.2964477539062,4.849999904632568
2025-10-10,23.299999237060547,92.0199966430664,207.86155700683594,23.97920036315918,32.689998626708984,65.8479995727539,173.3699951171875,74.27999877929688,554.5728149414062,4.480000019073486
2025-10-13,23.59000015258789,93.83000183105469,225.6729278564453,24.717172622680664,33.58000183105469,67.65599822998047,181.55999755859375,76.20999908447266,585.1388549804688,4.550000190734863
2025-10-14,23.209999084472656,94.4000015258789,226.21324157714844,25.01427459716797,34.36000061035156,69.18199920654297,183.13999938964844,79.19999694824219,594.759521484375,4.46999979019165
2025-10-15,23.3799991607666,98.58000183105469,230.08399963378906,24.72675323486328,35.5,71.08399963378906,176.55999755859375,81.30999755859375,575.1351318359375,4.519999980926514
2025-10-16,22.950000762939453,95.33000183105469,226.32131958007812,24.928020477294922,35.189998626708984,68.94200134277344,176.16000366210938,83.18000030517578,570.6168823242188,4.519999980926514
2025-10-17,23.06999969482422,94.20999908447266,224.83786010742188,25.39763641357422,34.099998474121094,66.76200103759766,174.27000427246094,82.30999755859375,568.6544799804688,4.489999771118164
2025-10-20,23.3700008392334,96.27999877929688,221.82179260253906,24.70758819580078,33.599998474121094,67.5199966430664,179.67999267578125,83.12999725341797,568.34814453125,4.579999923706055
2025-10-21,22.799999237060547,97.48999786376953,223.7178955078125,25.27304458618164,33.619998931884766,71.17400360107422,185.6999969482422,80.91000366210938,569.1713256835938,4.639999866485596
2025-10-22,22.489999771118164,96.02999877929688,224.189453125,24.98552131652832,34.70000076293945,65.3759994506836,178.80999755859375,81.52999877929688,579.69189453125,4.510000228881836
2025-10-23,23.6299991607666,98.27999877929688,223.86526489257812,25.924755096435547,34.70000076293945,68.4020004272461,180.58999633789062,83.12000274658203,576.3126831054688,4.610000133514404
2025-10-24,23.299999237060547,96.29000091552734,221.41900634765625,25.8768367767334,33.0,70.23999786376953,180.9600067138672,83.08999633789062,580.3427734375,4.78000020980835
2025-10-27,23.530000686645508,98.80999755859375,225.24066162109375,24.956771850585938,32.959999084472656,71.02999877929688,188.22999572753906,86.44999694824219,589.7337036132812,4.800000190734863
2025-10-28,23.299999237060547,99.01000213623047,225.83010864257812,25.004690170288086,31.15999984741211,72.44000244140625,193.25,106.5199966430664,582.688232421875,4.840000152587891
2025-10-29,23.3799991607666,98.61000061035156,221.61550903320312,23.873777389526367,30.649999618530273,70.79000091552734,184.30999755859375,103.62000274658203,584.8133544921875,4.829999923706055
2025-10-30,22.579999923706055,100.02999877929688,216.8802032470703,22.934545516967773,30.139999389648438,61.013999938964844,175.4499969482422,102.4000015258789,571.2869873046875,4.769999980926514
2025-10-31,22.290000915527344,106.12999725341797,217.55807495117188,23.461666107177734,30.59000015258789,61.30799865722656,172.49000549316406,103.51000213623047,574.4459838867188,4.880000114440918
2025-11-03,22.110000610351562,108.62999725341797,213.97222900390625,23.222063064575195,30.56999969482422,66.46600341796875,170.07000732421875,103.30000305175781,576.4275512695312,4.800000190734863
2025-11-04,21.979999542236328,106.0999984741211,212.38070678710938,22.61827278137207,28.610000610351562,61.95800018310547,163.7100067138672,99.43000030517578,569.6595458984375,4.670000076293945
2025-11-05,22.010000228881836,105.66999816894531,215.13148498535156,22.66619110107422,27.920000076293945,61.93600082397461,166.19000244140625,100.86000061035156,588.4318237304688,4.75
2025-11-06,21.350000381469727,104.81999969482422,212.91122436523438,21.717374801635742,27.979999542236328,58.02799987792969,158.05999755859375,98.69999694824219,575.2692260742188,4.619999885559082
2025-11-07,21.5,102.30000305175781,215.25921630859375,21.956974029541016,30.399999618530273,60.79800033569336,162.17999267578125,106.87999725341797,580.4576416015625,4.559999942779541
2025-11-10,21.489999771118164,105.0,215.76025390625,21.4969425201416,30.540000915527344,64.45600128173828,157.77000427246094,112.5,584.143310546875,4.630000114440918
2025-11-11,21.450000762939453,106.79000091552734,214.15890502929688,21.046491622924805,30.4950008392334,65.3759994506836,162.17999267578125,110.54000091552734,583.0902099609375,4.559999942779541
2025-11-12,21.360000610351562,105.91999816894531,218.94329833984375,21.468189239501953,31.510000228881836,65.63800048828125,161.02000427246094,111.72000122070312,580.0748901367188,4.489999771118164
2025-11-13,20.959999084472656,100.01000213623047,216.2318115234375,21.075244903564453,29.690000534057617,63.70800018310547,158.32000732421875,106.48999786376953,635.69287109375,4.349999904632568
2025-11-14,20.65999984741211,99.7699966430664,212.54771423339844,21.084829330444336,29.579999923706055,63.6619987487793,149.41000366210938,101.94000244140625,607.7689208984375,4.309999942779541
2025-11-17,20.5,96.88999938964844,205.30723571777344,20.557710647583008,28.81999969482422,64.6240005493164,142.5,99.52999877929688,570.2147827148438,4.159999847412109
2025-11-18,20.5,95.2699966430664,206.4861297607422,20.222267150878906,29.3700008392334,63.444000244140625,141.5500030517578,95.80999755859375,573.4600219726562,4.300000190734863
2025-11-19,20.420000076293945,93.0999984741211,203.40133666992188,20.164764404296875,29.020000457763672,65.94999694824219,146.75,97.94000244140625,579.5482788085938,4.21999979019165
2025-11-20,19.940000534057617,90.98999786376953,199.04920959472656,15.161908149719238,29.0,62.650001525878906,139.5399932861328,97.51000213623047,571.0762939453125,4.130000114440918
2025-11-21,20.139999389648438,93.31999969482422,204.7865447998047,14.414490699768066,29.989999771118164,61.97600173950195,153.0800018310547,105.04000091552734,585.435546875,4.170000076293945
2025-11-24,20.489999771118164,93.58000183105469,202.68417358398438,15.103670120239258,29.440000534057617,66.18000030517578,149.47999572753906,105.19999694824219,588.1447143554688,4.150000095367432
2025-11-25,21.059999465942383,94.87999725341797,203.09678649902344,16.404369354248047,31.670000076293945,70.24600219726562,159.61000061035156,109.79000091552734,638.1339111328125,4.0
2025-11-26,21.6299991607666,95.62999725341797,203.76483154296875,16.86058807373047,32.20000076293945,71.46600341796875,159.44000244140625,112.55000305175781,642.7098388671875,4.070000171661377
2025-11-28,22.530000686645508,96.79000091552734,202.93960571289062,16.899412155151367,33.15999984741211,74.9000015258789,157.58999633789062,110.80000305175781,641.4365844726562,4.079999923706055
2025-12-01,22.790000915527344,96.5199966430664,204.5311279296875,18.423370361328125,33.869998931884766,75.052001953125,160.67999267578125,110.04000091552734,653.038818359375,3.9800000190734863
2025-12-02,22.809999465942383,98.26000213623047,205.73951721191406,18.054513931274414,33.61000061035156,76.43599700927734,157.02000427246094,101.41000366210938,650.3392333984375,4.059999942779541
2025-12-03,23.209999084472656,92.9800033569336,223.93402099609375,18.452489852905273,34.54999923706055,79.0,162.30999755859375,95.19999694824219,655.7000732421875,4.179999828338623
2025-12-04,22.950000762939453,94.54000091552734,221.98883056640625,18.452489852905273,35.189998626708984,79.7699966430664,159.94000244140625,94.51000213623047,651.9666748046875,4.25
2025-12-05,23.0,100.08999633789062,228.13880920410156,18.277767181396484,34.0,79.9540023803711,161.05999755859375,95.20999908447266,668.3554077148438,4.320000171661377
2025-12-08,23.350000381469727,101.69999694824219,215.9960479736328,19.073720932006836,35.560001373291016,89.59600067138672,155.67999267578125,93.81999969482422,657.90185546875,4.409999847412109
2025-12-09,23.110000610351562,105.55999755859375,214.15890502929688,18.462196350097656,34.939998626708984,91.26599884033203,158.02999877929688,94.22000122070312,681.70947265625,4.409999847412109
2025-12-10,22.1200008392334,105.36000061035156,215.64234924316406,18.957239151000977,34.630001068115234,93.53399658203125,157.22000122070312,93.30999755859375,699.5149536132812,4.380000114440918
2025-12-11,21.860000610351562,106.30000305175781,212.8817596435547,19.35521697998047,34.88999938964844,94.5459976196289,153.30999755859375,99.5199966430664,697.1217041015625,4.349999904632568
2025-12-12,21.229999542236328,107.47000122070312,211.1360321044922,19.46198844909668,35.52000045776367,91.13600158691406,162.00999450683594,97.30999755859375,680.7776489257812,4.28000020980835
2025-12-15,22.09000015258789,109.0250015258789,209.26878356933594,19.141664505004883,35.59000015258789,89.58399963378906,163.6699981689453,98.58000183105469,677.8024291992188,4.25
2025-12-16,22.280000686645508,111.08999633789062,207.4015350341797,19.06401252746582,34.540000915527344,91.03600311279297,167.58999633789062,100.08000183105469,651.324462890625,4.389999866485596
2025-12-17,23.030000686645508,107.69000244140625,205.4552764892578,19.0931339263916,34.04999923706055,89.24600219726562,170.44000244140625,102.47000122070312,646.78173828125,4.260000228881836
2025-12-18,22.559999465942383,110.87000274658203,207.53985595703125,19.044601440429688,34.189998626708984,93.14800262451172,172.6300048828125,98.45999908447266,651.51416015625,4.329999923706055
2025-12-19,22.510000228881836,108.81999969482422,209.58493041992188,19.20961570739746,34.209999084472656,90.04399871826172,170.97999572753906,101.69999694824219,662.5765991210938,3.7699999809265137
2025-12-22,21.739999771118164,109.80000305175781,208.61672973632812,18.714570999145508,34.900001525878906,86.71800231933594,179.49000549316406,103.63999938964844,611.7174682617188,3.950000047683716
2025-12-23,21.3799991607666,110.3499984741211,205.42562866210938,18.685453414916992,34.540000915527344,87.47000122070312,182.3699951171875,101.5999984741211,624.3274536132812,4.0
2025-12-24,21.530000686645508,110.68000030517578,207.70782470703125,19.141664505004883,34.459999084472656,88.31400299072266,182.97999572753906,100.70999908447266,630.0783081054688,3.990000009536743
2025-12-26,21.09000015258789,112.08000183105469,207.7176971435547,19.20961570739746,34.880001068115234,87.69400024414062,185.64999389648438,102.22000122070312,629.0798950195312,3.9700000286102295
2025-12-29,20.530000686645508,111.23999786376953,199.7053680419922,19.830846786499023,34.540000915527344,86.70999908447266,184.6300048828125,102.02999877929688,631.0667114257812,3.880000114440918
2025-12-30,20.5,110.81999969482422,196.58343505859375,19.597883224487305,34.7599983215332,85.91000366210938,181.92999267578125,101.02999877929688,611.6176147460938,3.7899999618530273
2025-12-31,20.079999923706055,108.48999786376953,195.58560180664062,19.49110984802246,34.459999084472656,84.40399932861328,179.14999389648438,100.41000366210938,605.6741943359375,3.7899999618530273
2026-01-02,20.6200008392334,108.72000122070312,197.80848693847656,20.13175392150879,35.65999984741211,80.05000305175781,193.41000366210938,106.55999755859375,636.2405395507812,3.799999952316284
2026-01-05,20.719999313354492,114.68000030517578,204.56610107421875,19.63671112060547,36.2400016784668,86.01200103759766,197.2100067138672,105.38999938964844,645.4904174804688,3.880000114440918
2026-01-06,20.65999984741211,113.27999877929688,214.4259033203125,21.39362907409668,34.95000076293945,88.08799743652344,210.1999969482422,109.5999984741211,652.033203125,3.9200000762939453
2026-01-07,21.290000915527344,110.30000305175781,207.54974365234375,21.30626678466797,34.65999984741211,90.15599822998047,206.5,109.98999786376953,650.4649047851562,3.890000104904175
2026-01-08,21.420000076293945,108.86000061035156,214.0504913330078,22.102218627929688,35.97999954223633,88.51599884033203,214.94000244140625,113.44999694824219,689.7217407226562,3.859999895095825
2026-01-09,21.229999542236328,111.16999816894531,213.58615112304688,22.606969833374023,35.16999816894531,92.61799621582031,219.0,115.93000030517578,680.3519897460938,3.8399999141693115
2026-01-12,20.979999542236328,110.72000122070312,212.98348999023438,21.908082962036133,34.959999084472656,92.90399932861328,218.17999267578125,114.83999633789062,678.6439208984375,4.0
2026-01-13,21.020000457763672,110.51000213623047,213.09217834472656,22.306058883666992,34.04999923706055,93.70999908447266,222.74000549316406,119.05000305175781,699.4609985351562,3.930000066757202
2026-01-14,21.020000457763672,107.55000305175781,206.6803436279297,22.344886779785156,34.31999969482422,91.72200012207031,217.24000549316406,114.5999984741211,648.007568359375,3.869999885559082
2026-01-15,21.360000610351562,104.97000122070312,210.31600952148438,22.713743209838867,35.459999084472656,92.1760025024414,223.5800018310547,118.25,664.5094604492188,3.9200000762939453
2026-01-16,21.100000381469727,103.66000366210938,212.72662353515625,22.587554931640625,32.619998931884766,88.6240005493164,232.89999389648438,114.98999786376953,664.0698852539062,3.880000114440918
2026-01-20,21.100000381469727,102.75,203.765869140625,21.015066146850586,32.25,88.45800018310547,219.44000244140625,107.88999938964844,679.2732543945312,3.8299999237060547
2026-01-21,21.690000534057617,104.26000213623047,209.42684936523438,21.607173919677734,31.579999923706055,91.00399780273438,229.3300018310547,110.38999938964844,665.7481079101562,3.799999952316284
2026-01-22,23.139999389648438,107.2300033569336,205.16876220703125,21.91779136657715,31.6200008392334,95.69000244140625,231.00999450683594,110.1500015258789,643.1829223632812,3.819999933242798
2026-01-23,22.989999771118164,106.2300033569336,203.6769561767578,21.54893684387207,29.969999313354492,94.66200256347656,228.38999938964844,109.77999877929688,627.2504272460938,3.819999933242798
2026-01-26,24.010000228881836,107.0,200.75259399414062,20.820932388305664,30.579999923706055,94.74199676513672,219.08999633789062,110.12999725341797,620.87744140625,3.809999942779541
2026-01-27,24.209999084472656,104.58000183105469,203.3311767578125,20.81122589111328,30.110000610351562,95.54399871826172,209.80999755859375,111.1500015258789,610.8883666992188,3.799999952316284
2026-01-28,23.639999389648438,100.83999633789062,203.20272827148438,20.99565315246582,30.1200008392334,82.00800323486328,204.5500030517578,108.69000244140625,603.0670166015625,3.75
2026-01-29,22.809999465942383,100.45999908447266,203.1138153076172,20.122045516967773,29.940000534057617,85.48799896240234,204.14999389648438,107.54000091552734,607.8717041015625,3.6600000858306885
2026-01-30,23.8799991607666,95.19999694824219,199.56704711914062,21.16066551208496,27.510000228881836,80.22200012207031,198.8300018310547,103.48999786376953,606.892822265625,3.569999933242798
2026-02-02,25.850000381469727,96.18000030517578,200.5550079345703,21.58776092529297,27.420000076293945,81.5780029296875,195.72999572753906,104.72000122070312,632.1150512695312,3.559999942779541
2026-02-03,24.520000457763672,93.87999725341797,200.5747833251953,21.442161560058594,26.760000228881836,82.0719985961914,199.3699951171875,104.38999938964844,640.7955932617188,3.390000104904175
2026-02-04,24.979999542236328,92.12999725341797,207.9943084716797,21.956619262695312,27.239999771118164,78.60800170898438,206.6999969482422,90.9000015258789,652.3228149414062,3.4600000381469727
2026-02-05,24.690000534057617,86.05000305175781,203.05453491210938,21.58776092529297,25.520000457763672,76.73799896240234,195.44000244140625,88.38999938964844,634.8121337890625,3.390000104904175
2026-02-06,24.979999542236328,85.8499984741211,205.78128051757812,22.374008178710938,26.6200008392334,80.73400115966797,211.16000366210938,92.5999984741211,665.778076171875,3.4600000381469727
2026-02-09,24.639999389648438,88.5199966430664,199.48800659179688,22.432249069213867,27.219999313354492,82.3219985961914,206.9499969482422,92.79000091552734,647.4082641601562,3.4700000286102295
2026-02-10,24.81999969482422,90.91000366210938,197.40342712402344,21.820724487304688,27.1200008392334,78.33799743652344,210.39999389648438,90.01000213623047,633.8131713867188,3.5199999809265137
2026-02-11,24.209999084472656,87.88999938964844,201.94802856445312,21.752779006958008,26.299999237060547,72.81400299072266,199.94000244140625,88.06999969482422,642.9232177734375,3.490000009536743
2026-02-12,23.520000457763672,82.93000030517578,196.91934204101562,22.189579010009766,25.15999984741211,68.8280029296875,195.25999450683594,82.5199966430664,648.596923828125,3.4100000858306885
2026-02-13,23.56999969482422,90.05999755859375,198.8260955810547,23.364093780517578,21.760000228881836,68.5739974975586,205.05999755859375,82.38999938964844,644.0020141601562,3.4600000381469727
2026-02-17,23.260000228881836,88.58000183105469,203.6670684814453,23.946496963500977,22.59000015258789,70.18800354003906,208.72000122070312,85.2300033569336,659.9544677734375,3.4200000762939453
2026-02-18,23.8700008392334,90.20999908447266,200.36729431152344,23.208784103393555,23.209999084472656,72.30599975585938,212.41000366210938,91.4800033569336,666.936767578125,3.430000066757202
2026-02-19,23.899999618530273,89.61000061035156,200.2981414794922,23.432039260864258,22.489999771118164,66.55799865722656,204.6300048828125,79.56999969482422,662.5615844726562,3.430000066757202
2026-02-20,23.43000030517578,89.05999755859375,203.74610900878906,23.862703323364258,22.309999465942383,67.3239974975586,207.72999572753906,81.43000030517578,669.2642211914062,3.450000047683716
2026-02-23,23.639999389648438,84.41999816894531,208.7945556640625,22.042171478271484,21.809999465942383,65.0199966430664,189.3800048828125,73.47000122070312,645.4703979492188,3.319999933242798
2026-02-24,23.770000457763672,87.68000030517578,209.93072509765625,22.766468048095703,22.3700008392334,65.03199768066406,190.39999389648438,73.91000366210938,595.2256469726562,3.380000114440918
2026-02-25,24.219999313354492,92.27999877929688,212.17337036132812,22.188987731933594,22.940000534057617,66.97799682617188,184.00999450683594,75.75,599.5908203125,3.4200000762939453
2026-02-26,24.100000381469727,93.47000122070312,208.9921417236328,22.815406799316406,23.489999771118164,70.77999877929688,186.61000061035156,78.97000122070312,612.05712890625,3.509999990463257
2026-02-27,24.030000686645508,98.41000366210938,201.17742919921875,22.27707862854004,23.84000015258789,66.83200073242188,165.7100067138672,76.33000183105469,602.1280517578125,3.390000104904175
2026-03-02,24.200000762939453,98.08999633789062,201.5824737548828,21.572355270385742,23.81999969482422,64.62200164794922,157.3300018310547,73.7699966430664,606.77294921875,3.4000000953674316
2026-03-03,23.81999969482422,94.06999969482422,199.03355407714844,21.95408058166504,24.450000762939453,63.79800033569336,155.85000610351562,75.4800033569336,611.1281127929688,3.4100000858306885
2026-03-04,23.8700008392334,97.51000213623047,197.9073028564453,22.521774291992188,25.43000030517578,63.25199890136719,150.99000549316406,78.70999908447266,630.2471313476562,3.4800000190734863
2026-03-05,23.8799991607666,98.11000061035156,199.78440856933594,21.81705093383789,25.459999084472656,66.23200225830078,151.61000061035156,78.55000305175781,619.8885498046875,3.549999952316284
2026-03-06,24.3700008392334,100.56999969482422,194.87425231933594,20.35866355895996,25.149999618530273,63.540000915527344,142.16000366210938,76.19999694824219,588.8526000976562,3.440000057220459
2026-03-09,24.799999237060547,100.16999816894531,193.54051208496094,21.161266326904297,25.15999984741211,65.6520004272461,141.36000061035156,75.72000122070312,588.7227783203125,3.4800000190734863
2026-03-10,24.3700008392334,100.55000305175781,192.2462921142578,20.006303787231445,25.139999389648438,63.75400161743164,143.4499969482422,74.83000183105469,597.5131225585938,3.450000047683716
2026-03-11,24.459999084472656,100.73999786376953,193.17498779296875,19.62457847595215,25.56999969482422,61.895999908447266,140.1300048828125,75.11000061035156,601.9282836914062,3.5
2026-03-12,24.43000030517578,94.80000305175781,195.2200469970703,18.381526947021484,25.559999465942383,58.52799987792969,131.35000610351562,73.73999786376953,573.1399536132812,3.4200000762939453
2026-03-13,23.530000686645508,91.6500015258789,189.84556579589844,19.08624839782715,25.8700008392334,60.029998779296875,128.3699951171875,75.75,582.0201416015625,3.3399999141693115
2026-03-16,23.280000686645508,95.18000030517578,185.51832580566406,19.98672866821289,24.895000457763672,61.194000244140625,132.02999877929688,79.11000061035156,584.6273193359375,3.299999952316284
2026-03-17,23.59000015258789,96.30000305175781,188.34388732910156,19.83991241455078,25.219999313354492,62.948001861572266,136.25,79.88999938964844,580.0523071289062,3.3299999237060547
2026-03-18,23.360000610351562,95.66000366210938,187.9190673828125,19.55606460571289,25.280000686645508,58.23400115966797,134.5399932861328,76.76000213623047,583.3187255859375,3.299999952316284
2026-03-19,23.229999542236328,95.86000061035156,190.7149658203125,19.898637771606445,24.90999984741211,58.83599853515625,134.50999450683594,76.2699966430664,601.4788208007812,3.299999952316284
2026-03-20,22.56999969482422,93.2699966430664,187.72146606445312,18.998157501220703,23.670000076293945,56.25600051879883,127.6500015258789,72.3499984741211,590.3509521484375,3.2200000286102295
2026-03-23,23.030000686645508,97.80999755859375,190.19134521484375,18.175981521606445,23.959999084472656,59.91999816894531,130.1699981689453,76.55999755859375,568.335205078125,3.319999933242798
2026-03-24,22.809999465942383,95.58999633789062,191.43618774414062,17.676801681518555,23.309999465942383,60.194000244140625,128.77999877929688,75.4000015258789,566.697021484375,3.2300000190734863
2026-03-25,23.079999923706055,95.05999755859375,191.67327880859375,17.804044723510742,21.420000076293945,61.71200180053711,136.94000244140625,79.75,566.6570434570312,3.2899999618530273
2026-03-26,22.559999465942383,89.02999877929688,190.02340698242188,17.45168113708496,21.270000457763672,60.27399826049805,132.02999877929688,73.69999694824219,551.7034301757812,3.25
2026-03-27,22.100000381469727,87.1500015258789,188.30307006835938,16.44353675842285,20.719999313354492,60.40800094604492,130.85000610351562,71.5,554.4005737304688,3.1600000858306885
2026-03-30,22.270000457763672,88.2300033569336,189.5560302734375,18.273860931396484,20.93000030517578,58.15999984741211,132.02000427246094,69.55000305175781,554.7600708007812,3.1500000953674316
2026-03-31,23.040000915527344,94.62000274658203,197.18321228027344,18.273860931396484,21.6200008392334,62.875999450683594,139.82000732421875,75.20999908447266,571.7905883789062,3.240000009536743
2026-04-01,22.760000228881836,94.9000015258789,191.05760192871094,18.91985511779785,22.15999984741211,62.417999267578125,112.8499984741211,75.25,576.5180053710938,3.359999895095825
2026-04-02,23.360000610351562,97.66000366210938,190.67971801757812,18.175981521606445,23.15999984741211,62.78200149536133,113.45999908447266,72.61000061035156,572.0404663085938,3.4600000381469727
2026-04-06,23.079999923706055,98.19999694824219,198.5455780029297,17.72574234008789,22.899999618530273,63.369998931884766,118.6500015258789,71.94999694824219,571.3009033203125,3.549999952316284
2026-04-07,23.43000030517578,98.52999877929688,199.2317352294922,17.706167221069336,22.950000762939453,64.04399871826172,114.33000183105469,69.77999877929688,574.6290283203125,3.4800000190734863
2026-04-08,22.90999984741211,100.98999786376953,203.60716247558594,17.559349060058594,23.940000534057617,67.76200103759766,120.0,74.18000030517578,596.4068603515625,3.5299999713897705
2026-04-09,22.8700008392334,100.04000091552734,211.4332275390625,18.029165267944336,22.25,65.38600158691406,123.80000305175781,73.05999755859375,606.371337890625,3.819999933242798
2026-04-10,23.219999313354492,102.47000122070312,211.27413940429688,17.715953826904297,22.229999542236328,67.26200103759766,125.58000183105469,71.68000030517578,595.37744140625,3.8399999141693115
2026-04-13,23.399999618530273,103.31999969482422,209.39468383789062,17.960649490356445,22.510000228881836,71.85399627685547,126.22000122070312,72.80999755859375,593.3585815429688,3.869999885559082
2026-04-14,24.030000686645508,106.54000091552734,215.0330352783203,17.91170883178711,22.959999084472656,74.84200286865234,130.72000122070312,74.72000122070312,603.7528076171875,3.9700000286102295
2026-04-15,24.790000915527344,109.33000183105469,215.76889038085938,17.559349060058594,23.639999389648438,74.21600341796875,129.52000427246094,76.91999816894531,606.1514282226562,4.110000133514404
2026-04-16,25.18000030517578,111.87000274658203,216.64398193359375,17.657228469848633,23.739999771118164,72.447998046875,129.49000549316406,77.30999755859375,592.3991088867188,4.690000057220459
2026-04-17,24.549999237060547,116.19000244140625,223.1077117919922,18.998157501220703,22.81999969482422,77.50599670410156,141.0399932861328,81.33000183105469,605.4318237304688,4.860000133514404
2026-04-20,24.920000076293945,118.7300033569336,229.332763671875,20.45654296875,22.889999389648438,80.39800262451172,142.69000244140625,81.08999633789062,616.8054809570312,5.5
2026-04-21,24.459999084472656,114.11000061035156,227.53286743164062,20.05524253845215,22.989999771118164,80.18399810791016,138.61000061035156,80.06999969482422,622.5322875976562,5.610000133514404
2026-04-22,25.65999984741211,118.33999633789062,226.93621826171875,20.104183197021484,22.469999313354492,83.35800170898438,136.61000061035156,80.62000274658203,608.6600341796875,5.429999828338623
2026-04-23,25.010000228881836,114.95999908447266,223.2071533203125,20.06502914428711,22.170000076293945,80.60399627685547,138.08999633789062,76.94000244140625,603.193115234375,5.269999980926514
2026-04-24,24.950000762939453,115.22000122070312,224.64906311035156,19.66373062133789,23.18000030517578,81.81600189208984,137.50999450683594,78.77999877929688,594.8677368164062,5.090000152587891
2026-04-27,25.40999984741211,114.37999725341797,228.05990600585938,18.587068557739258,23.530000686645508,81.34600067138672,136.0500030517578,75.7699966430664,594.8177490234375,5.320000171661377
2026-04-28,25.09000015258789,112.27999877929688,225.07666015625,18.851341247558594,23.399999618530273,81.28399658203125,132.9499969482422,73.58999633789062,582.4246826171875,5.139999866485596
2026-04-29,24.520000457763672,112.62000274658203,218.7720489501953,17.94107437133789,23.139999389648438,79.31800079345703,131.97000122070312,73.2699966430664,561.7662353515625,5.380000114440918
2026-04-30,24.950000762939453,116.55999755859375,225.65341186523438,19.027523040771484,23.31999969482422,79.16000366210938,131.9600067138672,63.93000030517578,568.9022216796875,5.400000095367432
2026-05-01,26.530000686645508,123.58000183105469,223.3662567138672,18.802400588989258,23.0,76.5199966430664,129.97000122070312,65.5,565.2042846679688,5.420000076293945
2026-05-04,23.84000015258789,126.0199966430664,216.05728149414062,18.16619300842285,23.56999969482422,75.30999755859375,122.3499984741211,64.8499984741211,550.4824829101562,5.579999923706055
2026-05-05,24.229999542236328,124.41000366210938,214.28721618652344,18.00958824157715,24.170000076293945,75.81800079345703,123.4800033569336,63.20000076293945,558.807861328125,5.599999904632568
2026-05-06,25.170000076293945,127.9800033569336,225.2357635498047,18.79261589050293,23.920000076293945,77.8759994506836,131.72999572753906,66.0,571.1509399414062,5.989999771118164
2026-05-07,23.969999313354492,126.66999816894531,220.9597625732422,18.890491485595703,25.219999313354492,80.00399780273438,133.64999389648438,66.19999694824219,553.1510620117188,6.099999904632568
2026-05-08,24.280000686645508,129.52999877929688,224.5496063232422,19.31136703491211,25.520000457763672,77.94000244140625,133.88999938964844,66.26000213623047,562.935546875,6.369999885559082
2026-05-11,23.170000076293945,128.07000732421875,219.02064514160156,18.753463745117188,24.510000228881836,76.2300033569336,129.1999969482422,61.380001068115234,556.4791259765625,6.21999979019165
2026-05-12,22.3700008392334,127.62999725341797,218.19528198242188,18.684947967529297,24.610000610351562,73.72000122070312,131.2899932861328,60.4900016784668,534.7913208007812,6.21999979019165
2026-05-13,22.079999923706055,125.68000030517578,213.4220733642578,18.34237289428711,25.030000686645508,69.9000015258789,128.8800048828125,60.060001373291016,532.6224975585938,6.099999904632568
2026-05-14,21.610000610351562,125.8499984741211,220.22390747070312,17.569137573242188,25.149999618530273,69.52999877929688,127.87000274658203,61.90999984741211,534.5614013671875,6.179999828338623
2026-05-15,21.59000015258789,124.0199966430664,215.2716827392578,16.727384567260742,25.0,67.16999816894531,123.16999816894531,58.220001220703125,538.3892822265625,6.190000057220459
2026-05-18,21.90999984741211,124.1500015258789,209.2753448486328,15.86605453491211,25.780000686645508,66.0199966430664,120.72000122070312,59.2599983215332,529.7741088867188,6.380000114440918
2026-05-19,22.100000381469727,120.58000183105469,210.3692169189453,15.76817798614502,25.540000915527344,63.349998474121094,122.13999938964844,57.400001525878906,530.7035522460938,6.210000038146973
2026-05-20,22.549999237060547,124.16000366210938,217.9069061279297,16.521839141845703,25.010000228881836,64.91000366210938,133.16000366210938,64.72000122070312,539.1788330078125,6.199999809265137
2026-05-21,22.489999771118164,125.08000183105469,220.4923858642578,16.952503204345703,25.399999618530273,64.38999938964844,139.0800018310547,66.33999633789062,551.5419311523438,6.650000095367432
2026-05-22,21.959999084472656,125.55000305175781,229.94931030273438,17.383167266845703,25.1200008392334,68.27999877929688,136.4199981689453,67.06999969482422,561.4863891601562,7.909999847412109
2026-05-26,21.90999984741211,127.61000061035156,231.82876586914062,17.353803634643555,23.809999465942383,70.1500015258789,138.4600067138672,71.91999816894531,576.4280395507812,8.420000076293945
2026-05-27,21.68000030517578,131.91000366210938,217.98646545410156,19.037311553955078,25.06999969482422,73.0,143.5800018310547,73.16000366210938,589.500732421875,8.670000076293945
2026-05-28,21.68000030517578,131.08999633789062,225.0468292236328,19.928001403808594,24.530000686645508,73.48999786376953,149.14999389648438,72.75,608.3402099609375,8.779999732971191
2026-05-29,21.18000030517578,130.17999267578125,226.2998046875,19.59521484375,24.489999771118164,73.0,148.49000549316406,72.26000213623047,589.8805541992188,9.0
2026-06-01,21.360000610351562,129.02999877929688,215.7490234375,18.23470687866211,26.329999923706055,71.0,149.3300018310547,72.5999984741211,587.8616333007812,9.720000267028809
2026-06-02,20.920000076293945,127.12000274658203,213.54141235351562,18.322797775268555,25.299999237060547,65.5999984741211,156.1300048828125,72.31999969482422,592.3091430664062,10.319999694824219
2026-06-03,22.18000030517578,122.19999694824219,222.91876220703125,17.637651443481445,25.110000610351562,63.650001525878906,152.4499969482422,69.37999725341797,610.798828125,10.180000305175781
2026-06-04,22.270000457763672,125.58999633789062,216.3854522705078,17.559349060058594,25.3700008392334,66.19000244140625,153.25,72.48999786376953,613.1575317382812,10.34000015258789
2026-06-05,21.799999237060547,122.26000213623047,213.6309051513672,17.252506256103516,24.93000030517578,66.51000213623047,146.6300048828125,68.3499984741211,605.9315795898438,9.40999984741211
2026-06-08,22.260000228881836,123.56999969482422,212.18899536132812,18.113645553588867,24.780000686645508,69.44999694824219,146.8000030517578,67.1500015258789,611.7383422851562,9.289999961853027
2026-06-09,22.280000686645508,120.91000366210938,218.35438537597656,18.113645553588867,27.59000015258789,69.61000061035156,150.08999633789062,71.33999633789062,608.8499145507812,8.84000015258789
2026-06-10,22.420000076293945,116.94000244140625,213.77012634277344,17.93548011779785,28.790000915527344,67.25,148.69000244140625,68.66999816894531,582.2247924804688,8.819999694824219
2026-06-11,22.18000030517578,119.63999938964844,222.6999969482422,18.62835121154785,30.020000457763672,67.81999969482422,159.32000732421875,77.68000030517578,613.9370727539062,9.289999961853027
2026-06-12,21.770000457763672,143.66000366210938,220.99000549316406,19.202444076538086,29.0,64.0999984741211,153.0399932861328,77.58999633789062,609.6694946289062,9.1899995803833
2026-06-15,21.739999771118164,140.89999389648438,220.0399932861328,19.26183319091797,28.790000915527344,68.9000015258789,148.1199951171875,82.98999786376953,565.4641723632812,9.239999771118164
2026-06-16,21.459999084472656,137.9499969482422,225.88999938964844,20.855438232421875,28.510000228881836,70.04000091552734,146.91000366210938,83.16000366210938,550.7523803710938,9.170000076293945
2026-06-17,21.510000228881836,137.2899932861328,224.8300018310547,20.271446228027344,26.31999969482422,62.86000061035156,135.6699981689453,81.58999633789062,558.47802734375,8.829999923706055
2026-06-18,21.520000457763672,138.07000732421875,232.9600067138672,20.350631713867188,26.389999389648438,66.55999755859375,148.08999633789062,88.5199966430664,554.5502319335938,8.380000114440918
2026-06-22,21.139999389648438,135.1999969482422,238.57000732421875,19.43010139465332,25.649999618530273,66.66999816894531,146.7100067138672,85.04000091552734,569.0421142578125,8.789999961853027
2026-06-23,21.079999923706055,135.05499267578125,236.75,20.509002685546875,25.149999618530273,64.83000183105469,141.74000549316406,84.8499984741211,567.532958984375,8.819999694824219
2026-06-24,21.440000534057617,135.92999267578125,236.92999267578125,21.587902069091797,24.530000686645508,67.91000366210938,156.5399932861328,92.79000091552734,581.2053833007812,8.619999885559082
2026-06-25,21.010000228881836,134.72999572753906,237.2899932861328,21.597801208496094,23.100000381469727,66.19999694824219,159.9199981689453,93.5199966430664,580.8955078125,10.34000015258789
2026-06-26,21.760000228881836,135.39999389648438,239.1699981689453,22.62721061706543,25.700000762939453,62.349998474121094,159.0399932861328,94.47000122070312,577.6373901367188,11.399999618530273
2026-06-29,22.030000686645508,136.52999877929688,232.33999633789062,23.260692596435547,25.799999237060547,63.720001220703125,163.1999969482422,95.62999725341797,537.0800170898438,12.479999542236328
2026-06-30,22.079999923706055,138.13999938964844,226.80999755859375,22.894460678100586,25.260000228881836,65.81999969482422,164.72999572753906,92.41999816894531,528.4199829101562,12.649999618530273
2026-07-01,22.639999389648438,140.50999450683594,229.75999450683594,22.142200469970703,25.770000457763672,67.87000274658203,164.0500030517578,95.13999938964844,539.2100219726562,12.8100004196167
2026-07-02,22.81999969482422,142.42999267578125,236.17999267578125,21.736373901367188,25.889999389648438,68.5999984741211,169.0800018310547,94.5,547.2100219726562,11.510000228881836
2026-07-06,22.760000228881836,142.25999450683594,229.02000427246094,21.6967830657959,26.209999084472656,70.37999725341797,169.0,93.18000030517578,516.5800170898438,11.380000114440918
2026-07-07,22.200000762939453,141.2100067138672,223.1300048828125,20.41002082824707,26.90999984741211,67.48999786376953,163.6999969482422,93.25,521.4500122070312,11.100000381469727
2026-07-08,21.700000762939453,139.25,215.2100067138672,19.19254493713379,27.170000076293945,66.36000061035156,162.58999633789062,86.73999786376953,516.4199829101562,11.119999885559082
2026-07-09,21.950000762939453,140.25999450683594,217.32000732421875,19.727046966552734,26.290000915527344,67.12000274658203,168.3300018310547,90.29000091552734,510.3900146484375,11.430000305175781
2026-07-10,21.68000030517578,140.69000244140625,217.97999572753906,20.122974395751953,26.475000381469727,65.83000183105469,165.35000610351562,89.2300033569336,523.780029296875,10.970000267028809
2026-07-13,22.030000686645508,142.33999633789062,216.10000610351562,20.21205711364746,26.450000762939453,64.98999786376953,161.82000732421875,86.37000274658203,525.510009765625,10.710000038146973
2026-07-14,22.43000030517578,141.75999450683594,211.3699951171875,19.835927963256836,25.209999084472656,70.37999725341797,174.5500030517578,88.73999786376953,527.3900146484375,11.010000228881836
2026-07-15,22.260000228881836,143.32000732421875,208.88999938964844,20.449613571166992,25.25,70.58999633789062,190.25999450683594,91.66999816894531,536.5599975585938,10.640000343322754
2026-07-16,21.920000076293945,143.82000732421875,216.8800048828125,20.904930114746094,24.84000015258789,70.66000366210938,189.2100067138672,91.4800033569336,544.9199829101562,9.15999984741211
2026-07-17,21.889999389648438,144.42999267578125,217.36000061035156,20.6574764251709,24.940000534057617,67.33999633789062,187.8800048828125,89.30999755859375,550.9299926757812,8.989999771118164
2026-07-20,21.760000228881836,144.1300048828125,214.32000732421875,20.3011417388916,24.31999969482422,64.13999938964844,183.9499969482422,87.76000213623047,555.989990234375,8.829999923706055
2026-07-21,21.790000915527344,144.27000427246094,208.41000366210938,20.06358528137207,23.850000381469727,65.58000183105469,180.50999450683594,84.80999755859375,568.27001953125,8.989999771118164
2026-07-22,21.600000381469727,143.0800018310547,210.1300048828125,19.855722427368164,22.829999923706055,62.75,175.08999633789062,84.30000305175781,589.3300170898438,8.949999809265137
2026-07-23,21.350000381469727,141.6699981689453,204.36000061035156,19.143054962158203,22.809999465942383,60.189998626708984,166.0800018310547,82.68000030517578,560.969970703125,8.630000114440918
2026-07-24,21.170000076293945,141.97000122070312,206.0399932861328,19.69735336303711,23.010000228881836,60.459999084472656,174.50999450683594,84.18000030517578,568.0499877929688,8.539999961853027
2026-07-27,21.520000457763672,142.9199981689453,205.60000610351562,20.28134536743164,24.110000610351562,64.04000091552734,179.57000732421875,94.52999877929688,573.9500122070312,8.420000076293945
2026-07-28,22.15999984741211,143.91000366210938,211.3699951171875,20.291242599487305,24.6200008392334,66.06999969482422,177.67999267578125,94.54000091552734,588.9500122070312,8.09000015258789
2026-07-29,21.84000015258789,145.3300018310547,205.99000549316406,19.4993896484375,24.549999237060547,66.31999969482422,176.13999938964844,89.02999877929688,589.1500244140625,7.809999942779541
2026-07-30,21.8799991607666,145.08999633789062,199.91000366210938,19.746845245361328,23.719999313354492,61.439998626708984,166.2100067138672,89.77999877929688,602.3099975585938,8.4399995803833
2026-07-31,21.719999313354492,145.00999450683594,195.91000366210938,19.91511344909668,23.479999542236328,62.36000061035156,165.52000427246094,84.9000015258789,588.3400268554688,8.5
